symbol,trade_date,exchange,segment,trade_type,quantity,price,order_id,order_execution_time,strike_price,expiry_date,options_type,assets_type,entry_date,entry_time,exit_date,exit_time,breakeven_point,avg_buy_price,avg_sell_price,net_pnl,status,roi
OBEROIRLTY,2022-02-02,NSE,EQ,sell,200.0,962.0,1200000002063301,09:33:26,,,,cash,2022-02-02,09:22:28,2022-02-02,09:33:26,2,962.0,970.0,-1600.0,1,-0.0082
OBEROIRLTY,2022-04-12,NSE,EQ,sell,280.0,990.8,1200000001277424,09:22:33,,,,cash,2022-04-12,09:07:35,2022-04-12,09:22:33,3,990.8207142857142,1003.5,-3550.2,1,-0.0126
OBEROIRLTY,2022-09-13,NSE,EQ,sell,500.0,1066.55,1200000000783438,09:33:06,,,,cash,2022-09-13,09:07:45,2022-09-13,09:33:06,2,1066.55,1063.3,1625.0,0,0.0031
OBEROIRLTY,2022-09-13,NSE,EQ,buy,500.0,1053.15,1200000020470215,15:20:57,,,,cash,2022-09-13,15:02:59,2022-09-13,15:20:57,2,1053.45,1053.15,150.0,0,-0.0003
OBEROIRLTY,2022-10-11,NSE,EQ,sell,300.0,905.25,1200000009375935,11:26:54,,,,cash,2022-10-11,11:21:13,2022-10-11,11:26:54,2,905.25,902.15,930.0,0,0.0034
OBEROIRLTY,2022-10-11,NSE,EQ,sell,300.0,910.0,1200000010106358,11:57:23,,,,cash,2022-10-11,11:36:18,2022-10-11,11:57:23,2,910.0,905.2,1440.0,0,0.0053
COROMANDEL,2022-02-04,NSE,EQ,sell,300.0,830.8,1000000000926753,09:20:46,,,,cash,2022-02-04,09:15:20,2022-02-04,09:20:46,3,830.8,824.54,1878.0,0,0.0076
COROMANDEL,2022-03-21,NSE,EQ,sell,500.0,850.6,1000000002234333,09:33:10,,,,cash,2022-03-21,09:07:30,2022-03-21,09:33:10,3,850.6,853.8,-1600.0,1,-0.0037
COROMANDEL,2022-05-12,NSE,EQ,sell,760.0,883.5,1000000005540213,10:08:45,,,,cash,2022-05-12,09:07:36,2022-05-12,10:08:45,2,883.5,901.25,-13490.0,1,-0.0197
COROMANDEL,2022-05-18,NSE,EQ,sell,900.0,933.55,1000000005287046,10:18:10,,,,cash,2022-05-18,09:19:29,2022-05-18,10:18:10,5,942.2186666666668,952.4944444444444,-9248.2,1,-0.0108
COROMANDEL,2022-05-25,NSE,EQ,sell,660.0,963.15,1000000002506363,09:36:40,,,,cash,2022-05-25,09:07:35,2022-05-25,09:36:40,2,963.15,979.0,-10461.0,1,-0.0162
COROMANDEL,2022-08-25,NSE,EQ,buy,100.0,1024.0,1000000008209521,10:52:15,,,,cash,2022-08-25,10:28:16,2022-08-25,10:52:15,3,1016.95,1021.62,-467.0,1,0.0046
HINDCOPPER,2022-02-10,NSE,EQ,buy,600.0,142.3,1100000014251779,14:40:13,,,,cash,2022-02-10,13:38:40,2022-02-10,14:40:13,3,143.45,142.3,690.0,0,-0.008
HINDCOPPER,2022-04-20,NSE,EQ,sell,6600.0,124.55,1100000001339815,09:42:58,,,,cash,2022-04-20,09:07:08,2022-04-20,09:42:58,3,124.55,125.54848484848485,-6590.0,1,-0.008
ONGC,2022-02-11,NSE,EQ,sell,1300.0,168.15,1200000006464350,10:16:47,,,,cash,2022-02-11,09:19:09,2022-02-11,10:16:47,3,168.33461538461538,169.9,-2035.0,1,-0.0092
ONGC,2022-06-08,NSE,EQ,sell,2000.0,164.7,1200000003680376,13:29:14,,,,cash,2022-06-08,09:07:19,2022-06-08,13:29:14,2,164.7,163.5,2400.0,0,0.0073
ONGC,2022-09-30,NSE,EQ,sell,700.0,130.65,1200000010051032,10:56:42,,,,cash,2022-09-30,10:02:50,2022-09-30,10:56:42,8,130.9142857142857,131.69285714285715,-545.0,1,-0.0059
ABBOTINDIA,2022-02-17,NSE,EQ,sell,10.0,16800.0,1000000002395799,09:35:05,,,,cash,2022-02-17,09:15:02,2022-02-17,09:35:05,4,16800.0,17032.6,-2326.0,1,-0.0137
ABBOTINDIA,2022-06-03,NSE,EQ,sell,40.0,18400.0,1000000000461825,09:35:50,,,,cash,2022-06-03,09:07:34,2022-06-03,09:35:50,3,18400.0,18499.0,-3960.0,1,-0.0054
ABBOTINDIA,2022-06-30,NSE,EQ,sell,46.0,18805.0,1000000002280085,10:43:50,,,,cash,2022-06-30,09:22:01,2022-06-30,10:43:50,2,18805.0,18924.0,-5474.0,1,-0.0063
ABBOTINDIA,2022-09-28,NSE,EQ,sell,14.0,18162.5,1000000001936990,09:30:52,,,,cash,2022-09-28,09:21:50,2022-09-28,09:30:52,2,18162.5,18016.0,2051.0,0,0.0081
ABBOTINDIA,2022-09-29,NSE,EQ,sell,24.0,18900.0,1000000011490679,12:46:39,,,,cash,2022-09-29,11:21:36,2022-09-29,12:46:39,6,18900.0,18661.766666666666,5717.6,0,0.0128
ABBOTINDIA,2022-09-29,NSE,EQ,sell,30.0,19100.0,1000000018894959,14:46:02,,,,cash,2022-09-29,13:00:52,2022-09-29,14:46:02,3,19100.0,18986.666666666668,3400.0,0,0.006
ABBOTINDIA,2022-09-30,NSE,EQ,sell,52.0,18917.15,1000000002382583,09:30:37,,,,cash,2022-09-30,09:21:00,2022-09-30,09:30:37,2,18917.15,19181.1,-13725.4,1,-0.0138
GAIL,2022-03-03,NSE,EQ,sell,1200.0,155.75,1100000006855501,10:30:35,,,,cash,2022-03-03,09:07:03,2022-03-03,10:30:35,4,155.75,154.72666666666666,1228.0,0,0.0066
INTELLECT,2022-03-09,NSE,EQ,sell,300.0,722.55,1100000005601417,10:09:24,,,,cash,2022-03-09,09:07:42,2022-03-09,10:09:24,4,722.533,712.8166666666667,2914.9,0,0.0136
INTELLECT,2022-03-22,NSE,EQ,sell,320.0,800.6,1100000002175804,09:30:15,,,,cash,2022-03-22,09:15:00,2022-03-22,09:30:15,2,800.6,808.1,-2400.0,1,-0.0093
INTELLECT,2022-04-01,NSE,EQ,sell,20.0,931.7,1100000000495001,09:16:50,,,,cash,2022-04-01,09:15:02,2022-04-01,09:16:50,2,931.7,945.8,-282.0,1,-0.0149
INTELLECT,2022-05-31,NSE,EQ,sell,1100.0,672.75,1100000001064064,09:21:07,,,,cash,2022-05-31,09:07:05,2022-05-31,09:21:07,2,672.75,676.0,-3575.0,1,-0.0048
INTELLECT,2022-05-31,NSE,EQ,sell,1300.0,676.6,1100000001332531,09:45:33,,,,cash,2022-05-31,09:22:44,2022-05-31,09:45:33,4,676.6,669.9846153846154,8600.0,0,0.0099
NTPC,2022-03-09,NSE,EQ,sell,2200.0,132.7,1200000005184975,10:18:23,,,,cash,2022-03-09,09:17:23,2022-03-09,10:18:23,3,132.7,133.67727272727274,-2150.0,1,-0.0073
NTPC,2022-04-29,NSE,EQ,sell,2600.0,155.95,1200000019823548,15:20:52,,,,cash,2022-04-29,09:07:14,2022-04-29,15:20:52,2,155.95,160.4,-11570.0,1,-0.0277
NTPC,2022-08-17,NSE,EQ,buy,1052.0,162.1,1200000004251876,12:03:50,,,,cash,2022-08-17,09:58:40,2022-08-17,12:03:50,2,163.0,162.1,946.8,0,-0.0055
NTPC,2022-09-07,NSE,EQ,sell,6666.0,169.2,1200000001084432,09:23:34,,,,cash,2022-09-07,09:07:57,2022-09-07,09:23:34,2,169.2,168.5,4666.2,0,0.0042
BALRAMCHIN,2022-03-10,NSE,EQ,sell,566.0,444.8,1000000001733171,09:24:36,,,,cash,2022-03-10,09:07:43,2022-03-10,09:24:36,2,444.8,451.0,-3509.2,1,-0.0137
JKCEMENT,2022-03-10,NSE,EQ,sell,132.0,2400.0,1200000002534349,09:36:16,,,,cash,2022-03-10,09:07:43,2022-03-10,09:36:16,2,2400.0,2345.0,7260.0,0,0.0235
JKCEMENT,2022-03-10,NSE,EQ,buy,2.0,2325.85,1200000019600372,14:17:03,,,,cash,2022-03-10,14:16:17,2022-03-10,14:17:03,2,2322.0,2325.85,-7.7,1,0.0017
JKCEMENT,2022-09-09,NSE,EQ,sell,340.0,2974.5,1200000001221718,10:29:18,,,,cash,2022-09-09,09:07:03,2022-09-09,10:29:18,2,2974.5,2960.6,4726.0,0,0.0047
JKCEMENT,2022-09-12,NSE,EQ,sell,146.0,2818.6,1200000000847951,09:22:06,,,,cash,2022-09-12,09:07:30,2022-09-12,09:22:06,2,2818.6,2844.95,-3847.1,1,-0.0093
JKCEMENT,2022-09-21,NSE,EQ,sell,350.0,2918.0,1200000001345349,09:23:38,,,,cash,2022-09-21,09:15:19,2022-09-21,09:23:38,2,2918.0,2909.5,2975.0,0,0.0029
IOC,2022-03-11,NSE,EQ,sell,4296.0,123.15,1100000019362205,14:42:37,,,,cash,2022-03-11,09:15:00,2022-03-11,14:42:37,10,123.10747206703913,121.10065176908753,8621.3,0,0.0166
IOC,2022-03-23,NSE,EQ,sell,3200.0,121.25,1100000001224465,09:22:03,,,,cash,2022-03-23,09:07:43,2022-03-23,09:22:03,3,121.25,122.146875,-2870.0,1,-0.0073
IOC,2022-09-21,NSE,EQ,sell,1100.0,68.9,1100000016576178,12:56:00,,,,cash,2022-09-21,11:25:07,2022-09-21,12:56:00,3,68.9,68.84999999999998,55.0,0,0.0007
GRANULES,2022-03-14,NSE,EQ,sell,800.0,303.7,1100000009367987,11:14:03,,,,cash,2022-03-14,09:07:29,2022-03-14,11:14:03,4,305.099875,310.2,-4080.1,1,-0.0164
GRANULES,2022-05-30,NSE,EQ,sell,2360.0,271.2,1100000001037900,09:21:08,,,,cash,2022-05-30,09:15:00,2022-05-30,09:21:08,2,271.2,267.3,9204.0,0,0.0146
GRANULES,2022-08-03,NSE,EQ,sell,1000.0,314.4,1100000001360693,09:32:03,,,,cash,2022-08-03,09:21:15,2022-08-03,09:32:03,2,314.4,317.95,-3550.0,1,-0.0112
GRANULES,2022-08-18,NSE,EQ,sell,2500.0,324.15,1100000001715728,09:57:25,,,,cash,2022-08-18,09:07:40,2022-08-18,09:57:25,2,324.15,327.4,-8125.0,1,-0.0099
GRANULES,2022-09-19,NSE,EQ,sell,400.0,322.6,1100000008003882,10:27:29,,,,cash,2022-09-19,10:20:53,2022-09-19,10:27:29,3,322.775,325.75,-1190.0,1,-0.0091
GRANULES,2022-09-27,NSE,EQ,sell,1200.0,315.9,1100000021460401,14:27:57,,,,cash,2022-09-27,13:19:55,2022-09-27,14:27:57,5,316.19166666666666,318.73333333333335,-3050.0,1,-0.008
GRANULES,2022-09-30,NSE,EQ,sell,498.0,332.25,1100000003216073,09:35:03,,,,cash,2022-09-30,09:32:43,2022-09-30,09:35:03,5,332.6516064257028,334.83935742971886,-1089.5,1,-0.0065
GRANULES,2022-09-30,NSE,EQ,sell,1500.0,334.4,1100000008852089,10:44:26,,,,cash,2022-09-30,09:37:48,2022-09-30,10:44:26,14,334.54,335.67533333333336,-1703.0,1,-0.0034
GRANULES,2022-09-30,NSE,EQ,sell,2100.0,343.9,1100000017249745,12:31:19,,,,cash,2022-09-30,11:10:39,2022-09-30,12:31:19,12,342.6904761904762,340.28333333333336,5055.0,0,0.0071
GRANULES,2022-10-03,BSE,EQ,sell,1000.0,351.4,1664767800061083161,09:30:28,,,,cash,2022-10-03,09:18:57,2022-10-03,09:30:28,8,352.87,354.53,-1660.0,1,-0.0047
GRANULES,2022-10-03,BSE,EQ,sell,400.0,351.2,1664767800061141049,09:39:37,,,,cash,2022-10-03,09:32:16,2022-10-03,09:39:37,4,351.775,353.675,-760.0,1,-0.0054
GRANULES,2022-10-03,BSE,EQ,sell,1300.0,357.35,1664767800061332619,10:45:04,,,,cash,2022-10-03,10:22:23,2022-10-03,10:45:04,6,358.2730769230769,354.37692307692305,5065.0,0,0.011
GRANULES,2022-10-03,NSE,EQ,sell,800.0,353.4,1100000009576125,12:41:38,,,,cash,2022-10-03,10:46:32,2022-10-03,12:41:38,6,353.8,357.075,-2620.0,1,-0.0092
GRANULES,2022-10-21,NSE,EQ,sell,300.0,348.1,1100000007699425,10:34:01,,,,cash,2022-10-21,09:07:27,2022-10-21,10:34:01,2,348.1,350.85,-825.0,1,-0.0078
LAURUSLABS,2022-03-14,NSE,EQ,sell,380.0,588.75,1200000002590043,09:42:10,,,,cash,2022-03-14,09:07:29,2022-03-14,09:42:10,2,588.75,583.65,1938.0,0,0.0087
LAURUSLABS,2022-08-05,NSE,EQ,sell,856.0,550.85,1200000000492599,09:23:30,,,,cash,2022-08-05,09:07:55,2022-08-05,09:23:30,2,550.85,546.55,3680.8,0,0.0079
CUMMINSIND,2022-03-15,NSE,EQ,sell,380.0,1050.0,1000000002357203,09:32:47,,,,cash,2022-03-15,09:17:50,2022-03-15,09:32:47,3,1050.0,1035.221052631579,5616.0,0,0.0143
CUMMINSIND,2022-03-22,NSE,EQ,sell,220.0,1045.5,1000000000545653,09:18:16,,,,cash,2022-03-22,09:07:12,2022-03-22,09:18:16,2,1045.5,1059.3,-3036.0,1,-0.013
CUMMINSIND,2022-03-29,NSE,EQ,sell,360.0,1102.6,1000000001316260,09:23:57,,,,cash,2022-03-29,09:07:21,2022-03-29,09:23:57,2,1102.6,1114.95,-4446.0,1,-0.0111
CUMMINSIND,2022-10-31,NSE,EQ,sell,460.0,1318.0,1000000001589774,09:29:12,,,,cash,2022-10-31,09:07:19,2022-10-31,09:29:12,2,1318.0,1300.7,7958.0,0,0.0133
SRF,2022-03-16,NSE,EQ,sell,180.0,2442.0,1300000000945163,09:19:46,,,,cash,2022-03-16,09:07:53,2022-03-16,09:19:46,3,2442.0,2477.3,-6354.0,1,-0.0142
SRF,2022-05-04,NSE,EQ,buy,100.0,2500.0,1300000001044639,09:19:28,,,,cash,2022-05-04,09:16:33,2022-05-04,09:19:28,2,2504.8,2500.0,480.0,0,-0.0019
SRF,2022-08-30,NSE,EQ,sell,26.0,2538.0,1300000013926872,12:59:20,,,,cash,2022-08-30,12:53:36,2022-08-30,12:59:20,4,2538.0,2539.9076923076927,-49.6,1,-0.0008
SRF,2022-09-13,NSE,EQ,sell,10.0,2820.6,1300000021705486,15:20:55,,,,cash,2022-09-13,11:44:15,2022-09-13,15:20:55,4,2820.6,2840.52,-199.2,1,-0.007
VOLTAS,2022-03-16,NSE,EQ,sell,200.0,1288.1,1300000009470576,11:56:45,,,,cash,2022-03-16,11:33:11,2022-03-16,11:56:45,2,1288.1,1282.05,1210.0,0,0.0047
VOLTAS,2022-03-17,NSE,EQ,sell,160.0,1315.0,1300000002375060,09:31:46,,,,cash,2022-03-17,09:07:59,2022-03-17,09:31:46,2,1315.0,1303.0,1920.0,0,0.0092
HAL,2022-03-17,NSE,EQ,sell,160.0,1464.0,1100000001699868,11:19:53,,,,cash,2022-03-17,09:07:59,2022-03-17,11:19:53,2,1464.0,1486.0,-3520.0,1,-0.0148
HAL,2022-04-01,NSE,EQ,sell,400.0,1525.0,1100000002608497,09:37:30,,,,cash,2022-04-01,09:07:42,2022-04-01,09:37:30,2,1525.0,1492.0,13200.0,0,0.0221
HAL,2022-04-04,NSE,EQ,sell,500.0,1575.65,1100000013706437,11:51:09,,,,cash,2022-04-04,11:43:18,2022-04-04,11:51:09,2,1575.65,1565.0,5325.0,0,0.0068
HAL,2022-08-19,NSE,EQ,buy,100.0,2284.0,1100000001046948,09:30:25,,,,cash,2022-08-19,09:19:41,2022-08-19,09:30:25,2,2294.0,2284.0,1000.0,0,-0.0044
HAL,2022-11-03,NSE,EQ,sell,10.0,2527.0,1100000008189323,10:47:32,,,,cash,2022-11-03,10:28:07,2022-11-03,10:47:32,2,2527.0,2545.0,-180.0,1,-0.0071
TRENT,2022-03-21,NSE,EQ,sell,200.0,1262.5,1300000000924865,09:18:41,,,,cash,2022-03-21,09:07:30,2022-03-21,09:18:41,3,1262.5,1282.0,-3900.0,1,-0.0152
TRENT,2022-08-12,NSE,EQ,sell,760.0,1334.95,1300000000220017,09:18:58,,,,cash,2022-08-12,09:07:08,2022-08-12,09:18:58,2,1334.95,1347.0,-9158.0,1,-0.0089
TRENT,2022-08-16,NSE,EQ,sell,380.0,1400.0,1300000000637574,09:16:32,,,,cash,2022-08-16,09:07:12,2022-08-16,09:16:32,2,1400.0,1390.6,3572.0,0,0.0068
TRENT,2022-08-16,NSE,EQ,buy,110.0,1426.0,1300000007108791,11:13:24,,,,cash,2022-08-16,10:17:09,2022-08-16,11:13:24,2,1435.0,1426.0,990.0,0,-0.0063
TRENT,2022-09-13,NSE,EQ,sell,70.0,1436.85,1300000011367722,11:46:10,,,,cash,2022-09-13,10:36:20,2022-09-13,11:46:10,3,1437.6642857142858,1437.45,15.0,0,0.0001
CHAMBLFERT,2022-03-22,NSE,EQ,sell,740.0,428.8,1000000010636863,12:21:47,,,,cash,2022-03-22,09:15:36,2022-03-22,12:21:47,4,429.15135135135137,435.44594594594594,-4658.0,1,-0.0145
CHAMBLFERT,2022-03-30,NSE,EQ,sell,886.0,423.5,1000000001860222,10:18:47,,,,cash,2022-03-30,09:07:18,2022-03-30,10:18:47,3,423.5024830699774,428.05,-4029.1,1,-0.0106
CHAMBLFERT,2022-04-18,NSE,EQ,sell,2000.0,480.0,1000000001964275,10:42:06,,,,cash,2022-04-18,09:07:03,2022-04-18,10:42:06,3,480.0,475.26,9480.0,0,0.01
RAIN,2022-03-23,NSE,EQ,sell,1232.0,193.65,1300000001611389,09:25:11,,,,cash,2022-03-23,09:07:43,2022-03-23,09:25:11,3,193.65,195.3896103896104,-2143.2,1,-0.0089
RAIN,2022-03-28,NSE,EQ,sell,1600.0,202.85,1300000001195636,09:22:49,,,,cash,2022-03-28,09:07:04,2022-03-28,09:22:49,3,202.85,204.8,-3120.0,1,-0.0095
RAIN,2022-07-25,NSE,EQ,sell,1400.0,162.35,1300000002207193,09:36:14,,,,cash,2022-07-25,09:07:20,2022-07-25,09:36:14,2,162.35,162.05,420.0,0,0.0019
RAIN,2022-08-01,NSE,EQ,sell,1800.0,181.0,1300000001397310,09:20:39,,,,cash,2022-08-01,09:07:51,2022-08-01,09:20:39,2,181.0,182.8,-3240.0,1,-0.0098
ALKEM,2022-03-24,NSE,EQ,sell,70.0,3606.0,1000000000590853,09:18:28,,,,cash,2022-03-24,09:15:55,2022-03-24,09:18:28,2,3606.0,3665.0,-4130.0,1,-0.0161
WHIRLPOOL,2022-03-24,NSE,EQ,sell,140.0,1638.8,1300000002372557,09:34:36,,,,cash,2022-03-24,09:16:53,2022-03-24,09:34:36,2,1638.8,1647.0,-1148.0,1,-0.005
FSL,2022-03-25,NSE,EQ,sell,1200.0,133.8,1100000001303282,09:22:42,,,,cash,2022-03-25,09:07:06,2022-03-25,09:22:42,2,133.8,135.5,-2040.0,1,-0.0125
FSL,2022-09-12,NSE,EQ,sell,3600.0,117.7,1100000000691971,09:17:37,,,,cash,2022-09-12,09:07:30,2022-09-12,09:17:37,2,117.7,117.5,720.0,0,0.0017
ATUL,2022-03-28,NSE,EQ,sell,6.0,10008.0,1000000001210795,09:23:12,,,,cash,2022-03-28,09:15:06,2022-03-28,09:23:12,3,10009.25,10130.0,-724.5,1,-0.0119
ATUL,2022-09-13,NSE,EQ,sell,90.0,9701.0,1000000000217710,09:17:00,,,,cash,2022-09-13,09:07:45,2022-09-13,09:17:00,2,9701.0,9632.25,6187.5,0,0.0071
ACC,2022-03-30,NSE,EQ,sell,60.0,2172.65,1000000002455648,10:46:18,,,,cash,2022-03-30,09:07:18,2022-03-30,10:46:18,3,2172.4500000000003,2140.0,1947.0,0,0.0152
ACC,2022-09-07,NSE,EQ,sell,120.0,2445.0,1000000003726729,09:54:03,,,,cash,2022-09-07,09:38:32,2022-09-07,09:54:03,5,2445.0,2421.866666666667,2776.0,0,0.0096
ACC,2022-09-07,NSE,EQ,sell,40.0,2392.0,1000000009370677,11:15:39,,,,cash,2022-09-07,09:55:09,2022-09-07,11:15:39,5,2402.8,2434.575,-1271.0,1,-0.0131
ACC,2022-09-07,NSE,EQ,sell,130.0,2410.6,1000000022394809,14:26:45,,,,cash,2022-09-07,12:12:54,2022-09-07,14:26:45,6,2413.1,2416.076923076923,-387.0,1,-0.0012
ACC,2022-09-08,NSE,EQ,sell,400.0,2430.0,1000000001527225,09:28:36,,,,cash,2022-09-08,09:07:58,2022-09-08,09:28:36,3,2430.0,2420.8,3680.0,0,0.0038
ACC,2022-09-12,NSE,EQ,sell,178.0,2353.5,1000000000847149,09:22:27,,,,cash,2022-09-12,09:07:30,2022-09-12,09:22:27,2,2353.5,2375.0,-3827.0,1,-0.0091
ACC,2022-09-12,NSE,EQ,sell,100.0,2447.0,1000000009213850,13:12:55,,,,cash,2022-09-12,11:41:08,2022-09-12,13:12:55,7,2451.8,2457.535,-573.5,1,-0.0023
ACC,2022-09-14,NSE,EQ,sell,10.0,2662.65,1000000016870059,12:59:32,,,,cash,2022-09-14,11:20:33,2022-09-14,12:59:32,2,2662.65,2683.95,-213.0,1,-0.0079
ACC,2022-09-15,NSE,EQ,buy,362.0,2733.8,1000000000585076,09:21:19,,,,cash,2022-09-15,09:16:21,2022-09-15,09:21:19,2,2754.7,2733.8,7565.8,0,-0.0076
ACC,2022-09-21,NSE,EQ,sell,80.0,2612.0,1000000009049827,10:44:17,,,,cash,2022-09-21,10:38:38,2022-09-21,10:44:17,4,2612.5,2633.175,-1654.0,1,-0.0079
IPCALAB,2022-03-30,NSE,EQ,sell,340.0,1053.1,1100000001650820,09:26:17,,,,cash,2022-03-30,09:07:18,2022-03-30,09:26:17,3,1053.1111764705881,1064.85,-3991.2,1,-0.011
IPCALAB,2022-05-04,NSE,EQ,sell,200.0,1028.3,1100000001469231,09:27:49,,,,cash,2022-05-04,09:23:49,2022-05-04,09:27:49,2,1028.3,1024.4,780.0,0,0.0038
IPCALAB,2022-08-12,NSE,EQ,buy,534.0,928.7,1100000003101817,09:45:51,,,,cash,2022-08-12,09:41:47,2022-08-12,09:45:51,2,919.9,928.7,-4699.2,1,0.0096
IPCALAB,2022-08-22,NSE,EQ,sell,160.0,911.9,1100000002707436,09:57:25,,,,cash,2022-08-22,09:31:36,2022-08-22,09:57:25,2,911.9,903.9,1280.0,0,0.0089
IPCALAB,2022-11-02,NSE,EQ,sell,340.0,928.8,1100000000721098,09:18:33,,,,cash,2022-11-02,09:07:38,2022-11-02,09:18:33,2,928.8,924.65,1411.0,0,0.0045
TATACOMM,2022-03-31,NSE,EQ,sell,280.0,1226.5,1300000010417755,12:16:12,,,,cash,2022-03-31,11:58:01,2022-03-31,12:16:12,3,1226.1571428571428,1223.0,884.0,0,0.0026
TATACOMM,2022-04-08,NSE,EQ,sell,600.0,1344.7,1300000000492431,09:15:45,,,,cash,2022-04-08,09:07:13,2022-04-08,09:15:45,3,1344.7,1360.0,-9180.0,1,-0.0112
TATACOMM,2022-08-22,NSE,EQ,sell,740.0,1136.9,1300000001349396,09:21:51,,,,cash,2022-08-22,09:07:18,2022-08-22,09:21:51,3,1136.9,1128.4864864864865,6226.0,0,0.0075
TATACOMM,2022-08-22,NSE,EQ,buy,220.0,1157.2,1300000005312760,10:10:54,,,,cash,2022-08-22,09:39:48,2022-08-22,10:10:54,5,1158.918181818182,1158.8181818181818,22.0,0,-0.0001
PAGEIND,2022-04-01,NSE,EQ,sell,10.0,43224.9,1200000008910727,15:17:31,,,,cash,2022-04-01,09:15:01,2022-04-01,15:17:31,5,43101.340000000004,43117.9,-165.6,1,-0.0004
PAGEIND,2022-05-30,NSE,EQ,sell,8.0,45170.0,1200000020251721,15:20:54,,,,cash,2022-05-30,09:07:29,2022-05-30,15:20:54,2,45170.0,44636.05,4271.6,0,0.012
PAGEIND,2022-09-01,NSE,EQ,sell,12.0,51070.0,1200000001173960,10:12:36,,,,cash,2022-09-01,09:20:03,2022-09-01,10:12:36,3,51070.0,50957.375,1351.5,0,0.0022
MARICO,2022-04-01,NSE,EQ,sell,40.0,508.25,1200000001242851,09:23:38,,,,cash,2022-04-01,09:19:08,2022-04-01,09:23:38,2,508.25,507.8,18.0,0,0.0009
INDIACEM,2022-04-04,NSE,EQ,sell,1040.0,218.8,1100000002106322,09:31:01,,,,cash,2022-04-04,09:07:41,2022-04-04,09:31:01,3,218.8,220.44230769230768,-1708.0,1,-0.0075
INDIACEM,2022-08-23,NSE,EQ,buy,640.0,209.0,1100000008002026,10:35:14,,,,cash,2022-08-23,10:26:39,2022-08-23,10:35:14,2,209.85,209.0,544.0,0,-0.0041
INDIACEM,2022-09-16,NSE,EQ,sell,800.0,274.4,1100000016661179,13:01:04,,,,cash,2022-09-16,12:35:23,2022-09-16,13:01:04,3,274.4,277.9625,-2850.0,1,-0.0128
INDIACEM,2022-09-21,NSE,EQ,buy,500.0,276.2,1100000008881825,10:55:56,,,,cash,2022-09-21,10:42:02,2022-09-21,10:55:56,4,275.68,276.2,-260.0,1,0.0019
INDIACEM,2022-09-30,NSE,EQ,sell,3000.0,263.8,1100000020252711,13:19:28,,,,cash,2022-09-30,12:35:16,2022-09-30,13:19:28,3,263.8,261.56666666666666,6700.0,0,0.0085
ADANIPORTS,2022-04-05,NSE,EQ,sell,766.0,832.5,1000000002885442,09:39:08,,,,cash,2022-04-05,09:07:04,2022-04-05,09:39:08,4,832.1305483028721,840.0,-6028.0,1,-0.0094
GSPL,2022-04-05,NSE,EQ,sell,2384.0,281.1,1100000003979096,09:42:59,,,,cash,2022-04-05,09:07:04,2022-04-05,09:42:59,4,279.9955956375839,278.7340604026846,3007.5,0,0.0045
GSPL,2022-07-25,NSE,EQ,sell,900.0,237.15,1100000000622542,09:17:26,,,,cash,2022-07-25,09:15:00,2022-07-25,09:17:26,2,237.15,239.7,-2295.0,1,-0.0106
GSPL,2022-08-12,NSE,EQ,sell,4300.0,236.9,1100000000565955,09:19:44,,,,cash,2022-08-12,09:16:38,2022-08-12,09:19:44,2,236.9,235.8,4730.0,0,0.0047
GSPL,2022-08-16,NSE,EQ,sell,3000.0,247.85,1100000001588781,09:35:39,,,,cash,2022-08-16,09:17:32,2022-08-16,09:35:39,3,247.48333333333332,249.5,-6050.0,1,-0.0081
INDIAMART,2022-04-06,NSE,EQ,sell,94.0,5019.6,1100000000261373,09:15:38,,,,cash,2022-04-06,09:07:26,2022-04-06,09:15:38,2,5019.6,5069.8,-4718.8,1,-0.0099
INDIAMART,2022-04-26,NSE,EQ,sell,32.0,4950.0,1100000004385698,10:05:39,,,,cash,2022-04-26,10:02:10,2022-04-26,10:05:39,2,4950.0,4975.0,-800.0,1,-0.005
INDIAMART,2022-04-26,NSE,EQ,sell,20.0,5002.4,1100000004625100,14:57:07,,,,cash,2022-04-26,10:08:57,2022-04-26,14:57:07,2,5002.4,4963.95,769.0,0,0.0077
INDIAMART,2022-04-27,NSE,EQ,sell,120.0,5008.1,1100000002637123,09:34:56,,,,cash,2022-04-27,09:19:35,2022-04-27,09:34:56,2,5008.1,5027.0,-2268.0,1,-0.0038
INDIAMART,2022-05-30,NSE,EQ,sell,80.0,4624.45,1100000000450937,09:30:53,,,,cash,2022-05-30,09:07:29,2022-05-30,09:30:53,2,4624.45,4568.4,4484.0,0,0.0123
INDIAMART,2022-08-26,NSE,EQ,sell,140.0,4303.0,1100000001255542,09:23:16,,,,cash,2022-08-26,09:17:31,2022-08-26,09:23:16,4,4303.0,4324.0,-2940.0,1,-0.0049
INDIAMART,2022-09-05,NSE,EQ,sell,88.0,4735.0,1100000001083629,09:20:56,,,,cash,2022-09-05,09:17:08,2022-09-05,09:20:56,2,4735.0,4774.0,-3432.0,1,-0.0082
AMBUJACEM,2022-04-11,NSE,EQ,sell,800.0,345.5,1000000001899535,09:28:55,,,,cash,2022-04-11,09:07:32,2022-04-11,09:28:55,2,345.5,338.45,5640.0,0,0.0208
AMBUJACEM,2022-04-12,NSE,EQ,sell,1740.0,359.9,1000000002141677,09:34:59,,,,cash,2022-04-12,09:15:00,2022-04-12,09:34:59,2,359.9,364.25,-7569.0,1,-0.0119
AMBUJACEM,2022-08-17,NSE,EQ,sell,2500.0,401.65,1000000000662735,09:18:37,,,,cash,2022-08-17,09:07:13,2022-08-17,09:18:37,2,401.65,398.75,7250.0,0,0.0073
AMBUJACEM,2022-08-17,NSE,EQ,sell,770.0,403.95,1000000003911484,09:59:42,,,,cash,2022-08-17,09:56:42,2022-08-17,09:59:42,2,403.95,403.3,500.5,0,0.0016
AMBUJACEM,2022-08-22,NSE,EQ,buy,360.0,410.0,1000000006018770,14:42:27,,,,cash,2022-08-22,10:05:13,2022-08-22,14:42:27,5,416.7083333333333,412.6388888888889,1465.0,0,-0.0098
AMBUJACEM,2022-09-07,NSE,EQ,sell,2800.0,443.9,1000000000982867,09:19:41,,,,cash,2022-09-07,09:07:57,2022-09-07,09:19:41,2,443.9,440.05,10780.0,0,0.0087
AMBUJACEM,2022-09-07,NSE,EQ,sell,448.0,446.45,1000000002098801,09:32:29,,,,cash,2022-09-07,09:26:36,2022-09-07,09:32:29,2,446.45,442.9,1590.4,0,0.008
AMBUJACEM,2022-09-08,NSE,EQ,sell,1700.0,450.0,1000000000570102,09:18:35,,,,cash,2022-09-08,09:07:58,2022-09-08,09:18:35,3,450.0,453.95,-6715.0,1,-0.0087
AMBUJACEM,2022-09-19,NSE,EQ,sell,900.0,560.9,1000000009993125,10:48:13,,,,cash,2022-09-19,10:33:03,2022-09-19,10:48:13,8,561.0555555555555,561.7022222222222,-582.0,1,-0.0012
AMBUJACEM,2022-09-19,NSE,EQ,buy,80.0,557.05,1000000011544547,10:56:28,,,,cash,2022-09-19,10:52:38,2022-09-19,10:56:28,3,558.925,560.9,-158.0,1,0.0035
AMBUJACEM,2022-09-19,NSE,EQ,sell,200.0,560.25,1000000013756404,11:26:16,,,,cash,2022-09-19,10:58:36,2022-09-19,11:26:16,3,560.25,562.2,-390.0,1,-0.0035
AMBUJACEM,2022-09-19,NSE,EQ,sell,60.0,564.4,1000000016726504,12:08:30,,,,cash,2022-09-19,11:59:11,2022-09-19,12:08:30,3,564.4,566.7,-138.0,1,-0.0041
AMBUJACEM,2022-09-21,NSE,EQ,sell,1300.0,550.0,1000000019481839,13:45:02,,,,cash,2022-09-21,12:53:57,2022-09-21,13:45:02,13,545.3192307692308,544.3046153846154,1319.0,0,0.0019
AMBUJACEM,2022-09-22,NSE,EQ,sell,360.0,539.4,1000000010401658,10:54:21,,,,cash,2022-09-22,10:48:14,2022-09-22,10:54:21,4,539.3027777777778,540.0416666666666,-266.0,1,-0.0014
AMBUJACEM,2022-10-17,NSE,EQ,sell,600.0,508.15,1000000006612503,11:04:46,,,,cash,2022-10-17,10:30:22,2022-10-17,11:04:46,2,508.15,505.5,1590.0,0,0.0052
SYNGENE,2022-04-11,NSE,EQ,sell,1090.0,665.0,1300000020984871,15:20:58,,,,cash,2022-04-11,09:07:32,2022-04-11,15:20:58,3,666.9174311926605,654.8,13208.0,0,0.0185
SYNGENE,2022-07-14,NSE,EQ,sell,740.0,601.3,1300000000425079,09:25:45,,,,cash,2022-07-14,09:07:06,2022-07-14,09:25:45,2,601.3,595.0,4662.0,0,0.0106
TORNTPOWER,2022-04-13,NSE,EQ,sell,570.0,560.3,1300000004537007,10:18:27,,,,cash,2022-04-13,09:07:04,2022-04-13,10:18:27,2,560.3,548.5,6726.0,0,0.0215
TORNTPOWER,2022-04-19,NSE,EQ,sell,1500.0,566.4,1300000003214928,09:37:15,,,,cash,2022-04-19,09:07:32,2022-04-19,09:37:15,4,567.0533333333333,571.2033333333334,-6225.0,1,-0.0073
PIDILITIND,2022-04-13,NSE,EQ,sell,100.0,2368.35,1200000013551699,15:10:39,,,,cash,2022-04-13,12:53:44,2022-04-13,15:10:39,2,2368.35,2369.0,-65.0,1,-0.0003
PIDILITIND,2022-05-04,NSE,EQ,buy,90.0,2395.05,1200000000393070,09:16:24,,,,cash,2022-05-04,09:07:04,2022-05-04,09:16:24,2,2413.0,2395.05,1615.5,0,-0.0074
PIDILITIND,2022-08-05,NSE,EQ,sell,230.0,2602.55,1200000002098489,10:33:41,,,,cash,2022-08-05,09:31:30,2022-08-05,10:33:41,2,2602.55,2627.2,-5669.5,1,-0.0094
EICHERMOT,2022-04-21,NSE,EQ,sell,250.0,2565.5,1100000004606104,11:06:30,,,,cash,2022-04-21,09:29:11,2022-04-21,11:06:30,3,2565.5,2557.94,1890.0,0,0.003
EICHERMOT,2022-08-02,NSE,EQ,sell,56.0,3025.0,1100000002869137,09:33:58,,,,cash,2022-08-02,09:32:33,2022-08-02,09:33:58,2,3025.0,3001.0,1344.0,0,0.008
EICHERMOT,2022-08-29,NSE,EQ,buy,300.0,3291.0,1100000001362889,09:21:13,,,,cash,2022-08-29,09:16:02,2022-08-29,09:21:13,2,3265.0,3291.0,-7800.0,1,0.008
POLYCAB,2022-04-22,NSE,EQ,sell,120.0,2715.0,1200000014170727,13:43:17,,,,cash,2022-04-22,09:07:55,2022-04-22,13:43:17,2,2715.0,2758.8,-5256.0,1,-0.0159
POLYCAB,2022-07-29,NSE,EQ,sell,240.0,2320.6,1200000001049099,09:27:15,,,,cash,2022-07-29,09:07:23,2022-07-29,09:27:15,2,2320.6,2294.0,6384.0,0,0.0116
POLYCAB,2022-08-11,NSE,EQ,sell,310.0,2429.15,1200000000206233,09:45:57,,,,cash,2022-08-11,09:07:02,2022-08-11,09:45:57,2,2429.15,2446.05,-5239.0,1,-0.0069
COLPAL,2022-04-25,NSE,EQ,sell,420.0,1616.6,1000000015029772,13:16:56,,,,cash,2022-04-25,09:16:41,2022-04-25,13:16:56,6,1616.4785714285715,1603.557142857143,5427.0,0,0.0081
COLPAL,2022-08-29,NSE,EQ,sell,220.0,1634.0,1000000012596236,12:42:33,,,,cash,2022-08-29,12:03:16,2022-08-29,12:42:33,4,1635.209090909091,1642.5636363636363,-1618.0,1,-0.0045
COLPAL,2022-08-30,NSE,EQ,sell,344.0,1640.7,1000000004230746,10:10:26,,,,cash,2022-08-30,09:24:09,2022-08-30,10:10:26,3,1640.7,1642.8639534883719,-744.4,1,-0.0013
LALPATHLAB,2022-04-28,NSE,EQ,sell,120.0,2775.0,1200000000873409,09:19:47,,,,cash,2022-04-28,09:15:46,2022-04-28,09:19:47,2,2775.0,2809.0,-4080.0,1,-0.0121
LALPATHLAB,2022-09-14,NSE,EQ,buy,200.0,2408.1,1200000002508312,09:49:25,,,,cash,2022-09-14,09:24:49,2022-09-14,09:49:25,3,2408.765,2408.1,133.0,0,-0.0003
MFSL,2022-04-29,NSE,EQ,sell,700.0,772.15,1200000001135990,10:22:16,,,,cash,2022-04-29,09:07:14,2022-04-29,10:22:16,2,772.15,766.35,4060.0,0,0.0076
MFSL,2022-06-01,NSE,EQ,sell,500.0,811.45,1200000014430801,13:33:41,,,,cash,2022-06-01,13:13:19,2022-06-01,13:33:41,2,811.45,820.0,-4275.0,1,-0.0104
WIPRO,2022-05-02,NSE,EQ,buy,540.0,494.9,1300000019575728,15:18:05,,,,cash,2022-05-02,14:36:29,2022-05-02,15:18:05,2,493.95,494.9,-513.0,1,0.0019
WIPRO,2022-08-11,NSE,EQ,sell,1160.0,438.25,1300000005804858,15:16:13,,,,cash,2022-08-11,09:57:31,2022-08-11,15:16:13,2,438.25,438.0,290.0,0,0.0006
PETRONET,2022-05-05,NSE,EQ,sell,2000.0,218.9,1200000001532163,10:46:03,,,,cash,2022-05-05,09:25:21,2022-05-05,10:46:03,2,218.9,216.75,4300.0,0,0.0099
ABB,2022-05-10,NSE,EQ,sell,176.0,2224.7,1000000000757209,09:18:51,,,,cash,2022-05-10,09:15:34,2022-05-10,09:18:51,2,2224.7,2306.0,-14308.8,1,-0.0353
GNFC,2022-05-11,NSE,EQ,sell,380.0,737.0,1100000013721563,12:06:15,,,,cash,2022-05-11,09:07:45,2022-05-11,12:06:15,2,737.0,838.0,-38380.0,1,-0.1205
SUNPHARMA,2022-05-16,NSE,EQ,sell,460.0,891.8,1300000003007156,09:41:56,,,,cash,2022-05-16,09:18:35,2022-05-16,09:41:56,2,891.8,882.5,4278.0,0,0.0105
SUNPHARMA,2022-05-16,NSE,EQ,sell,200.0,893.8,1300000003887774,10:21:58,,,,cash,2022-05-16,09:47:49,2022-05-16,10:21:58,2,893.8,887.5,1260.0,0,0.0071
HONAUT,2022-05-17,NSE,EQ,sell,20.0,32155.0,1100000010496731,13:12:51,,,,cash,2022-05-17,09:07:30,2022-05-17,13:12:51,3,32160.6,32500.0,-6788.0,1,-0.0104
HONAUT,2022-08-18,NSE,EQ,sell,4.0,43827.0,1100000000859960,09:20:00,,,,cash,2022-08-18,09:07:40,2022-08-18,09:20:00,2,43827.0,43531.95,1180.2,0,0.0068
OFSS,2022-05-17,NSE,EQ,buy,60.0,3148.3,1200000001964147,09:36:27,,,,cash,2022-05-17,09:29:26,2022-05-17,09:36:27,2,3160.5,3148.3,732.0,0,-0.0039
PIIND,2022-05-19,NSE,EQ,sell,320.0,2634.35,1200000004198023,09:51:15,,,,cash,2022-05-19,09:35:26,2022-05-19,09:51:15,4,2635.5,2614.425,6744.0,0,0.0081
PIIND,2022-08-04,NSE,EQ,sell,144.0,3159.6,1200000001802449,09:38:29,,,,cash,2022-08-04,09:26:39,2022-08-04,09:38:29,2,3159.6,3191.65,-4615.2,1,-0.01
PIIND,2022-09-22,NSE,EQ,buy,160.0,3101.0,1200000016895612,12:48:47,,,,cash,2022-09-22,12:14:58,2022-09-22,12:48:47,4,3087.4375,3102.5,-2410.0,1,0.0049
MINDTREE,2022-05-24,NSE,EQ,buy,132.0,2896.0,1200000009475667,12:11:20,,,,cash,2022-05-24,11:25:24,2022-05-24,12:11:20,2,2878.9,2896.0,-2257.2,1,0.0059
SHREECEM,2022-05-27,NSE,EQ,sell,40.0,21944.35,1300000020074012,15:20:51,,,,cash,2022-05-27,09:07:52,2022-05-27,15:20:51,2,21944.35,21700.0,9774.0,0,0.0113
SHREECEM,2022-09-09,NSE,EQ,sell,2.0,25214.95,1300000011726511,11:51:30,,,,cash,2022-09-09,11:47:59,2022-09-09,11:51:30,2,25214.95,25158.0,113.9,0,0.0023
SHREECEM,2022-09-09,NSE,EQ,sell,4.0,24943.45,1300000016530116,13:20:13,,,,cash,2022-09-09,11:51:30,2022-09-09,13:20:13,4,25004.675000000003,25250.0,-981.3,1,-0.0097
TORNTPHARM,2022-05-27,NSE,EQ,sell,160.0,2947.25,1300000020075122,15:20:52,,,,cash,2022-05-27,09:07:52,2022-05-27,15:20:52,2,2947.25,2915.0,5160.0,0,0.0111
TORNTPHARM,2022-08-17,NSE,EQ,sell,360.0,1567.9,1300000002703175,09:35:40,,,,cash,2022-08-17,09:15:38,2022-08-17,09:35:40,3,1565.9444444444443,1573.7,-2792.0,1,-0.0049
TORNTPHARM,2022-09-30,NSE,EQ,sell,330.0,1558.9,1300000002682813,09:30:48,,,,cash,2022-09-30,09:07:08,2022-09-30,09:30:48,2,1558.9,1548.9,3300.0,0,0.0065
CROMPTON,2022-05-31,NSE,EQ,sell,908.0,355.25,1000000000762329,09:32:42,,,,cash,2022-05-31,09:07:05,2022-05-31,09:32:42,2,355.25,353.3999999999999,1679.8,0,0.0052
CROMPTON,2022-08-25,NSE,EQ,sell,60.0,408.5,1000000007952435,10:37:06,,,,cash,2022-08-25,10:33:19,2022-08-25,10:37:06,2,408.5,411.7,-192.0,1,-0.0078
CROMPTON,2022-08-25,NSE,EQ,buy,60.0,409.9,1000000008279484,10:38:55,,,,cash,2022-08-25,10:38:38,2022-08-25,10:38:55,2,409.95,409.9,3.0,0,-0.0001
CROMPTON,2022-08-25,NSE,EQ,sell,260.0,409.5,1000000019146144,13:25:19,,,,cash,2022-08-25,12:39:44,2022-08-25,13:25:19,3,409.5,412.15384615384613,-690.0,1,-0.0064
BALKRISIND,2022-06-01,NSE,EQ,sell,480.0,2353.6,1000000005747976,12:17:19,,,,cash,2022-06-01,09:07:15,2022-06-01,12:17:19,3,2353.6,2339.1666666666665,6928.0,0,0.0062
BALKRISIND,2022-08-03,NSE,EQ,sell,280.0,2439.0,1000000000700222,09:19:29,,,,cash,2022-08-03,09:07:20,2022-08-03,09:19:29,2,2439.0,2440.0,-280.0,1,-0.0004
MRF,2022-06-01,NSE,EQ,buy,2.0,76800.0,1200000004386110,09:57:34,,,,cash,2022-06-01,09:51:10,2022-06-01,09:57:34,2,77050.0,76800.0,500.0,0,-0.0032
MRF,2022-10-31,NSE,EQ,sell,8.0,90112.0,1200000001703260,09:24:27,,,,cash,2022-10-31,09:07:19,2022-10-31,09:24:27,2,90112.0,89368.3,5949.6,0,0.0083
ASTRAL,2022-06-01,NSE,EQ,sell,250.0,1799.95,1000000013337614,13:59:10,,,,cash,2022-06-01,13:10:43,2022-06-01,13:59:10,3,1799.95,1814.06,-3527.5,1,-0.0078
ASTRAL,2022-08-05,NSE,EQ,sell,240.0,1962.25,1000000004329707,10:30:31,,,,cash,2022-08-05,09:07:55,2022-08-05,10:30:31,3,1962.1916666666666,1980.4,-4370.0,1,-0.0092
ASTRAL,2022-09-08,NSE,EQ,sell,310.0,2472.85,1000000000689113,09:17:37,,,,cash,2022-09-08,09:07:58,2022-09-08,09:17:37,2,2472.85,2456.1,5192.5,0,0.0068
ASTRAL,2022-09-14,NSE,EQ,buy,140.0,2427.0,1000000001771933,09:27:22,,,,cash,2022-09-14,09:20:46,2022-09-14,09:27:22,2,2407.0,2427.0,-2800.0,1,0.0083
ASTRAL,2022-09-16,NSE,EQ,sell,270.0,2485.0,1000000003208445,09:35:18,,,,cash,2022-09-16,09:07:49,2022-09-16,09:35:18,2,2485.0,2505.45,-5521.5,1,-0.0082
METROPOLIS,2022-06-06,NSE,EQ,sell,170.0,1686.0,1200000000747949,09:18:52,,,,cash,2022-06-06,09:07:30,2022-06-06,09:18:52,2,1686.0,1654.45,5363.5,0,0.0191
METROPOLIS,2022-11-02,NSE,EQ,sell,180.0,1768.8,1200000000627762,09:17:17,,,,cash,2022-11-02,09:07:38,2022-11-02,09:17:17,2,1768.8,1770.0,-216.0,1,-0.0007
DALBHARAT,2022-06-09,NSE,EQ,sell,666.0,1279.0,1100000001874899,09:43:22,,,,cash,2022-06-09,09:29:59,2022-06-09,09:43:22,2,1279.0,1272.0,4662.0,0,0.0055
DALBHARAT,2022-09-08,NSE,EQ,sell,20.0,1634.9,1100000012725936,12:02:47,,,,cash,2022-09-08,12:00:01,2022-09-08,12:02:47,2,1634.9,1634.05,17.0,0,0.0005
DALBHARAT,2022-09-09,NSE,EQ,sell,600.0,1665.9,1100000000732403,09:24:38,,,,cash,2022-09-09,09:07:03,2022-09-09,09:24:38,2,1665.9,1654.0,7140.0,0,0.0072
DALBHARAT,2022-09-14,NSE,EQ,buy,30.0,1753.55,1100000017626356,13:14:05,,,,cash,2022-09-14,12:34:05,2022-09-14,13:14:05,4,1749.9,1753.6666666666667,-113.0,1,0.0022
BAJAJ-AUTO,2022-06-24,NSE,EQ,sell,250.0,3830.0,1000000000611853,09:35:14,,,,cash,2022-06-24,09:07:05,2022-06-24,09:35:14,2,3830.0,3800.8,7300.0,0,0.0077
BAJAJ-AUTO,2022-10-12,NSE,EQ,sell,130.0,3617.7,1000000019526679,13:49:44,,,,cash,2022-10-12,11:43:17,2022-10-12,13:49:44,5,3617.7,3632.6576923076923,-1944.5,1,-0.0041
MCX,2022-07-01,NSE,EQ,sell,200.0,1298.0,1200000004404454,10:05:34,,,,cash,2022-07-01,09:29:14,2022-07-01,10:05:34,2,1298.0,1314.0,-3200.0,1,-0.0122
MCX,2022-08-12,NSE,EQ,sell,760.0,1312.25,1200000001479856,09:28:59,,,,cash,2022-08-12,09:16:17,2022-08-12,09:28:59,2,1312.25,1319.0,-5130.0,1,-0.0051
BOSCHLTD,2022-07-04,NSE,EQ,sell,80.0,15705.0,1000000000791093,09:21:14,,,,cash,2022-07-04,09:15:18,2022-07-04,09:21:14,2,15705.0,15686.3,1496.0,0,0.0012
BOSCHLTD,2022-08-02,NSE,EQ,buy,30.0,17739.0,1000000001325849,09:24:17,,,,cash,2022-08-02,09:15:59,2022-08-02,09:24:17,2,17582.0,17739.0,-4710.0,1,0.0089
MANAPPURAM,2022-07-04,NSE,EQ,buy,1250.0,90.45,1200000006377651,12:15:49,,,,cash,2022-07-04,10:49:33,2022-07-04,12:15:49,2,91.15,90.45,875.0,0,-0.0077
SIEMENS,2022-07-07,NSE,EQ,sell,260.0,2643.35,1300000003501010,09:49:00,,,,cash,2022-07-07,09:07:21,2022-07-07,09:49:00,2,2643.35,2655.0,-3029.0,1,-0.0044
NAM-INDIA,2022-07-11,NSE,EQ,sell,1000.0,301.0,1200000010947016,13:18:52,,,,cash,2022-07-11,13:16:07,2022-07-11,13:18:52,2,301.0,299.8,1200.0,0,0.004
NAM-INDIA,2022-07-11,NSE,EQ,sell,2000.0,299.9,1200000015414217,15:18:43,,,,cash,2022-07-11,13:45:29,2022-07-11,15:18:43,2,299.9,297.7,4400.0,0,0.0074
NAM-INDIA,2022-08-24,NSE,EQ,buy,500.0,317.6,1200000006940646,10:24:40,,,,cash,2022-08-24,10:04:32,2022-08-24,10:24:40,2,317.3,317.6,-150.0,1,0.0009
PERSISTENT,2022-07-21,NSE,EQ,sell,118.0,3471.0,1200000000510471,09:17:28,,,,cash,2022-07-21,09:07:40,2022-07-21,09:17:28,2,3471.0,3515.0,-5192.0,1,-0.0125
PERSISTENT,2022-07-21,NSE,EQ,sell,44.0,3570.9,1200000003475843,10:17:54,,,,cash,2022-07-21,09:54:18,2022-07-21,10:17:54,2,3570.9,3552.65,803.0,0,0.0051
PERSISTENT,2022-10-06,NSE,EQ,buy,100.0,3508.0,1200000009849176,11:05:14,,,,cash,2022-10-06,10:50:44,2022-10-06,11:05:14,2,3492.0,3508.0,-1600.0,1,0.0046
AARTIIND,2022-07-22,NSE,EQ,sell,700.0,771.55,1000000002636270,09:40:50,,,,cash,2022-07-22,09:07:52,2022-07-22,09:40:50,2,771.55,781.2,-6755.0,1,-0.0124
AARTIIND,2022-07-22,NSE,EQ,sell,2.0,767.05,1000000008930493,12:06:04,,,,cash,2022-07-22,12:05:25,2022-07-22,12:06:04,2,767.05,766.4,1.3,0,0.0008
AARTIIND,2022-08-10,NSE,EQ,buy,680.0,815.0,1000000002497872,09:49:09,,,,cash,2022-08-10,09:34:41,2022-08-10,09:49:09,2,819.8,815.0,3264.0,0,-0.0059
RAMCOCEM,2022-07-25,NSE,EQ,sell,888.0,692.4,1300000000330429,09:15:29,,,,cash,2022-07-25,09:07:20,2022-07-25,09:15:29,2,692.4,700.0,-6748.8,1,-0.0109
DELTACORP,2022-07-26,NSE,EQ,sell,800.0,192.55,1100000005740209,10:47:35,,,,cash,2022-07-26,10:18:19,2022-07-26,10:47:35,2,192.55,193.6,-840.0,1,-0.0054
DELTACORP,2022-08-24,NSE,EQ,sell,200.0,214.8,1100000010369851,11:11:51,,,,cash,2022-08-24,10:54:58,2022-08-24,11:11:51,2,214.8,215.1,-60.0,1,-0.0014
DELTACORP,2022-09-02,NSE,EQ,sell,840.0,214.4,1100000013456089,12:04:48,,,,cash,2022-09-02,10:27:43,2022-09-02,12:04:48,5,214.4,215.54285714285714,-960.0,1,-0.0053
SPANDANA,2022-07-28,NSE,EQ,buy,400.0,442.0,1300000005673410,10:20:56,,,,cash,2022-07-28,10:11:34,2022-07-28,10:20:56,2,445.45,442.0,1380.0,0,-0.0077
BHARATFORG,2022-07-29,NSE,EQ,sell,760.0,739.3,1000000002545645,09:36:21,,,,cash,2022-07-29,09:07:23,2022-07-29,09:36:21,2,739.3,737.2,1596.0,0,0.0028
BHARATFORG,2022-07-29,NSE,EQ,buy,2.0,735.35,1000000014001316,13:52:47,,,,cash,2022-07-29,13:51:57,2022-07-29,13:52:47,2,735.0,735.35,-0.7,1,0.0005
BATAINDIA,2022-08-01,NSE,EQ,sell,180.0,1960.15,1000000000520054,09:23:18,,,,cash,2022-08-01,09:07:51,2022-08-01,09:23:18,2,1960.15,1977.95,-3204.0,1,-0.009
BATAINDIA,2022-08-01,NSE,EQ,sell,150.0,1954.15,1000000002545803,10:43:01,,,,cash,2022-08-01,09:24:36,2022-08-01,10:43:01,2,1954.15,1969.0,-2227.5,1,-0.0075
BATAINDIA,2022-08-04,NSE,EQ,buy,164.0,1905.5,1000000001885397,11:30:37,,,,cash,2022-08-04,09:29:25,2022-08-04,11:30:37,2,1918.0,1905.5,2050.0,0,-0.0065
BATAINDIA,2022-08-17,NSE,EQ,sell,260.0,1955.0,1000000001012368,09:22:43,,,,cash,2022-08-17,09:07:13,2022-08-17,09:22:43,2,1955.0,1971.25,-4225.0,1,-0.0082
BATAINDIA,2022-09-13,NSE,EQ,sell,10.0,1948.75,1000000010308147,11:41:25,,,,cash,2022-09-13,10:42:11,2022-09-13,11:41:25,2,1948.75,1971.5,-227.5,1,-0.0115
TATASTEEL,2022-08-01,NSE,EQ,sell,2800.0,111.35,1300000000582532,09:16:24,,,,cash,2022-08-01,09:07:51,2022-08-01,09:16:24,2,111.35,110.5,2380.0,0,0.0077
TATASTEEL,2022-08-12,NSE,EQ,sell,1000.0,111.15,1300000004796850,10:29:44,,,,cash,2022-08-12,09:51:16,2022-08-12,10:29:44,2,111.15,112.0,-850.0,1,-0.0076
TATASTEEL,2022-08-29,NSE,EQ,buy,600.0,104.6,1300000009770346,10:46:43,,,,cash,2022-08-29,10:45:13,2022-08-29,10:46:43,2,104.7,104.6,60.0,0,-0.001
NAVINFLUOR,2022-08-08,NSE,EQ,sell,110.0,4453.0,1200000004552434,10:01:37,,,,cash,2022-08-08,09:07:18,2022-08-08,10:01:37,3,4453.0,4497.0,-4840.0,1,-0.0098
NAVINFLUOR,2022-08-08,NSE,EQ,buy,110.0,4455.8,1200000020046389,15:20:57,,,,cash,2022-08-08,10:29:34,2022-08-08,15:20:57,2,4503.5,4455.8,5247.0,0,-0.0106
MGL,2022-08-08,NSE,EQ,sell,606.0,822.0,1200000001941040,09:29:12,,,,cash,2022-08-08,09:27:44,2022-08-08,09:29:12,2,822.0,817.0,3030.0,0,0.0061
MGL,2022-08-10,NSE,EQ,sell,1224.0,814.3,1200000000235796,09:16:29,,,,cash,2022-08-10,09:07:49,2022-08-10,09:16:29,3,814.3,822.0,-9424.8,1,-0.0094
MGL,2022-08-11,NSE,EQ,sell,576.0,853.2,1200000003002840,10:06:16,,,,cash,2022-08-11,09:38:16,2022-08-11,10:06:16,2,853.2,848.1,2937.6,0,0.006
MGL,2022-08-17,NSE,EQ,sell,140.0,909.0,1200000005755232,10:44:24,,,,cash,2022-08-17,10:21:57,2022-08-17,10:44:24,2,909.0,904.15,679.0,0,0.0054
HINDPETRO,2022-08-08,NSE,EQ,sell,2000.0,238.25,1100000002322661,09:41:53,,,,cash,2022-08-08,09:31:43,2022-08-08,09:41:53,2,238.25,236.65,3200.0,0,0.0068
HINDPETRO,2022-09-08,NSE,EQ,sell,660.0,250.4,1100000012988074,12:58:11,,,,cash,2022-09-08,12:01:57,2022-09-08,12:58:11,3,250.4,252.57272727272726,-1434.0,1,-0.0086
TATACHEM,2022-08-10,NSE,EQ,buy,440.0,1021.5,1300000002489844,09:32:00,,,,cash,2022-08-10,09:28:26,2022-08-10,09:32:00,2,1027.65,1021.5,2706.0,0,-0.006
TATACHEM,2022-08-10,NSE,EQ,buy,400.0,1043.0,1300000008333208,11:16:10,,,,cash,2022-08-10,10:58:43,2022-08-10,11:16:10,3,1037.3,1042.925,-2250.0,1,0.0054
TATACHEM,2022-08-19,NSE,EQ,buy,140.0,1166.0,1300000002962615,09:40:17,,,,cash,2022-08-19,09:31:57,2022-08-19,09:40:17,4,1154.6,1163.6214285714286,-1263.0,1,0.0078
TATACHEM,2022-08-19,NSE,EQ,sell,90.0,1180.0,1300000003335180,09:49:10,,,,cash,2022-08-19,09:41:27,2022-08-19,09:49:10,3,1180.0,1170.7,837.0,0,0.0079
TATACHEM,2022-09-13,NSE,EQ,sell,40.0,1182.6,1300000006817175,10:31:42,,,,cash,2022-09-13,10:28:36,2022-09-13,10:31:42,2,1182.6,1184.55,-78.0,1,-0.0016
TATACHEM,2022-09-29,NSE,EQ,buy,300.0,1091.0,1300000009477064,11:15:36,,,,cash,2022-09-29,10:52:23,2022-09-29,11:15:36,4,1100.3,1091.0,2790.0,0,-0.0085
DIVISLAB,2022-08-12,NSE,EQ,buy,400.0,3820.0,1100000004584267,10:27:16,,,,cash,2022-08-12,10:00:41,2022-08-12,10:27:16,4,3847.825,3836.3,4610.0,0,-0.003
DIVISLAB,2022-08-12,NSE,EQ,buy,100.0,3862.0,1100000012044039,12:29:00,,,,cash,2022-08-12,10:32:35,2022-08-12,12:29:00,4,3835.8,3862.0,-2620.0,1,0.0068
DIVISLAB,2022-08-12,NSE,EQ,buy,480.0,3719.35,1100000015291663,13:38:08,,,,cash,2022-08-12,12:33:23,2022-08-12,13:38:08,9,3763.9104166666666,3719.35,21389.0,0,-0.0118
APOLLOHOSP,2022-08-16,NSE,EQ,sell,116.0,4335.5,1000000002591888,09:59:01,,,,cash,2022-08-16,09:30:31,2022-08-16,09:59:01,2,4335.5,4307.0,3306.0,0,0.0066
ASIANPAINT,2022-08-16,NSE,EQ,buy,46.0,3478.35,1000000004424164,14:48:47,,,,cash,2022-08-16,09:52:16,2022-08-16,14:48:47,2,3493.85,3478.35,713.0,0,-0.0044
DRREDDY,2022-08-18,NSE,EQ,sell,50.0,4200.0,1100000003320217,09:45:45,,,,cash,2022-08-18,09:41:24,2022-08-18,09:45:45,2,4200.0,4187.95,602.5,0,0.0029
COFORGE,2022-08-19,NSE,EQ,sell,30.0,4016.0,1000000004285634,10:02:06,,,,cash,2022-08-19,09:53:17,2022-08-19,10:02:06,3,4016.0,4055.0,-1170.0,1,-0.0096
COFORGE,2022-09-22,NSE,EQ,sell,106.0,3425.0,1000000011014005,11:01:58,,,,cash,2022-09-22,10:57:57,2022-09-22,11:01:58,5,3425.0,3403.2830188679245,2302.0,0,0.0064
COFORGE,2022-09-22,NSE,EQ,sell,80.0,3378.85,1000000010947921,11:25:25,,,,cash,2022-09-22,11:02:44,2022-09-22,11:25:25,4,3390.825,3425.9,-2806.0,1,-0.0102
MPHASIS,2022-08-23,NSE,EQ,buy,50.0,2261.05,1200000007999474,10:48:10,,,,cash,2022-08-23,10:41:10,2022-08-23,10:48:10,2,2275.45,2261.05,720.0,0,-0.0063
LTTS,2022-08-23,NSE,EQ,buy,60.0,3569.5,1200000012498328,11:54:47,,,,cash,2022-08-23,10:57:13,2022-08-23,11:54:47,4,3543.1666666666665,3570.75,-1655.0,1,0.0078
SUNTV,2022-08-24,NSE,EQ,sell,280.0,503.15,1300000012531424,12:47:22,,,,cash,2022-08-24,11:25:50,2022-08-24,12:47:22,6,503.0857142857143,505.29285714285714,-618.0,1,-0.0044
NMDC,2022-08-24,NSE,EQ,buy,700.0,122.1,1200000017060685,13:45:29,,,,cash,2022-08-24,12:55:39,2022-08-24,13:45:29,3,121.55,122.1,-385.0,1,0.0045
BHEL,2022-08-25,NSE,EQ,buy,1000.0,57.95,1000000006896401,10:20:02,,,,cash,2022-08-25,10:16:04,2022-08-25,10:20:02,2,58.15,57.95,200.0,0,-0.0034
M&M,2022-08-26,NSE,EQ,sell,50.0,1287.4,1200000007228126,10:49:28,,,,cash,2022-08-26,10:32:40,2022-08-26,10:49:28,3,1287.4,1296.96,-478.0,1,-0.0074
BEL,2022-08-26,NSE,EQ,sell,320.0,306.3,1000000008031116,14:14:39,,,,cash,2022-08-26,11:10:18,2022-08-26,14:14:39,3,306.3,306.89375,-190.0,1,-0.0019
DABUR,2022-08-29,NSE,EQ,sell,70.0,573.8,1100000008780014,13:14:35,,,,cash,2022-08-29,10:52:37,2022-08-29,13:14:35,3,574.3,579.2,-343.0,1,-0.0085
RELIANCE,2022-08-30,NSE,EQ,sell,20.0,2622.0,1300000016501175,14:59:45,,,,cash,2022-08-30,13:02:12,2022-08-30,14:59:45,2,2622.0,2627.1,-102.0,1,-0.0019
RELIANCE,2022-09-01,NSE,EQ,sell,100.0,2575.0,1300000010358169,13:09:04,,,,cash,2022-09-01,10:38:19,2022-09-01,13:09:04,4,2575.0,2595.645,-2064.5,1,-0.008
RELIANCE,2022-09-19,NSE,EQ,sell,100.0,2494.0,1300000011891803,11:40:29,,,,cash,2022-09-19,11:01:19,2022-09-19,11:40:29,5,2495.06,2512.55,-1749.0,1,-0.007
RELIANCE,2022-09-19,NSE,EQ,sell,80.0,2514.7,1300000016954317,14:17:14,,,,cash,2022-09-19,12:05:14,2022-09-19,14:17:14,4,2514.7,2512.0,216.0,0,0.0011
RELIANCE,2022-09-27,NSE,EQ,sell,300.0,2404.9,1300000018627887,12:40:12,,,,cash,2022-09-27,11:42:31,2022-09-27,12:40:12,4,2404.9,2390.133333333333,4430.0,0,0.0062
RELIANCE,2022-09-27,NSE,EQ,sell,40.0,2408.25,1300000025870928,14:27:33,,,,cash,2022-09-27,13:25:15,2022-09-27,14:27:33,2,2408.25,2420.2,-478.0,1,-0.0049
ADANIENT,2022-09-02,NSE,EQ,sell,70.0,3263.0,1000000005777062,10:27:26,,,,cash,2022-09-02,09:34:07,2022-09-02,10:27:26,4,3263.0,3259.302857142857,258.8,0,0.0011
ADANIENT,2022-09-02,NSE,EQ,sell,40.0,3339.5,1000000017688215,13:09:01,,,,cash,2022-09-02,12:20:31,2022-09-02,13:09:01,5,3339.175,3356.75,-703.0,1,-0.0052
ADANIENT,2022-09-06,NSE,EQ,sell,90.0,3435.7,1000000019079715,14:18:27,,,,cash,2022-09-06,12:54:22,2022-09-06,14:18:27,6,3435.511111111111,3437.87,-212.3,1,-0.0007
ADANIENT,2022-09-15,NSE,EQ,sell,250.0,3729.95,1000000020348599,14:01:38,,,,cash,2022-09-15,12:40:05,2022-09-15,14:01:38,13,3700.304,3677.28,5756.0,0,0.0063
ADANIENT,2022-09-26,NSE,EQ,buy,20.0,3620.0,1000000016809739,12:40:00,,,,cash,2022-09-26,11:45:06,2022-09-26,12:40:00,3,3591.9,3613.05,-423.0,1,0.0059
AMARAJABAT,2022-09-05,NSE,EQ,sell,900.0,529.0,1000000008796299,11:31:32,,,,cash,2022-09-05,11:16:12,2022-09-05,11:31:32,4,529.0,532.7388888888889,-3365.0,1,-0.007
AMARAJABAT,2022-09-05,NSE,EQ,sell,1100.0,534.5,1000000019094239,14:38:32,,,,cash,2022-09-05,13:40:13,2022-09-05,14:38:32,7,537.2545454545455,535.8090909090909,1590.0,0,0.0027
EXIDEIND,2022-09-05,NSE,EQ,buy,70.0,168.8,1100000013347437,12:55:07,,,,cash,2022-09-05,12:49:45,2022-09-05,12:55:07,8,169.05714285714285,168.8357142857143,15.5,0,-0.0013
EXIDEIND,2022-09-06,NSE,EQ,sell,5800.0,174.0,1100000001209688,09:23:54,,,,cash,2022-09-06,09:16:36,2022-09-06,09:23:54,2,174.0,172.85,6670.0,0,0.0067
EXIDEIND,2022-09-20,NSE,EQ,sell,900.0,167.7,1100000008518513,12:09:44,,,,cash,2022-09-20,10:56:17,2022-09-20,12:09:44,5,167.83333333333334,168.97222222222223,-1025.0,1,-0.0067
DIXON,2022-09-06,NSE,EQ,sell,232.0,4205.0,1100000000382689,09:18:03,,,,cash,2022-09-06,09:07:06,2022-09-06,09:18:03,2,4205.0,4245.9,-9488.8,1,-0.0096
APOLLOTYRE,2022-09-06,NSE,EQ,buy,500.0,267.65,1000000009852641,11:10:25,,,,cash,2022-09-06,11:02:50,2022-09-06,11:10:25,3,267.62,267.65,-15.0,1,0.0001
APOLLOTYRE,2022-09-22,NSE,EQ,buy,1000.0,277.7,1000000015254898,12:09:23,,,,cash,2022-09-22,11:31:03,2022-09-22,12:09:23,4,278.95,277.7,1250.0,0,-0.0045
TATAPOWER,2022-09-06,NSE,EQ,sell,1100.0,245.9,1300000015946170,12:43:10,,,,cash,2022-09-06,11:14:09,2022-09-06,12:43:10,6,245.70909090909092,245.34545454545454,400.0,0,0.0015
TATAPOWER,2022-09-06,NSE,EQ,sell,1000.0,247.25,1300000024323177,15:10:17,,,,cash,2022-09-06,14:43:00,2022-09-06,15:10:17,5,247.55,247.2,350.0,0,0.0014
ULTRACEMCO,2022-09-08,NSE,EQ,sell,44.0,6880.0,1300000001570321,09:25:12,,,,cash,2022-09-08,09:21:53,2022-09-08,09:25:12,2,6880.0,6848.15,1401.4,0,0.0047
ULTRACEMCO,2022-09-09,NSE,EQ,buy,42.0,6943.0,1300000002758455,09:33:45,,,,cash,2022-09-09,09:32:08,2022-09-09,09:33:45,2,6958.0,6943.0,630.0,0,-0.0022
BSOFT,2022-09-12,NSE,EQ,sell,900.0,337.0,1000000008789193,13:35:27,,,,cash,2022-09-12,11:38:28,2022-09-12,13:35:27,4,337.4166666666667,340.1333333333333,-2445.0,1,-0.008
GODREJPROP,2022-09-13,NSE,EQ,sell,570.0,1453.5,1100000000632879,09:17:44,,,,cash,2022-09-13,09:07:45,2022-09-13,09:17:44,3,1454.7771929824562,1470.0,-8677.0,1,-0.0104
TATACONSUM,2022-09-14,NSE,EQ,sell,870.0,850.0,1300000000946133,09:18:39,,,,cash,2022-09-14,09:17:33,2022-09-14,09:18:39,2,850.0,847.4,2262.0,0,0.0031
VEDL,2022-09-14,NSE,EQ,sell,1060.0,300.0,1300000020026949,13:27:15,,,,cash,2022-09-14,11:27:30,2022-09-14,13:27:15,8,299.3207547169811,298.2754716981132,1108.0,0,0.0035
VEDL,2022-09-14,NSE,EQ,sell,600.0,304.0,1300000020723705,13:29:44,,,,cash,2022-09-14,13:29:02,2022-09-14,13:29:44,4,304.0,302.26666666666665,1040.0,0,0.0057
VEDL,2022-09-14,NSE,EQ,sell,500.0,309.0,1300000022096020,13:49:23,,,,cash,2022-09-14,13:30:57,2022-09-14,13:49:23,4,309.0,304.136,2432.0,0,0.016
VEDL,2022-09-14,NSE,EQ,sell,300.0,309.0,1300000022712527,14:02:32,,,,cash,2022-09-14,13:55:39,2022-09-14,14:02:32,3,309.0,313.76666666666665,-1430.0,1,-0.0152
VEDL,2022-09-15,NSE,EQ,sell,120.0,314.2,1300000001716974,09:36:55,,,,cash,2022-09-15,09:18:16,2022-09-15,09:36:55,3,314.2,317.21666666666664,-362.0,1,-0.0095
PVR,2022-09-15,NSE,EQ,sell,250.0,1844.05,1200000009892973,10:45:18,,,,cash,2022-09-15,09:57:44,2022-09-15,10:45:18,6,1843.672,1856.902,-3307.5,1,-0.0071
PVR,2022-09-16,NSE,EQ,buy,200.0,1780.0,1200000007216487,11:42:31,,,,cash,2022-09-16,10:16:49,2022-09-16,11:42:31,2,1790.3,1780.0,2060.0,0,-0.0058
NATIONALUM,2022-09-15,NSE,EQ,buy,2200.0,79.5,1200000016859052,12:29:41,,,,cash,2022-09-15,10:48:57,2022-09-15,12:29:41,5,79.64090909090909,79.5,310.0,0,-0.0018
ZEEL,2022-09-20,NSE,EQ,sell,1000.0,273.2,1300000008131573,10:43:59,,,,cash,2022-09-20,10:19:18,2022-09-20,10:43:59,6,273.1,274.715,-1615.0,1,-0.0059
HINDUNILVR,2022-09-21,NSE,EQ,sell,60.0,2632.8,1100000011949543,11:48:16,,,,cash,2022-09-21,11:08:14,2022-09-21,11:48:16,4,2633.5333333333333,2635.65,-127.0,1,-0.0008
INFY,2022-09-21,NSE,EQ,sell,260.0,1378.3,1100000023235463,14:49:21,,,,cash,2022-09-21,13:48:43,2022-09-21,14:49:21,6,1378.673076923077,1385.676923076923,-1821.0,1,-0.0051
INFY,2022-09-21,NSE,EQ,sell,60.0,1377.85,1100000023380220,14:51:35,,,,cash,2022-09-21,14:50:44,2022-09-21,14:51:35,2,1377.85,1377.4,27.0,0,0.0003
INFY,2022-10-17,NSE,EQ,sell,670.0,1478.0,1100000000551243,09:18:28,,,,cash,2022-10-17,09:07:34,2022-10-17,09:18:28,2,1478.0,1476.9,737.0,0,0.0007
ESCORTS,2022-09-30,NSE,EQ,sell,240.0,2075.7,1100000002681148,09:30:43,,,,cash,2022-09-30,09:07:08,2022-09-30,09:30:43,2,2075.7,2100.0,-5832.0,1,-0.0116
LUPIN,2022-09-30,NSE,EQ,sell,1000.0,674.75,1200000015754129,14:55:33,,,,cash,2022-09-30,12:37:41,2022-09-30,14:55:33,4,674.75,670.1,4650.0,0,0.0069
HINDALCO,2022-10-03,NSE,EQ,sell,1400.0,381.1,1100000004210993,09:42:16,,,,cash,2022-10-03,09:40:35,2022-10-03,09:42:16,6,381.1,380.29235714285716,1130.7,0,0.0021
HINDALCO,2022-10-03,NSE,EQ,sell,1600.0,383.0,1100000004142599,10:14:31,,,,cash,2022-10-03,09:42:34,2022-10-03,10:14:31,4,382.625,381.3125,2100.0,0,0.0034
GLENMARK,2022-10-03,NSE,EQ,sell,1400.0,401.7,1100000005121261,10:03:18,,,,cash,2022-10-03,09:48:26,2022-10-03,10:03:18,5,401.7,405.38928571428573,-5165.0,1,-0.0091
GLENMARK,2022-11-02,NSE,EQ,sell,1470.0,416.9,1100000001067840,09:27:47,,,,cash,2022-11-02,09:07:38,2022-11-02,09:27:47,2,416.9,414.35,3748.5,0,0.0062
GODREJCP,2022-10-07,NSE,EQ,buy,700.0,832.65,1100000007150638,10:55:31,,,,cash,2022-10-07,10:12:19,2022-10-07,10:55:31,4,839.0285714285715,832.65,4465.0,0,-0.0076
NAUKRI,2022-11-03,NSE,EQ,buy,10.0,3920.0,1200000006097920,12:30:30,,,,cash,2022-11-03,10:09:47,2022-11-03,12:30:30,4,3898.62,3914.54,-159.2,1,0.0041
ZYDUSLIFE,2022-12-22,NSE,EQ,sell,1000.0,423.0,1000000000884560,09:19:12,,,,cash,2022-12-22,09:07:09,2022-12-22,09:19:12,2,423.0,427.95,-4950.0,1,-0.0116
