,symbol,trade_date,exchange,segment,trade_type,quantity,price,order_id,order_execution_time,strike_price,expiry_date,options_type,assets_type
0,OBEROIRLTY,2022-02-02,NSE,EQ,sell,100.0,970.0,1200000001245669,2022-02-02T09:22:28,,,,cash
1,OBEROIRLTY,2022-02-02,NSE,EQ,buy,100.0,962.0,1200000002063301,2022-02-02T09:33:26,,,,cash
2,COROMANDEL,2022-02-04,NSE,EQ,sell,120.0,824.3,1000000000045849,2022-02-04T09:15:20,,,,cash
3,COROMANDEL,2022-02-04,NSE,EQ,sell,30.0,825.5,1000000000484475,2022-02-04T09:16:57,,,,cash
4,COROMANDEL,2022-02-04,NSE,EQ,buy,150.0,830.8,1000000000926753,2022-02-04T09:20:46,,,,cash
5,HINDCOPPER,2022-02-10,NSE,EQ,buy,250.0,143.45,1100000014179568,2022-02-10T13:38:40,,,,cash
6,HINDCOPPER,2022-02-10,NSE,EQ,buy,50.0,143.45,1100000014201454,2022-02-10T13:39:48,,,,cash
7,HINDCOPPER,2022-02-10,NSE,EQ,sell,300.0,142.3,1100000014251779,2022-02-10T14:40:13,,,,cash
8,ONGC,2022-02-11,NSE,EQ,sell,650.0,169.9,1200000000762411,2022-02-11T09:19:09,,,,cash
9,ONGC,2022-02-11,NSE,EQ,buy,200.0,168.75,1200000004891457,2022-02-11T09:58:51,,,,cash
10,ONGC,2022-02-11,NSE,EQ,buy,450.0,168.15,1200000006464350,2022-02-11T10:16:47,,,,cash
11,ABBOTINDIA,2022-02-17,NSE,EQ,sell,3.0,17010.0,1000000000042986,2022-02-17T09:15:02,,,,cash
12,ABBOTINDIA,2022-02-17,NSE,EQ,sell,1.0,17100.0,1000000000245015,2022-02-17T09:16:14,,,,cash
13,ABBOTINDIA,2022-02-17,NSE,EQ,sell,1.0,17033.0,1000000000446648,2022-02-17T09:17:54,,,,cash
14,ABBOTINDIA,2022-02-17,NSE,EQ,buy,5.0,16800.0,1000000002395799,2022-02-17T09:35:05,,,,cash
15,TATAMOTORS,2022-03-02,BSE,EQ,buy,15.0,447.85,1646202554713870666,2022-03-02T15:17:22,,,,cash
16,GAIL,2022-03-03,NSE,EQ,sell,360.0,154.75,1100000000052660,2022-03-03T09:07:03,,,,cash
17,GAIL,2022-03-03,NSE,EQ,sell,200.0,154.7,1100000003535468,2022-03-03T09:42:35,,,,cash
18,GAIL,2022-03-03,NSE,EQ,sell,40.0,154.65,1100000004379115,2022-03-03T09:51:36,,,,cash
19,GAIL,2022-03-03,NSE,EQ,buy,600.0,155.75,1100000006855501,2022-03-03T10:30:35,,,,cash
20,GAIL,2022-03-04,BSE,EQ,sell,50.0,159.0,1646364600088003337,2022-03-04T09:18:45,,,,cash
21,GAIL,2022-03-04,NSE,EQ,sell,500.0,159.1,1100000000056896,2022-03-04T09:18:51,,,,cash
22,POWERGRID,2022-03-04,BSE,EQ,sell,40.0,216.25,1646366027644136384,2022-03-04T09:27:00,,,,cash
23,GAIL,2022-03-04,NSE,EQ,buy,100.0,156.5,1100000001671842,2022-03-04T10:01:53,,,,cash
24,GAIL,2022-03-04,NSE,EQ,buy,400.0,157.3,1100000009985670,2022-03-04T10:56:18,,,,cash
25,GAIL,2022-03-08,NSE,EQ,sell,800.0,161.65,1100000000023542,2022-03-08T09:07:58,,,,cash
26,GAIL,2022-03-08,NSE,EQ,sell,200.0,162.4,1100000000471610,2022-03-08T09:16:26,,,,cash
27,GAIL,2022-03-08,NSE,EQ,buy,1000.0,159.75,1100000002343289,2022-03-08T09:29:42,,,,cash
28,INTELLECT,2022-03-09,NSE,EQ,sell,100.0,712.7,1100000000142983,2022-03-09T09:07:42,,,,cash
29,NTPC,2022-03-09,NSE,EQ,sell,800.0,133.8,1200000000141144,2022-03-09T09:17:23,,,,cash
30,INTELLECT,2022-03-09,NSE,EQ,sell,50.0,713.05,1100000001206459,2022-03-09T09:20:52,,,,cash
31,NTPC,2022-03-09,NSE,EQ,sell,300.0,133.35,1200000001841140,2022-03-09T09:29:28,,,,cash
32,INTELLECT,2022-03-09,NSE,EQ,buy,1.0,720.0,1100000004035045,2022-03-09T09:58:59,,,,cash
33,INTELLECT,2022-03-09,NSE,EQ,buy,149.0,722.55,1100000005601417,2022-03-09T10:09:24,,,,cash
34,NTPC,2022-03-09,NSE,EQ,buy,1100.0,132.7,1200000005184975,2022-03-09T10:18:23,,,,cash
35,BALRAMCHIN,2022-03-10,NSE,EQ,sell,283.0,451.0,1000000000118520,2022-03-10T09:07:43,,,,cash
36,JKCEMENT,2022-03-10,NSE,EQ,sell,66.0,2345.0,1200000000043425,2022-03-10T09:07:43,,,,cash
37,BALRAMCHIN,2022-03-10,NSE,EQ,buy,283.0,444.8,1000000001733171,2022-03-10T09:24:36,,,,cash
38,JKCEMENT,2022-03-10,NSE,EQ,buy,66.0,2400.0,1200000002534349,2022-03-10T09:36:16,,,,cash
39,JKCEMENT,2022-03-10,NSE,EQ,buy,1.0,2322.0,1200000002131597,2022-03-10T14:16:17,,,,cash
40,JKCEMENT,2022-03-10,NSE,EQ,sell,1.0,2325.85,1200000019600372,2022-03-10T14:17:03,,,,cash
41,IOC,2022-03-11,NSE,EQ,sell,1200.0,121.0,1100000000055077,2022-03-11T09:15:00,,,,cash
42,IOC,2022-03-11,NSE,EQ,sell,500.0,121.05,1100000000688306,2022-03-11T09:17:59,,,,cash
43,IOC,2022-03-11,NSE,EQ,sell,200.0,121.4,1100000001134218,2022-03-11T09:21:34,,,,cash
44,IOC,2022-03-11,NSE,EQ,sell,200.0,121.4,1100000001587051,2022-03-11T09:25:08,,,,cash
45,IOC,2022-03-11,NSE,EQ,sell,48.0,121.65,1100000009926450,2022-03-11T11:25:24,,,,cash
46,IOC,2022-03-11,NSE,EQ,buy,48.0,121.7,1100000009947187,2022-03-11T11:26:13,,,,cash
47,IOC,2022-03-11,NSE,EQ,buy,1.0,121.8,1100000008559938,2022-03-11T11:28:20,,,,cash
48,IOC,2022-03-11,NSE,EQ,buy,1.0,122.75,1100000013833218,2022-03-11T14:36:59,,,,cash
49,IOC,2022-03-11,NSE,EQ,buy,200.0,123.05,1100000019334087,2022-03-11T14:42:04,,,,cash
50,IOC,2022-03-11,NSE,EQ,buy,1898.0,123.15,1100000019362205,2022-03-11T14:42:37,,,,cash
51,GRANULES,2022-03-14,NSE,EQ,sell,400.0,310.2,1100000000062971,2022-03-14T09:07:29,,,,cash
52,LAURUSLABS,2022-03-14,NSE,EQ,sell,190.0,583.65,1200000000117452,2022-03-14T09:07:29,,,,cash
53,GRANULES,2022-03-14,NSE,EQ,buy,1.0,306.45,1100000000755407,2022-03-14T09:25:36,,,,cash
54,GRANULES,2022-03-14,NSE,EQ,buy,199.0,306.5,1100000002331688,2022-03-14T09:31:11,,,,cash
55,LAURUSLABS,2022-03-14,NSE,EQ,buy,190.0,588.75,1200000002590043,2022-03-14T09:42:10,,,,cash
56,GRANULES,2022-03-14,NSE,EQ,buy,200.0,303.7,1100000009367987,2022-03-14T11:14:03,,,,cash
57,CUMMINSIND,2022-03-15,NSE,EQ,sell,170.0,1035.0,1000000000526649,2022-03-15T09:17:50,,,,cash
58,CUMMINSIND,2022-03-15,NSE,EQ,sell,20.0,1037.1,1000000000802200,2022-03-15T09:19:31,,,,cash
59,CUMMINSIND,2022-03-15,NSE,EQ,buy,190.0,1050.0,1000000002357203,2022-03-15T09:32:47,,,,cash
60,SRF,2022-03-16,NSE,EQ,sell,70.0,2477.3,1300000000024564,2022-03-16T09:07:53,,,,cash
61,SRF,2022-03-16,NSE,EQ,sell,20.0,2477.3,1300000000024878,2022-03-16T09:07:53,,,,cash
62,SRF,2022-03-16,NSE,EQ,buy,90.0,2442.0,1300000000945163,2022-03-16T09:19:46,,,,cash
63,VOLTAS,2022-03-16,NSE,EQ,sell,100.0,1282.05,1300000009444293,2022-03-16T11:33:11,,,,cash
64,VOLTAS,2022-03-16,NSE,EQ,buy,100.0,1288.1,1300000009470576,2022-03-16T11:56:45,,,,cash
65,HAL,2022-03-17,NSE,EQ,sell,80.0,1486.0,1100000000051688,2022-03-17T09:07:59,,,,cash
66,VOLTAS,2022-03-17,NSE,EQ,sell,80.0,1303.0,1300000000096452,2022-03-17T09:07:59,,,,cash
67,VOLTAS,2022-03-17,NSE,EQ,buy,80.0,1315.0,1300000002375060,2022-03-17T09:31:46,,,,cash
68,HAL,2022-03-17,NSE,EQ,buy,80.0,1464.0,1100000001699868,2022-03-17T11:19:53,,,,cash
69,RPOWER,2022-03-17,NSE,EQ,sell,931.0,14.2,1300000011310181,2022-03-17T14:05:46,,,,cash
70,COROMANDEL,2022-03-21,NSE,EQ,sell,200.0,853.0,1000000000040084,2022-03-21T09:07:30,,,,cash
71,TRENT,2022-03-21,NSE,EQ,sell,50.0,1282.0,1300000000053894,2022-03-21T09:07:30,,,,cash
72,TRENT,2022-03-21,NSE,EQ,sell,50.0,1282.0,1300000000054400,2022-03-21T09:07:30,,,,cash
73,TRENT,2022-03-21,NSE,EQ,buy,100.0,1262.5,1300000000924865,2022-03-21T09:18:41,,,,cash
74,COROMANDEL,2022-03-21,NSE,EQ,sell,50.0,857.0,1000000001908685,2022-03-21T09:28:25,,,,cash
75,COROMANDEL,2022-03-21,NSE,EQ,buy,250.0,850.6,1000000002234333,2022-03-21T09:33:10,,,,cash
76,CUMMINSIND,2022-03-22,NSE,EQ,sell,110.0,1059.3,1000000000025668,2022-03-22T09:07:12,,,,cash
77,INTELLECT,2022-03-22,NSE,EQ,sell,160.0,808.1,1100000000025306,2022-03-22T09:15:00,,,,cash
78,CHAMBLFERT,2022-03-22,NSE,EQ,sell,270.0,434.0,1000000000025662,2022-03-22T09:15:36,,,,cash
79,CUMMINSIND,2022-03-22,NSE,EQ,buy,110.0,1045.5,1000000000545653,2022-03-22T09:18:16,,,,cash
80,CHAMBLFERT,2022-03-22,NSE,EQ,sell,100.0,439.35,1000000000881177,2022-03-22T09:20:51,,,,cash
81,INTELLECT,2022-03-22,NSE,EQ,buy,160.0,800.6,1100000002175804,2022-03-22T09:30:15,,,,cash
82,CHAMBLFERT,2022-03-22,NSE,EQ,buy,50.0,431.4,1000000002769550,2022-03-22T10:17:27,,,,cash
83,CHAMBLFERT,2022-03-22,NSE,EQ,buy,320.0,428.8,1000000010636863,2022-03-22T12:21:47,,,,cash
84,IOC,2022-03-23,NSE,EQ,sell,1100.0,121.85,1100000000051365,2022-03-23T09:07:43,,,,cash
85,RAIN,2022-03-23,NSE,EQ,sell,416.0,195.0,1300000000059907,2022-03-23T09:07:43,,,,cash
86,IOC,2022-03-23,NSE,EQ,sell,500.0,122.8,1100000000663628,2022-03-23T09:17:47,,,,cash
87,RAIN,2022-03-23,NSE,EQ,sell,200.0,196.2,1300000001066342,2022-03-23T09:20:29,,,,cash
88,IOC,2022-03-23,NSE,EQ,buy,1600.0,121.25,1100000001224465,2022-03-23T09:22:03,,,,cash
89,RAIN,2022-03-23,NSE,EQ,buy,616.0,193.65,1300000001611389,2022-03-23T09:25:11,,,,cash
90,ALKEM,2022-03-24,NSE,EQ,sell,35.0,3665.0,1000000000027667,2022-03-24T09:15:55,,,,cash
91,WHIRLPOOL,2022-03-24,NSE,EQ,sell,70.0,1647.0,1300000000055132,2022-03-24T09:16:53,,,,cash
92,ALKEM,2022-03-24,NSE,EQ,buy,35.0,3606.0,1000000000590853,2022-03-24T09:18:28,,,,cash
93,WHIRLPOOL,2022-03-24,NSE,EQ,buy,70.0,1638.8,1300000002372557,2022-03-24T09:34:36,,,,cash
94,FSL,2022-03-25,NSE,EQ,sell,600.0,135.5,1100000000030556,2022-03-25T09:07:06,,,,cash
95,FSL,2022-03-25,NSE,EQ,buy,600.0,133.8,1100000001303282,2022-03-25T09:22:42,,,,cash
96,RAIN,2022-03-28,NSE,EQ,sell,600.0,204.65,1300000000052229,2022-03-28T09:07:04,,,,cash
97,ATUL,2022-03-28,NSE,EQ,sell,3.0,10130.0,1000000000033506,2022-03-28T09:15:06,,,,cash
98,RAIN,2022-03-28,NSE,EQ,sell,200.0,205.25,1300000000767694,2022-03-28T09:18:51,,,,cash
99,ATUL,2022-03-28,NSE,EQ,buy,1.0,10011.75,1000000000727236,2022-03-28T09:19:04,,,,cash
100,RAIN,2022-03-28,NSE,EQ,buy,800.0,202.85,1300000001195636,2022-03-28T09:22:49,,,,cash
101,ATUL,2022-03-28,NSE,EQ,buy,2.0,10008.0,1000000001210795,2022-03-28T09:23:12,,,,cash
102,CUMMINSIND,2022-03-29,NSE,EQ,sell,180.0,1114.95,1000000000024909,2022-03-29T09:07:21,,,,cash
103,CUMMINSIND,2022-03-29,NSE,EQ,buy,180.0,1102.6,1000000001316260,2022-03-29T09:23:57,,,,cash
104,ACC,2022-03-30,NSE,EQ,sell,30.0,2140.0,1000000000030851,2022-03-30T09:07:18,,,,cash
105,CHAMBLFERT,2022-03-30,NSE,EQ,sell,443.0,428.05,1000000000030826,2022-03-30T09:07:18,,,,cash
106,IPCALAB,2022-03-30,NSE,EQ,sell,170.0,1064.85,1100000000039469,2022-03-30T09:07:18,,,,cash
107,IPCALAB,2022-03-30,NSE,EQ,buy,1.0,1055.0,1100000000928086,2022-03-30T09:24:21,,,,cash
108,IPCALAB,2022-03-30,NSE,EQ,buy,169.0,1053.1,1100000001650820,2022-03-30T09:26:17,,,,cash
109,CHAMBLFERT,2022-03-30,NSE,EQ,buy,1.0,424.6,1000000000875605,2022-03-30T09:27:28,,,,cash
110,ACC,2022-03-30,NSE,EQ,buy,1.0,2166.65,1000000001241179,2022-03-30T09:35:22,,,,cash
111,CHAMBLFERT,2022-03-30,NSE,EQ,buy,442.0,423.5,1000000001860222,2022-03-30T10:18:47,,,,cash
112,ACC,2022-03-30,NSE,EQ,buy,29.0,2172.65,1000000002455648,2022-03-30T10:46:18,,,,cash
113,TATACOMM,2022-03-31,NSE,EQ,sell,140.0,1223.0,1300000010276617,2022-03-31T11:58:01,,,,cash
114,TATACOMM,2022-03-31,NSE,EQ,buy,30.0,1224.9,1300000010310836,2022-03-31T11:58:43,,,,cash
115,TATACOMM,2022-03-31,NSE,EQ,buy,110.0,1226.5,1300000010417755,2022-03-31T12:16:12,,,,cash
116,HAL,2022-04-01,NSE,EQ,sell,200.0,1492.0,1100000000042302,2022-04-01T09:07:42,,,,cash
117,PAGEIND,2022-04-01,NSE,EQ,sell,2.0,43189.4,1200000000034142,2022-04-01T09:15:01,,,,cash
118,PAGEIND,2022-04-01,NSE,EQ,sell,1.0,43189.4,1200000000039016,2022-04-01T09:15:01,,,,cash
119,INTELLECT,2022-04-01,NSE,EQ,sell,10.0,945.8,1100000000051393,2022-04-01T09:15:02,,,,cash
120,INTELLECT,2022-04-01,NSE,EQ,buy,10.0,931.7,1100000000495001,2022-04-01T09:16:50,,,,cash
121,MARICO,2022-04-01,NSE,EQ,sell,20.0,507.8,1200000000676566,2022-04-01T09:19:08,,,,cash
122,MARICO,2022-04-01,NSE,EQ,buy,20.0,508.25,1200000001242851,2022-04-01T09:23:38,,,,cash
123,HAL,2022-04-01,NSE,EQ,buy,200.0,1525.0,1100000002608497,2022-04-01T09:37:30,,,,cash
124,PAGEIND,2022-04-01,NSE,EQ,sell,2.0,43010.65,1200000002707013,2022-04-01T09:39:52,,,,cash
125,PAGEIND,2022-04-01,NSE,EQ,buy,2.0,42916.0,1200000008178575,2022-04-01T11:16:30,,,,cash
126,ROUTE,2022-04-01,NSE,EQ,sell,10.0,1563.0,1300000014277127,2022-04-01T13:38:52,,,,cash
127,PAGEIND,2022-04-01,NSE,EQ,buy,3.0,43224.9,1200000008910727,2022-04-01T15:17:31,,,,cash
128,INDIACEM,2022-04-04,NSE,EQ,sell,200.0,220.75,1100000000076910,2022-04-04T09:07:41,,,,cash
129,INDIACEM,2022-04-04,NSE,EQ,sell,320.0,220.25,1100000001105891,2022-04-04T09:18:58,,,,cash
130,INDIACEM,2022-04-04,NSE,EQ,buy,520.0,218.8,1100000002106322,2022-04-04T09:31:01,,,,cash
131,HAL,2022-04-04,NSE,EQ,sell,250.0,1565.0,1100000013516033,2022-04-04T11:43:18,,,,cash
132,HAL,2022-04-04,NSE,EQ,buy,250.0,1575.65,1100000013706437,2022-04-04T11:51:09,,,,cash
133,ADANIPORTS,2022-04-05,NSE,EQ,sell,283.0,840.0,1000000000029547,2022-04-05T09:07:04,,,,cash
134,GSPL,2022-04-05,NSE,EQ,sell,842.0,278.0,1100000000036868,2022-04-05T09:07:04,,,,cash
135,GSPL,2022-04-05,NSE,EQ,buy,233.0,275.45,1100000000367396,2022-04-05T09:22:37,,,,cash
136,ADANIPORTS,2022-04-05,NSE,EQ,sell,100.0,840.0,1000000001983309,2022-04-05T09:29:17,,,,cash
137,ADANIPORTS,2022-04-05,NSE,EQ,buy,283.0,832.0,1000000000309658,2022-04-05T09:38:28,,,,cash
138,ADANIPORTS,2022-04-05,NSE,EQ,buy,100.0,832.5,1000000002885442,2022-04-05T09:39:08,,,,cash
139,GSPL,2022-04-05,NSE,EQ,sell,350.0,280.5,1100000003827815,2022-04-05T09:41:12,,,,cash
140,GSPL,2022-04-05,NSE,EQ,buy,959.0,281.1,1100000003979096,2022-04-05T09:42:59,,,,cash
141,INDIAMART,2022-04-06,NSE,EQ,sell,47.0,5069.8,1100000000058044,2022-04-06T09:07:26,,,,cash
142,INDIAMART,2022-04-06,NSE,EQ,buy,47.0,5019.6,1100000000261373,2022-04-06T09:15:38,,,,cash
143,TATACOMM,2022-04-08,NSE,EQ,sell,100.0,1360.0,1300000000071500,2022-04-08T09:07:13,,,,cash
144,TATACOMM,2022-04-08,NSE,EQ,sell,200.0,1360.0,1300000000067084,2022-04-08T09:07:13,,,,cash
145,TATACOMM,2022-04-08,NSE,EQ,buy,300.0,1344.7,1300000000492431,2022-04-08T09:15:45,,,,cash
146,AMBUJACEM,2022-04-11,NSE,EQ,sell,400.0,338.45,1000000000038343,2022-04-11T09:07:32,,,,cash
147,SYNGENE,2022-04-11,NSE,EQ,sell,545.0,654.8,1300000000066976,2022-04-11T09:07:32,,,,cash
148,SYNGENE,2022-04-11,NSE,EQ,buy,100.0,675.45,1300000001788247,2022-04-11T09:24:11,,,,cash
149,AMBUJACEM,2022-04-11,NSE,EQ,buy,400.0,345.5,1000000001899535,2022-04-11T09:28:55,,,,cash
150,SYNGENE,2022-04-11,NSE,EQ,buy,445.0,665.0,1300000020984871,2022-04-11T15:20:58,,,,cash
151,OBEROIRLTY,2022-04-12,NSE,EQ,sell,140.0,1003.5,1200000000085201,2022-04-12T09:07:35,,,,cash
152,AMBUJACEM,2022-04-12,NSE,EQ,sell,870.0,364.25,1000000000010265,2022-04-12T09:15:00,,,,cash
153,OBEROIRLTY,2022-04-12,NSE,EQ,buy,1.0,993.7,1200000000757633,2022-04-12T09:21:45,,,,cash
154,OBEROIRLTY,2022-04-12,NSE,EQ,buy,139.0,990.8,1200000001277424,2022-04-12T09:22:33,,,,cash
155,AMBUJACEM,2022-04-12,NSE,EQ,buy,870.0,359.9,1000000002141677,2022-04-12T09:34:59,,,,cash
156,TORNTPOWER,2022-04-13,NSE,EQ,sell,285.0,548.5,1300000000034437,2022-04-13T09:07:04,,,,cash
157,TORNTPOWER,2022-04-13,NSE,EQ,buy,285.0,560.3,1300000004537007,2022-04-13T10:18:27,,,,cash
158,PIDILITIND,2022-04-13,NSE,EQ,sell,50.0,2369.0,1200000013465595,2022-04-13T12:53:44,,,,cash
159,PIDILITIND,2022-04-13,NSE,EQ,buy,50.0,2368.35,1200000013551699,2022-04-13T15:10:39,,,,cash
160,CHAMBLFERT,2022-04-18,NSE,EQ,sell,600.0,475.0,1000000000037227,2022-04-18T09:07:03,,,,cash
161,CHAMBLFERT,2022-04-18,NSE,EQ,sell,400.0,475.65,1000000001023438,2022-04-18T09:20:43,,,,cash
162,CHAMBLFERT,2022-04-18,NSE,EQ,buy,1000.0,480.0,1000000001964275,2022-04-18T10:42:06,,,,cash
163,TORNTPOWER,2022-04-19,NSE,EQ,sell,700.0,571.2,1300000000068553,2022-04-19T09:07:32,,,,cash
164,TORNTPOWER,2022-04-19,NSE,EQ,sell,50.0,571.25,1300000000371934,2022-04-19T09:15:48,,,,cash
165,TORNTPOWER,2022-04-19,NSE,EQ,buy,700.0,567.1,1300000000316577,2022-04-19T09:21:12,,,,cash
166,TORNTPOWER,2022-04-19,NSE,EQ,buy,50.0,566.4,1300000003214928,2022-04-19T09:37:15,,,,cash
167,HINDCOPPER,2022-04-20,NSE,EQ,sell,2500.0,125.5,1100000000062282,2022-04-20T09:07:08,,,,cash
168,HINDCOPPER,2022-04-20,NSE,EQ,sell,800.0,125.7,1100000000998191,2022-04-20T09:19:16,,,,cash
169,HINDCOPPER,2022-04-20,NSE,EQ,buy,3300.0,124.55,1100000001339815,2022-04-20T09:42:58,,,,cash
170,EICHERMOT,2022-04-21,NSE,EQ,sell,75.0,2557.9,1100000001876457,2022-04-21T09:29:11,,,,cash
171,EICHERMOT,2022-04-21,NSE,EQ,sell,50.0,2558.0,1100000002208566,2022-04-21T09:32:36,,,,cash
172,EICHERMOT,2022-04-21,NSE,EQ,buy,125.0,2565.5,1100000004606104,2022-04-21T11:06:30,,,,cash
173,POLYCAB,2022-04-22,NSE,EQ,sell,60.0,2758.8,1200000000016357,2022-04-22T09:07:55,,,,cash
174,POLYCAB,2022-04-22,NSE,EQ,buy,60.0,2715.0,1200000014170727,2022-04-22T13:43:17,,,,cash
175,COLPAL,2022-04-25,NSE,EQ,sell,80.0,1602.4,1000000000042100,2022-04-25T09:16:41,,,,cash
176,COLPAL,2022-04-25,NSE,EQ,sell,40.0,1597.0,1000000001123037,2022-04-25T09:20:32,,,,cash
177,COLPAL,2022-04-25,NSE,EQ,sell,50.0,1607.5,1000000002262103,2022-04-25T09:30:17,,,,cash
178,COLPAL,2022-04-25,NSE,EQ,sell,40.0,1607.5,1000000013003270,2022-04-25T12:34:53,,,,cash
179,COLPAL,2022-04-25,NSE,EQ,buy,170.0,1616.45,1000000002557435,2022-04-25T13:16:35,,,,cash
180,COLPAL,2022-04-25,NSE,EQ,buy,40.0,1616.6,1000000015029772,2022-04-25T13:16:56,,,,cash
181,INDIAMART,2022-04-26,NSE,EQ,sell,16.0,4975.0,1100000004216646,2022-04-26T10:02:10,,,,cash
182,INDIAMART,2022-04-26,NSE,EQ,buy,16.0,4950.0,1100000004385698,2022-04-26T10:05:39,,,,cash
183,INDIAMART,2022-04-26,NSE,EQ,sell,10.0,4963.95,1100000004556574,2022-04-26T10:08:57,,,,cash
184,INDIAMART,2022-04-26,NSE,EQ,buy,10.0,5002.4,1100000004625100,2022-04-26T14:57:07,,,,cash
185,INDIAMART,2022-04-27,NSE,EQ,sell,60.0,5027.0,1100000000927232,2022-04-27T09:19:35,,,,cash
186,INDIAMART,2022-04-27,NSE,EQ,buy,60.0,5008.1,1100000002637123,2022-04-27T09:34:56,,,,cash
187,LALPATHLAB,2022-04-28,NSE,EQ,sell,60.0,2809.0,1200000000014408,2022-04-28T09:15:46,,,,cash
188,LALPATHLAB,2022-04-28,NSE,EQ,buy,60.0,2775.0,1200000000873409,2022-04-28T09:19:47,,,,cash
189,MFSL,2022-04-29,NSE,EQ,sell,350.0,766.35,1200000000034305,2022-04-29T09:07:14,,,,cash
190,NTPC,2022-04-29,NSE,EQ,sell,1300.0,160.4,1200000000034281,2022-04-29T09:07:14,,,,cash
191,MFSL,2022-04-29,NSE,EQ,buy,350.0,772.15,1200000001135990,2022-04-29T10:22:16,,,,cash
192,TATAMOTORS,2022-04-29,BSE,EQ,sell,40.0,439.3,1651203000046975856,2022-04-29T10:33:00,,,,cash
193,NTPC,2022-04-29,NSE,EQ,buy,1300.0,155.95,1200000019823548,2022-04-29T15:20:52,,,,cash
194,WIPRO,2022-05-02,NSE,EQ,buy,270.0,493.95,1300000019521541,2022-05-02T14:36:29,,,,cash
195,WIPRO,2022-05-02,NSE,EQ,sell,270.0,494.9,1300000019575728,2022-05-02T15:18:05,,,,cash
196,PIDILITIND,2022-05-04,NSE,EQ,buy,45.0,2413.0,1200000000033635,2022-05-04T09:07:04,,,,cash
197,PIDILITIND,2022-05-04,NSE,EQ,sell,45.0,2395.05,1200000000393070,2022-05-04T09:16:24,,,,cash
198,SRF,2022-05-04,NSE,EQ,buy,50.0,2504.8,1300000000057845,2022-05-04T09:16:33,,,,cash
199,SRF,2022-05-04,NSE,EQ,sell,50.0,2500.0,1300000001044639,2022-05-04T09:19:28,,,,cash
200,IPCALAB,2022-05-04,NSE,EQ,sell,100.0,1024.4,1100000001423763,2022-05-04T09:23:49,,,,cash
201,IPCALAB,2022-05-04,NSE,EQ,buy,100.0,1028.3,1100000001469231,2022-05-04T09:27:49,,,,cash
202,PETRONET,2022-05-05,NSE,EQ,sell,1000.0,216.75,1200000001459815,2022-05-05T09:25:21,,,,cash
203,PETRONET,2022-05-05,NSE,EQ,buy,1000.0,218.9,1200000001532163,2022-05-05T10:46:03,,,,cash
204,ABB,2022-05-10,NSE,EQ,sell,88.0,2306.0,1000000000035391,2022-05-10T09:15:34,,,,cash
205,ABB,2022-05-10,NSE,EQ,buy,88.0,2224.7,1000000000757209,2022-05-10T09:18:51,,,,cash
206,GNFC,2022-05-11,NSE,EQ,sell,190.0,838.0,1100000000025602,2022-05-11T09:07:45,,,,cash
207,GNFC,2022-05-11,NSE,EQ,buy,190.0,737.0,1100000013721563,2022-05-11T12:06:15,,,,cash
208,COROMANDEL,2022-05-12,NSE,EQ,sell,380.0,901.25,1000000000039154,2022-05-12T09:07:36,,,,cash
209,COROMANDEL,2022-05-12,NSE,EQ,buy,380.0,883.5,1000000005540213,2022-05-12T10:08:45,,,,cash
210,SUNPHARMA,2022-05-16,NSE,EQ,sell,230.0,882.5,1300000000052732,2022-05-16T09:18:35,,,,cash
211,SUNPHARMA,2022-05-16,NSE,EQ,buy,230.0,891.8,1300000003007156,2022-05-16T09:41:56,,,,cash
212,SUNPHARMA,2022-05-16,NSE,EQ,sell,100.0,887.5,1300000003804253,2022-05-16T09:47:49,,,,cash
213,SUNPHARMA,2022-05-16,NSE,EQ,buy,100.0,893.8,1300000003887774,2022-05-16T10:21:58,,,,cash
214,HONAUT,2022-05-17,NSE,EQ,sell,10.0,32500.0,1100000000038000,2022-05-17T09:07:30,,,,cash
215,OFSS,2022-05-17,NSE,EQ,buy,30.0,3160.5,1200000000043893,2022-05-17T09:29:26,,,,cash
216,OFSS,2022-05-17,NSE,EQ,sell,30.0,3148.3,1200000001964147,2022-05-17T09:36:27,,,,cash
217,HONAUT,2022-05-17,NSE,EQ,buy,1.0,32211.0,1100000002545064,2022-05-17T12:16:37,,,,cash
218,HONAUT,2022-05-17,NSE,EQ,buy,9.0,32155.0,1100000010496731,2022-05-17T13:12:51,,,,cash
219,COROMANDEL,2022-05-18,NSE,EQ,sell,100.0,953.0,1000000000785351,2022-05-18T09:19:29,,,,cash
220,COROMANDEL,2022-05-18,NSE,EQ,buy,200.0,953.0,1000000000902735,2022-05-18T09:20:27,,,,cash
221,COROMANDEL,2022-05-18,NSE,EQ,sell,350.0,952.35,1000000000943726,2022-05-18T09:20:46,,,,cash
222,COROMANDEL,2022-05-18,NSE,EQ,buy,2.0,939.0,1000000002046793,2022-05-18T10:01:17,,,,cash
223,COROMANDEL,2022-05-18,NSE,EQ,buy,248.0,933.55,1000000005287046,2022-05-18T10:18:10,,,,cash
224,PIIND,2022-05-19,NSE,EQ,sell,80.0,2609.0,1200000002782793,2022-05-19T09:35:26,,,,cash
225,PIIND,2022-05-19,NSE,EQ,sell,50.0,2611.15,1200000003385882,2022-05-19T09:41:29,,,,cash
226,PIIND,2022-05-19,NSE,EQ,buy,160.0,2635.5,1200000003120373,2022-05-19T09:50:42,,,,cash
227,PIIND,2022-05-19,NSE,EQ,sell,30.0,2634.35,1200000004198023,2022-05-19T09:51:15,,,,cash
228,MINDTREE,2022-05-24,NSE,EQ,buy,66.0,2878.9,1200000009351786,2022-05-24T11:25:24,,,,cash
229,MINDTREE,2022-05-24,NSE,EQ,sell,66.0,2896.0,1200000009475667,2022-05-24T12:11:20,,,,cash
230,COROMANDEL,2022-05-25,NSE,EQ,sell,330.0,979.0,1000000000007121,2022-05-25T09:07:35,,,,cash
231,COROMANDEL,2022-05-25,NSE,EQ,buy,330.0,963.15,1000000002506363,2022-05-25T09:36:40,,,,cash
232,SHREECEM,2022-05-27,NSE,EQ,sell,20.0,21700.0,1300000000018648,2022-05-27T09:07:52,,,,cash
233,TORNTPHARM,2022-05-27,NSE,EQ,sell,80.0,2915.0,1300000000018650,2022-05-27T09:07:52,,,,cash
234,SHREECEM,2022-05-27,NSE,EQ,buy,20.0,21944.35,1300000020074012,2022-05-27T15:20:51,,,,cash
235,TORNTPHARM,2022-05-27,NSE,EQ,buy,80.0,2947.25,1300000020075122,2022-05-27T15:20:52,,,,cash
236,INDIAMART,2022-05-30,NSE,EQ,sell,40.0,4568.4,1100000000034378,2022-05-30T09:07:29,,,,cash
237,PAGEIND,2022-05-30,NSE,EQ,sell,4.0,44636.05,1200000000027088,2022-05-30T09:07:29,,,,cash
238,GRANULES,2022-05-30,NSE,EQ,sell,1180.0,267.3,1100000000034696,2022-05-30T09:15:00,,,,cash
239,GRANULES,2022-05-30,NSE,EQ,buy,1180.0,271.2,1100000001037900,2022-05-30T09:21:08,,,,cash
240,INDIAMART,2022-05-30,NSE,EQ,buy,40.0,4624.45,1100000000450937,2022-05-30T09:30:53,,,,cash
241,PAGEIND,2022-05-30,NSE,EQ,buy,4.0,45170.0,1200000020251721,2022-05-30T15:20:54,,,,cash
242,CROMPTON,2022-05-31,NSE,EQ,sell,454.0,353.4,1000000000092855,2022-05-31T09:07:05,,,,cash
243,INTELLECT,2022-05-31,NSE,EQ,sell,550.0,676.0,1100000000122474,2022-05-31T09:07:05,,,,cash
244,INTELLECT,2022-05-31,NSE,EQ,buy,550.0,672.75,1100000001064064,2022-05-31T09:21:07,,,,cash
245,INTELLECT,2022-05-31,NSE,EQ,sell,500.0,669.0,1100000001131614,2022-05-31T09:22:44,,,,cash
246,INTELLECT,2022-05-31,NSE,EQ,sell,100.0,673.9,1100000002006847,2022-05-31T09:29:53,,,,cash
247,INTELLECT,2022-05-31,NSE,EQ,sell,50.0,672.0,1100000002088072,2022-05-31T09:30:46,,,,cash
248,CROMPTON,2022-05-31,NSE,EQ,buy,454.0,355.25,1000000000762329,2022-05-31T09:32:42,,,,cash
249,INTELLECT,2022-05-31,NSE,EQ,buy,650.0,676.6,1100000001332531,2022-05-31T09:45:33,,,,cash
250,BALKRISIND,2022-06-01,NSE,EQ,sell,140.0,2340.0,1000000000017674,2022-06-01T09:07:15,,,,cash
251,BALKRISIND,2022-06-01,NSE,EQ,sell,100.0,2338.0,1000000000694414,2022-06-01T09:18:27,,,,cash
252,MRF,2022-06-01,NSE,EQ,buy,1.0,77050.0,1200000003847566,2022-06-01T09:51:10,,,,cash
253,MRF,2022-06-01,NSE,EQ,sell,1.0,76800.0,1200000004386110,2022-06-01T09:57:34,,,,cash
254,BALKRISIND,2022-06-01,NSE,EQ,buy,240.0,2353.6,1000000005747976,2022-06-01T12:17:19,,,,cash
255,ASTRAL,2022-06-01,NSE,EQ,sell,100.0,1814.1,1000000013148233,2022-06-01T13:10:43,,,,cash
256,ASTRAL,2022-06-01,NSE,EQ,sell,25.0,1813.9,1000000013167443,2022-06-01T13:11:28,,,,cash
257,MFSL,2022-06-01,NSE,EQ,sell,250.0,820.0,1200000013553149,2022-06-01T13:13:19,,,,cash
258,MFSL,2022-06-01,NSE,EQ,buy,250.0,811.45,1200000014430801,2022-06-01T13:33:41,,,,cash
259,ASTRAL,2022-06-01,NSE,EQ,buy,125.0,1799.95,1000000013337614,2022-06-01T13:59:10,,,,cash
260,ABBOTINDIA,2022-06-03,NSE,EQ,sell,10.0,18450.0,1000000000035387,2022-06-03T09:07:34,,,,cash
261,ABBOTINDIA,2022-06-03,NSE,EQ,sell,10.0,18548.0,1000000000305778,2022-06-03T09:16:26,,,,cash
262,ABBOTINDIA,2022-06-03,NSE,EQ,buy,20.0,18400.0,1000000000461825,2022-06-03T09:35:50,,,,cash
263,METROPOLIS,2022-06-06,NSE,EQ,sell,85.0,1654.45,1200000000029904,2022-06-06T09:07:30,,,,cash
264,METROPOLIS,2022-06-06,NSE,EQ,buy,85.0,1686.0,1200000000747949,2022-06-06T09:18:52,,,,cash
265,ONGC,2022-06-08,NSE,EQ,sell,1000.0,163.5,1200000000019867,2022-06-08T09:07:19,,,,cash
266,ONGC,2022-06-08,NSE,EQ,buy,1000.0,164.7,1200000003680376,2022-06-08T13:29:14,,,,cash
267,DALBHARAT,2022-06-09,NSE,EQ,sell,333.0,1272.0,1100000001794299,2022-06-09T09:29:59,,,,cash
268,DALBHARAT,2022-06-09,NSE,EQ,buy,333.0,1279.0,1100000001874899,2022-06-09T09:43:22,,,,cash
269,BAJAJ-AUTO,2022-06-24,NSE,EQ,sell,125.0,3800.8,1000000000009774,2022-06-24T09:07:05,,,,cash
270,BAJAJ-AUTO,2022-06-24,NSE,EQ,buy,125.0,3830.0,1000000000611853,2022-06-24T09:35:14,,,,cash
271,ABBOTINDIA,2022-06-30,NSE,EQ,sell,23.0,18924.0,1000000000838304,2022-06-30T09:22:01,,,,cash
272,ABBOTINDIA,2022-06-30,NSE,EQ,buy,23.0,18805.0,1000000002280085,2022-06-30T10:43:50,,,,cash
273,MCX,2022-07-01,NSE,EQ,sell,100.0,1314.0,1200000001761197,2022-07-01T09:29:14,,,,cash
274,MCX,2022-07-01,NSE,EQ,buy,100.0,1298.0,1200000004404454,2022-07-01T10:05:34,,,,cash
275,BOSCHLTD,2022-07-04,NSE,EQ,sell,40.0,15686.3,1000000000020085,2022-07-04T09:15:18,,,,cash
276,BOSCHLTD,2022-07-04,NSE,EQ,buy,40.0,15705.0,1000000000791093,2022-07-04T09:21:14,,,,cash
277,MANAPPURAM,2022-07-04,NSE,EQ,buy,625.0,91.15,1200000006336050,2022-07-04T10:49:33,,,,cash
278,MANAPPURAM,2022-07-04,NSE,EQ,sell,625.0,90.45,1200000006377651,2022-07-04T12:15:49,,,,cash
279,SIEMENS,2022-07-07,NSE,EQ,sell,130.0,2655.0,1300000000131194,2022-07-07T09:07:21,,,,cash
280,SIEMENS,2022-07-07,NSE,EQ,buy,130.0,2643.35,1300000003501010,2022-07-07T09:49:00,,,,cash
281,NAM-INDIA,2022-07-11,NSE,EQ,sell,500.0,299.8,1200000010827250,2022-07-11T13:16:07,,,,cash
282,NAM-INDIA,2022-07-11,NSE,EQ,buy,500.0,301.0,1200000010947016,2022-07-11T13:18:52,,,,cash
283,NAM-INDIA,2022-07-11,NSE,EQ,sell,1000.0,297.7,1200000011914709,2022-07-11T13:45:29,,,,cash
284,NAM-INDIA,2022-07-11,NSE,EQ,buy,1000.0,299.9,1200000015414217,2022-07-11T15:18:43,,,,cash
285,SYNGENE,2022-07-14,NSE,EQ,sell,370.0,595.0,1300000000020666,2022-07-14T09:07:06,,,,cash
286,SYNGENE,2022-07-14,NSE,EQ,buy,370.0,601.3,1300000000425079,2022-07-14T09:25:45,,,,cash
287,PERSISTENT,2022-07-21,NSE,EQ,sell,59.0,3515.0,1200000000040824,2022-07-21T09:07:40,,,,cash
288,PERSISTENT,2022-07-21,NSE,EQ,buy,59.0,3471.0,1200000000510471,2022-07-21T09:17:28,,,,cash
289,PERSISTENT,2022-07-21,NSE,EQ,sell,22.0,3552.65,1200000003341780,2022-07-21T09:54:18,,,,cash
290,PERSISTENT,2022-07-21,NSE,EQ,buy,22.0,3570.9,1200000003475843,2022-07-21T10:17:54,,,,cash
291,AARTIIND,2022-07-22,NSE,EQ,sell,350.0,781.2,1000000000036511,2022-07-22T09:07:52,,,,cash
292,AARTIIND,2022-07-22,NSE,EQ,buy,350.0,771.55,1000000002636270,2022-07-22T09:40:50,,,,cash
293,AARTIIND,2022-07-22,NSE,EQ,sell,1.0,766.4,1000000008895901,2022-07-22T12:05:25,,,,cash
294,AARTIIND,2022-07-22,NSE,EQ,buy,1.0,767.05,1000000008930493,2022-07-22T12:06:04,,,,cash
295,RAIN,2022-07-25,NSE,EQ,sell,700.0,162.05,1300000000049432,2022-07-25T09:07:20,,,,cash
296,RAMCOCEM,2022-07-25,NSE,EQ,sell,444.0,700.0,1300000000054640,2022-07-25T09:07:20,,,,cash
297,GSPL,2022-07-25,NSE,EQ,sell,450.0,239.7,1100000000042668,2022-07-25T09:15:00,,,,cash
298,RAMCOCEM,2022-07-25,NSE,EQ,buy,444.0,692.4,1300000000330429,2022-07-25T09:15:29,,,,cash
299,GSPL,2022-07-25,NSE,EQ,buy,450.0,237.15,1100000000622542,2022-07-25T09:17:26,,,,cash
300,RAIN,2022-07-25,NSE,EQ,buy,700.0,162.35,1300000002207193,2022-07-25T09:36:14,,,,cash
301,DELTACORP,2022-07-26,NSE,EQ,sell,400.0,193.6,1100000005204711,2022-07-26T10:18:19,,,,cash
302,DELTACORP,2022-07-26,NSE,EQ,buy,400.0,192.55,1100000005740209,2022-07-26T10:47:35,,,,cash
303,SPANDANA,2022-07-28,NSE,EQ,buy,200.0,445.45,1300000005379808,2022-07-28T10:11:34,,,,cash
304,SPANDANA,2022-07-28,NSE,EQ,sell,200.0,442.0,1300000005673410,2022-07-28T10:20:56,,,,cash
305,BHARATFORG,2022-07-29,NSE,EQ,sell,380.0,737.2,1000000000028747,2022-07-29T09:07:23,,,,cash
306,POLYCAB,2022-07-29,NSE,EQ,sell,120.0,2294.0,1200000000032607,2022-07-29T09:07:23,,,,cash
307,POLYCAB,2022-07-29,NSE,EQ,buy,120.0,2320.6,1200000001049099,2022-07-29T09:27:15,,,,cash
308,BHARATFORG,2022-07-29,NSE,EQ,buy,380.0,739.3,1000000002545645,2022-07-29T09:36:21,,,,cash
309,BHARATFORG,2022-07-29,NSE,EQ,buy,1.0,735.0,1000000002209729,2022-07-29T13:51:57,,,,cash
310,BHARATFORG,2022-07-29,NSE,EQ,sell,1.0,735.35,1000000014001316,2022-07-29T13:52:47,,,,cash
311,BATAINDIA,2022-08-01,NSE,EQ,sell,90.0,1977.95,1000000000034401,2022-08-01T09:07:51,,,,cash
312,RAIN,2022-08-01,NSE,EQ,sell,900.0,182.8,1300000000060637,2022-08-01T09:07:51,,,,cash
313,TATASTEEL,2022-08-01,NSE,EQ,sell,1400.0,110.5,1300000000060619,2022-08-01T09:07:51,,,,cash
314,TATASTEEL,2022-08-01,NSE,EQ,buy,1400.0,111.35,1300000000582532,2022-08-01T09:16:24,,,,cash
315,RAIN,2022-08-01,NSE,EQ,buy,900.0,181.0,1300000001397310,2022-08-01T09:20:39,,,,cash
316,BATAINDIA,2022-08-01,NSE,EQ,buy,90.0,1960.15,1000000000520054,2022-08-01T09:23:18,,,,cash
317,BATAINDIA,2022-08-01,NSE,EQ,sell,75.0,1969.0,1000000001557617,2022-08-01T09:24:36,,,,cash
318,BATAINDIA,2022-08-01,NSE,EQ,buy,75.0,1954.15,1000000002545803,2022-08-01T10:43:01,,,,cash
319,BOSCHLTD,2022-08-02,NSE,EQ,buy,15.0,17582.0,1000000000196690,2022-08-02T09:15:59,,,,cash
320,BOSCHLTD,2022-08-02,NSE,EQ,sell,15.0,17739.0,1000000001325849,2022-08-02T09:24:17,,,,cash
321,EICHERMOT,2022-08-02,NSE,EQ,sell,28.0,3001.0,1100000002716651,2022-08-02T09:32:33,,,,cash
322,EICHERMOT,2022-08-02,NSE,EQ,buy,28.0,3025.0,1100000002869137,2022-08-02T09:33:58,,,,cash
323,BALKRISIND,2022-08-03,NSE,EQ,sell,140.0,2440.0,1000000000046227,2022-08-03T09:07:20,,,,cash
324,BALKRISIND,2022-08-03,NSE,EQ,buy,140.0,2439.0,1000000000700222,2022-08-03T09:19:29,,,,cash
325,GRANULES,2022-08-03,NSE,EQ,sell,500.0,317.95,1100000001180446,2022-08-03T09:21:15,,,,cash
326,GRANULES,2022-08-03,NSE,EQ,buy,500.0,314.4,1100000001360693,2022-08-03T09:32:03,,,,cash
327,PIIND,2022-08-04,NSE,EQ,sell,72.0,3191.65,1200000001735249,2022-08-04T09:26:39,,,,cash
328,BATAINDIA,2022-08-04,NSE,EQ,buy,82.0,1918.0,1000000001463066,2022-08-04T09:29:25,,,,cash
329,PIIND,2022-08-04,NSE,EQ,buy,72.0,3159.6,1200000001802449,2022-08-04T09:38:29,,,,cash
330,BATAINDIA,2022-08-04,NSE,EQ,sell,82.0,1905.5,1000000001885397,2022-08-04T11:30:37,,,,cash
331,ASTRAL,2022-08-05,NSE,EQ,sell,120.0,1980.4,1000000000036803,2022-08-05T09:07:55,,,,cash
332,LAURUSLABS,2022-08-05,NSE,EQ,sell,428.0,546.55,1200000000040227,2022-08-05T09:07:55,,,,cash
333,LAURUSLABS,2022-08-05,NSE,EQ,buy,428.0,550.85,1200000000492599,2022-08-05T09:23:30,,,,cash
334,PIDILITIND,2022-08-05,NSE,EQ,sell,115.0,2627.2,1200000002002370,2022-08-05T09:31:30,,,,cash
335,ASTRAL,2022-08-05,NSE,EQ,buy,20.0,1961.9,1000000000335415,2022-08-05T10:07:16,,,,cash
336,ASTRAL,2022-08-05,NSE,EQ,buy,100.0,1962.25,1000000004329707,2022-08-05T10:30:31,,,,cash
337,PIDILITIND,2022-08-05,NSE,EQ,buy,115.0,2602.55,1200000002098489,2022-08-05T10:33:41,,,,cash
338,NAVINFLUOR,2022-08-08,NSE,EQ,sell,55.0,4497.0,1200000000031928,2022-08-08T09:07:18,,,,cash
339,TATAMTRDVR,2022-08-08,NSE,EQ,sell,85.0,226.7,1300000000933423,2022-08-08T09:24:31,,,,cash
340,MGL,2022-08-08,NSE,EQ,sell,303.0,817.0,1200000001835719,2022-08-08T09:27:44,,,,cash
341,MGL,2022-08-08,NSE,EQ,buy,303.0,822.0,1200000001941040,2022-08-08T09:29:12,,,,cash
342,HINDPETRO,2022-08-08,NSE,EQ,sell,1000.0,236.65,1100000002137190,2022-08-08T09:31:43,,,,cash
343,HINDPETRO,2022-08-08,NSE,EQ,buy,1000.0,238.25,1100000002322661,2022-08-08T09:41:53,,,,cash
344,NAVINFLUOR,2022-08-08,NSE,EQ,buy,25.0,4453.0,1200000000469590,2022-08-08T10:01:19,,,,cash
345,NAVINFLUOR,2022-08-08,NSE,EQ,buy,30.0,4453.0,1200000004552434,2022-08-08T10:01:37,,,,cash
346,NAVINFLUOR,2022-08-08,NSE,EQ,buy,55.0,4503.5,1200000003721558,2022-08-08T10:29:34,,,,cash
347,NAVINFLUOR,2022-08-08,NSE,EQ,sell,55.0,4455.8,1200000020046389,2022-08-08T15:20:57,,,,cash
348,MGL,2022-08-10,NSE,EQ,sell,306.0,822.0,1200000000022332,2022-08-10T09:07:49,,,,cash
349,MGL,2022-08-10,NSE,EQ,sell,306.0,822.0,1200000000010473,2022-08-10T09:07:49,,,,cash
350,MGL,2022-08-10,NSE,EQ,buy,612.0,814.3,1200000000235796,2022-08-10T09:16:29,,,,cash
351,TATACHEM,2022-08-10,NSE,EQ,buy,220.0,1027.65,1300000002222577,2022-08-10T09:28:26,,,,cash
352,TATACHEM,2022-08-10,NSE,EQ,sell,220.0,1021.5,1300000002489844,2022-08-10T09:32:00,,,,cash
353,AARTIIND,2022-08-10,NSE,EQ,buy,340.0,819.8,1000000002442231,2022-08-10T09:34:41,,,,cash
354,AARTIIND,2022-08-10,NSE,EQ,sell,340.0,815.0,1000000002497872,2022-08-10T09:49:09,,,,cash
355,TATACHEM,2022-08-10,NSE,EQ,buy,200.0,1037.3,1300000008265159,2022-08-10T10:58:43,,,,cash
356,TATACHEM,2022-08-10,NSE,EQ,sell,100.0,1042.85,1300000008350596,2022-08-10T11:15:54,,,,cash
357,TATACHEM,2022-08-10,NSE,EQ,sell,100.0,1043.0,1300000008333208,2022-08-10T11:16:10,,,,cash
358,POLYCAB,2022-08-11,NSE,EQ,sell,155.0,2446.05,1200000000032889,2022-08-11T09:07:02,,,,cash
359,MGL,2022-08-11,NSE,EQ,sell,288.0,848.1,1200000002918254,2022-08-11T09:38:16,,,,cash
360,POLYCAB,2022-08-11,NSE,EQ,buy,155.0,2429.15,1200000000206233,2022-08-11T09:45:57,,,,cash
361,WIPRO,2022-08-11,NSE,EQ,sell,580.0,438.0,1300000004069340,2022-08-11T09:57:31,,,,cash
362,MGL,2022-08-11,NSE,EQ,buy,288.0,853.2,1200000003002840,2022-08-11T10:06:16,,,,cash
363,WIPRO,2022-08-11,NSE,EQ,buy,580.0,438.25,1300000005804858,2022-08-11T15:16:13,,,,cash
364,TRENT,2022-08-12,NSE,EQ,sell,380.0,1347.0,1300000000004226,2022-08-12T09:07:08,,,,cash
365,MCX,2022-08-12,NSE,EQ,sell,380.0,1319.0,1200000000382070,2022-08-12T09:16:17,,,,cash
366,GSPL,2022-08-12,NSE,EQ,sell,2150.0,235.8,1100000000004645,2022-08-12T09:16:38,,,,cash
367,TRENT,2022-08-12,NSE,EQ,buy,380.0,1334.95,1300000000220017,2022-08-12T09:18:58,,,,cash
368,GSPL,2022-08-12,NSE,EQ,buy,2150.0,236.9,1100000000565955,2022-08-12T09:19:44,,,,cash
369,MCX,2022-08-12,NSE,EQ,buy,380.0,1312.25,1200000001479856,2022-08-12T09:28:59,,,,cash
370,IPCALAB,2022-08-12,NSE,EQ,buy,267.0,919.9,1100000003008960,2022-08-12T09:41:47,,,,cash
371,IPCALAB,2022-08-12,NSE,EQ,sell,267.0,928.7,1100000003101817,2022-08-12T09:45:51,,,,cash
372,TATASTEEL,2022-08-12,NSE,EQ,sell,500.0,112.0,1300000003743315,2022-08-12T09:51:16,,,,cash
373,DIVISLAB,2022-08-12,NSE,EQ,buy,150.0,3851.1,1100000004420030,2022-08-12T10:00:41,,,,cash
374,DIVISLAB,2022-08-12,NSE,EQ,sell,100.0,3852.6,1100000004479612,2022-08-12T10:01:35,,,,cash
375,DIVISLAB,2022-08-12,NSE,EQ,buy,50.0,3838.0,1100000004537749,2022-08-12T10:02:43,,,,cash
376,DIVISLAB,2022-08-12,NSE,EQ,sell,100.0,3820.0,1100000004584267,2022-08-12T10:27:16,,,,cash
377,TATASTEEL,2022-08-12,NSE,EQ,buy,500.0,111.15,1300000004796850,2022-08-12T10:29:44,,,,cash
378,DIVISLAB,2022-08-12,NSE,EQ,buy,30.0,3837.7,1100000006246717,2022-08-12T10:32:35,,,,cash
379,DIVISLAB,2022-08-12,NSE,EQ,buy,20.0,3832.95,1100000006242047,2022-08-12T10:32:43,,,,cash
380,DIVISLAB,2022-08-12,NSE,EQ,sell,30.0,3862.0,1100000006320942,2022-08-12T12:27:46,,,,cash
381,DIVISLAB,2022-08-12,NSE,EQ,sell,20.0,3862.0,1100000012044039,2022-08-12T12:29:00,,,,cash
382,DIVISLAB,2022-08-12,NSE,EQ,buy,30.0,3828.95,1100000012235915,2022-08-12T12:33:23,,,,cash
383,DIVISLAB,2022-08-12,NSE,EQ,buy,10.0,3824.0,1100000012243519,2022-08-12T12:33:41,,,,cash
384,DIVISLAB,2022-08-12,NSE,EQ,buy,20.0,3817.0,1100000012251571,2022-08-12T12:34:43,,,,cash
385,DIVISLAB,2022-08-12,NSE,EQ,buy,40.0,3777.0,1100000013399325,2022-08-12T13:05:32,,,,cash
386,DIVISLAB,2022-08-12,NSE,EQ,buy,20.0,3749.0,1100000014637035,2022-08-12T13:23:27,,,,cash
387,DIVISLAB,2022-08-12,NSE,EQ,buy,10.0,3751.0,1100000014648625,2022-08-12T13:23:40,,,,cash
388,DIVISLAB,2022-08-12,NSE,EQ,buy,40.0,3734.0,1100000014673687,2022-08-12T13:36:36,,,,cash
389,DIVISLAB,2022-08-12,NSE,EQ,buy,70.0,3728.0,1100000014645730,2022-08-12T13:36:53,,,,cash
390,DIVISLAB,2022-08-12,NSE,EQ,sell,240.0,3719.35,1100000015291663,2022-08-12T13:38:08,,,,cash
391,TRENT,2022-08-16,NSE,EQ,sell,190.0,1390.6,1300000000017525,2022-08-16T09:07:12,,,,cash
392,TRENT,2022-08-16,NSE,EQ,buy,190.0,1400.0,1300000000637574,2022-08-16T09:16:32,,,,cash
393,GSPL,2022-08-16,NSE,EQ,sell,1500.0,249.5,1100000000677384,2022-08-16T09:17:32,,,,cash
394,GSPL,2022-08-16,NSE,EQ,buy,1000.0,247.3,1100000000869333,2022-08-16T09:21:25,,,,cash
395,APOLLOHOSP,2022-08-16,NSE,EQ,sell,58.0,4307.0,1000000002160826,2022-08-16T09:30:31,,,,cash
396,GSPL,2022-08-16,NSE,EQ,buy,500.0,247.85,1100000001588781,2022-08-16T09:35:39,,,,cash
397,ASIANPAINT,2022-08-16,NSE,EQ,buy,23.0,3493.85,1000000004057234,2022-08-16T09:52:16,,,,cash
398,APOLLOHOSP,2022-08-16,NSE,EQ,buy,58.0,4335.5,1000000002591888,2022-08-16T09:59:01,,,,cash
399,TRENT,2022-08-16,NSE,EQ,buy,55.0,1435.0,1300000006426528,2022-08-16T10:17:09,,,,cash
400,TRENT,2022-08-16,NSE,EQ,sell,55.0,1426.0,1300000007108791,2022-08-16T11:13:24,,,,cash
401,ASIANPAINT,2022-08-16,NSE,EQ,sell,23.0,3478.35,1000000004424164,2022-08-16T14:48:47,,,,cash
402,AMBUJACEM,2022-08-17,NSE,EQ,sell,1250.0,398.75,1000000000018039,2022-08-17T09:07:13,,,,cash
403,BATAINDIA,2022-08-17,NSE,EQ,sell,130.0,1971.25,1000000000018066,2022-08-17T09:07:13,,,,cash
404,TORNTPHARM,2022-08-17,NSE,EQ,sell,180.0,1573.7,1300000000028817,2022-08-17T09:15:38,,,,cash
405,AMBUJACEM,2022-08-17,NSE,EQ,buy,1250.0,401.65,1000000000662735,2022-08-17T09:18:37,,,,cash
406,BATAINDIA,2022-08-17,NSE,EQ,buy,130.0,1955.0,1000000001012368,2022-08-17T09:22:43,,,,cash
407,TORNTPHARM,2022-08-17,NSE,EQ,buy,80.0,1563.5,1300000001078176,2022-08-17T09:34:28,,,,cash
408,TORNTPHARM,2022-08-17,NSE,EQ,buy,100.0,1567.9,1300000002703175,2022-08-17T09:35:40,,,,cash
409,AMBUJACEM,2022-08-17,NSE,EQ,sell,385.0,403.3,1000000003899519,2022-08-17T09:56:42,,,,cash
410,NTPC,2022-08-17,NSE,EQ,buy,526.0,163.0,1200000004200517,2022-08-17T09:58:40,,,,cash
411,AMBUJACEM,2022-08-17,NSE,EQ,buy,385.0,403.95,1000000003911484,2022-08-17T09:59:42,,,,cash
412,MGL,2022-08-17,NSE,EQ,sell,70.0,904.15,1200000005596469,2022-08-17T10:21:57,,,,cash
413,MGL,2022-08-17,NSE,EQ,buy,70.0,909.0,1200000005755232,2022-08-17T10:44:24,,,,cash
414,NTPC,2022-08-17,NSE,EQ,sell,526.0,162.1,1200000004251876,2022-08-17T12:03:50,,,,cash
415,GRANULES,2022-08-18,NSE,EQ,sell,1250.0,327.4,1100000000053618,2022-08-18T09:07:40,,,,cash
416,HONAUT,2022-08-18,NSE,EQ,sell,2.0,43531.95,1100000000052891,2022-08-18T09:07:40,,,,cash
417,HONAUT,2022-08-18,NSE,EQ,buy,2.0,43827.0,1100000000859960,2022-08-18T09:20:00,,,,cash
418,DRREDDY,2022-08-18,NSE,EQ,sell,25.0,4187.95,1100000003253213,2022-08-18T09:41:24,,,,cash
419,DRREDDY,2022-08-18,NSE,EQ,buy,25.0,4200.0,1100000003320217,2022-08-18T09:45:45,,,,cash
420,GRANULES,2022-08-18,NSE,EQ,buy,1250.0,324.15,1100000001715728,2022-08-18T09:57:25,,,,cash
421,TATAMOTORS,2022-08-18,NSE,EQ,sell,150.0,485.25,1300000005197758,2022-08-18T10:02:52,,,,cash
422,TATAMOTORS,2022-08-18,NSE,EQ,buy,150.0,480.5,1300000007536360,2022-08-18T11:30:34,,,,cash
423,HAL,2022-08-19,NSE,EQ,buy,50.0,2294.0,1100000001025435,2022-08-19T09:19:41,,,,cash
424,HAL,2022-08-19,NSE,EQ,sell,50.0,2284.0,1100000001046948,2022-08-19T09:30:25,,,,cash
425,TATACHEM,2022-08-19,NSE,EQ,buy,70.0,1154.6,1300000002346898,2022-08-19T09:31:57,,,,cash
426,TATACHEM,2022-08-19,NSE,EQ,sell,25.0,1160.75,1300000002572220,2022-08-19T09:37:53,,,,cash
427,TATACHEM,2022-08-19,NSE,EQ,sell,15.0,1163.65,1300000003108749,2022-08-19T09:39:38,,,,cash
428,TATACHEM,2022-08-19,NSE,EQ,sell,30.0,1166.0,1300000002962615,2022-08-19T09:40:17,,,,cash
429,TATACHEM,2022-08-19,NSE,EQ,sell,15.0,1168.1,1300000003274155,2022-08-19T09:41:27,,,,cash
430,TATACHEM,2022-08-19,NSE,EQ,sell,30.0,1172.0,1300000003285996,2022-08-19T09:47:20,,,,cash
431,TATACHEM,2022-08-19,NSE,EQ,buy,45.0,1180.0,1300000003335180,2022-08-19T09:49:10,,,,cash
432,COFORGE,2022-08-19,NSE,EQ,sell,10.0,4055.0,1000000004142588,2022-08-19T09:53:17,,,,cash
433,COFORGE,2022-08-19,NSE,EQ,sell,5.0,4055.0,1000000004148826,2022-08-19T09:53:17,,,,cash
434,COFORGE,2022-08-19,NSE,EQ,buy,15.0,4016.0,1000000004285634,2022-08-19T10:02:06,,,,cash
435,TATACOMM,2022-08-22,NSE,EQ,sell,200.0,1129.75,1300000000052704,2022-08-22T09:07:18,,,,cash
436,TATACOMM,2022-08-22,NSE,EQ,sell,170.0,1127.0,1300000000448819,2022-08-22T09:15:59,,,,cash
437,TATACOMM,2022-08-22,NSE,EQ,buy,370.0,1136.9,1300000001349396,2022-08-22T09:21:51,,,,cash
438,IPCALAB,2022-08-22,NSE,EQ,sell,80.0,903.9,1100000002662996,2022-08-22T09:31:36,,,,cash
439,TATACOMM,2022-08-22,NSE,EQ,buy,100.0,1159.45,1300000003512021,2022-08-22T09:39:48,,,,cash
440,TATACOMM,2022-08-22,NSE,EQ,sell,40.0,1160.0,1300000003662576,2022-08-22T09:41:23,,,,cash
441,TATACOMM,2022-08-22,NSE,EQ,buy,10.0,1153.6,1300000003851014,2022-08-22T09:43:30,,,,cash
442,IPCALAB,2022-08-22,NSE,EQ,buy,80.0,911.9,1100000002707436,2022-08-22T09:57:25,,,,cash
443,TATACOMM,2022-08-22,NSE,EQ,sell,20.0,1160.5,1300000004758890,2022-08-22T09:58:27,,,,cash
444,AMBUJACEM,2022-08-22,NSE,EQ,buy,100.0,417.15,1000000005834764,2022-08-22T10:05:13,,,,cash
445,AMBUJACEM,2022-08-22,NSE,EQ,buy,50.0,416.55,1000000005885575,2022-08-22T10:05:40,,,,cash
446,TATACOMM,2022-08-22,NSE,EQ,sell,50.0,1157.2,1300000005312760,2022-08-22T10:10:54,,,,cash
447,AMBUJACEM,2022-08-22,NSE,EQ,sell,50.0,419.5,1000000015397892,2022-08-22T12:44:09,,,,cash
448,AMBUJACEM,2022-08-22,NSE,EQ,buy,30.0,415.5,1000000015416687,2022-08-22T13:05:38,,,,cash
449,AMBUJACEM,2022-08-22,NSE,EQ,sell,130.0,410.0,1000000006018770,2022-08-22T14:42:27,,,,cash
450,INDIACEM,2022-08-23,NSE,EQ,buy,320.0,209.85,1100000007950638,2022-08-23T10:26:39,,,,cash
451,INDIACEM,2022-08-23,NSE,EQ,sell,320.0,209.0,1100000008002026,2022-08-23T10:35:14,,,,cash
452,MPHASIS,2022-08-23,NSE,EQ,buy,25.0,2275.45,1200000007806040,2022-08-23T10:41:10,,,,cash
453,MPHASIS,2022-08-23,NSE,EQ,sell,25.0,2261.05,1200000007999474,2022-08-23T10:48:10,,,,cash
454,LTTS,2022-08-23,NSE,EQ,buy,25.0,3544.0,1200000008956950,2022-08-23T10:57:13,,,,cash
455,LTTS,2022-08-23,NSE,EQ,buy,5.0,3539.0,1200000009003330,2022-08-23T11:09:12,,,,cash
456,LTTS,2022-08-23,NSE,EQ,sell,25.0,3571.0,1200000009077915,2022-08-23T11:54:40,,,,cash
457,LTTS,2022-08-23,NSE,EQ,sell,5.0,3569.5,1200000012498328,2022-08-23T11:54:47,,,,cash
458,NAM-INDIA,2022-08-24,NSE,EQ,buy,250.0,317.3,1200000005411742,2022-08-24T10:04:32,,,,cash
459,NAM-INDIA,2022-08-24,NSE,EQ,sell,250.0,317.6,1200000006940646,2022-08-24T10:24:40,,,,cash
460,DELTACORP,2022-08-24,NSE,EQ,sell,100.0,215.1,1100000009306165,2022-08-24T10:54:58,,,,cash
461,DELTACORP,2022-08-24,NSE,EQ,buy,100.0,214.8,1100000010369851,2022-08-24T11:11:51,,,,cash
462,SUNTV,2022-08-24,NSE,EQ,sell,20.0,504.95,1300000012158283,2022-08-24T11:25:50,,,,cash
463,SUNTV,2022-08-24,NSE,EQ,sell,100.0,505.5,1300000012143746,2022-08-24T11:31:17,,,,cash
464,SUNTV,2022-08-24,NSE,EQ,buy,40.0,502.95,1300000014631242,2022-08-24T12:03:36,,,,cash
465,SUNTV,2022-08-24,NSE,EQ,sell,20.0,504.6,1300000014806346,2022-08-24T12:25:28,,,,cash
466,SUNTV,2022-08-24,NSE,EQ,buy,20.0,503.1,1300000017344425,2022-08-24T12:46:56,,,,cash
467,SUNTV,2022-08-24,NSE,EQ,buy,80.0,503.15,1300000012531424,2022-08-24T12:47:22,,,,cash
468,NMDC,2022-08-24,NSE,EQ,buy,150.0,121.75,1200000015710978,2022-08-24T12:55:39,,,,cash
469,NMDC,2022-08-24,NSE,EQ,buy,200.0,121.4,1200000015742415,2022-08-24T13:00:19,,,,cash
470,NMDC,2022-08-24,NSE,EQ,sell,350.0,122.1,1200000017060685,2022-08-24T13:45:29,,,,cash
471,BHEL,2022-08-25,NSE,EQ,buy,500.0,58.15,1000000006571907,2022-08-25T10:16:04,,,,cash
472,BHEL,2022-08-25,NSE,EQ,sell,500.0,57.95,1000000006896401,2022-08-25T10:20:02,,,,cash
473,COROMANDEL,2022-08-25,NSE,EQ,buy,50.0,1016.95,1000000007530980,2022-08-25T10:28:16,,,,cash
474,CROMPTON,2022-08-25,NSE,EQ,sell,30.0,411.7,1000000007908722,2022-08-25T10:33:19,,,,cash
475,COROMANDEL,2022-08-25,NSE,EQ,sell,20.0,1018.05,1000000008087163,2022-08-25T10:35:52,,,,cash
476,CROMPTON,2022-08-25,NSE,EQ,buy,30.0,408.5,1000000007952435,2022-08-25T10:37:06,,,,cash
477,CROMPTON,2022-08-25,NSE,EQ,buy,30.0,409.95,1000000008269917,2022-08-25T10:38:38,,,,cash
478,CROMPTON,2022-08-25,NSE,EQ,sell,30.0,409.9,1000000008279484,2022-08-25T10:38:55,,,,cash
479,COROMANDEL,2022-08-25,NSE,EQ,sell,30.0,1024.0,1000000008209521,2022-08-25T10:52:15,,,,cash
480,CROMPTON,2022-08-25,NSE,EQ,sell,30.0,411.0,1000000008311608,2022-08-25T12:39:44,,,,cash
481,CROMPTON,2022-08-25,NSE,EQ,sell,100.0,412.5,1000000007776027,2022-08-25T12:39:45,,,,cash
482,CROMPTON,2022-08-25,NSE,EQ,buy,130.0,409.5,1000000019146144,2022-08-25T13:25:19,,,,cash
483,INDIAMART,2022-08-26,NSE,EQ,sell,40.0,4324.0,1100000000614067,2022-08-26T09:17:31,,,,cash
484,INDIAMART,2022-08-26,NSE,EQ,sell,30.0,4324.0,1100000000737576,2022-08-26T09:18:31,,,,cash
485,INDIAMART,2022-08-26,NSE,EQ,buy,5.0,4303.0,1100000000888204,2022-08-26T09:20:40,,,,cash
486,INDIAMART,2022-08-26,NSE,EQ,buy,65.0,4303.0,1100000001255542,2022-08-26T09:23:16,,,,cash
487,M&M,2022-08-26,NSE,EQ,sell,20.0,1296.7,1200000006998048,2022-08-26T10:32:40,,,,cash
488,M&M,2022-08-26,NSE,EQ,sell,5.0,1298.0,1200000007136999,2022-08-26T10:34:30,,,,cash
489,M&M,2022-08-26,NSE,EQ,buy,25.0,1287.4,1200000007228126,2022-08-26T10:49:28,,,,cash
490,BEL,2022-08-26,NSE,EQ,sell,60.0,306.55,1000000007973048,2022-08-26T11:10:18,,,,cash
491,BEL,2022-08-26,NSE,EQ,sell,100.0,307.1,1000000007992442,2022-08-26T12:27:12,,,,cash
492,BEL,2022-08-26,NSE,EQ,buy,160.0,306.3,1000000008031116,2022-08-26T14:14:39,,,,cash
493,EICHERMOT,2022-08-29,NSE,EQ,buy,150.0,3265.0,1100000000426113,2022-08-29T09:16:02,,,,cash
494,EICHERMOT,2022-08-29,NSE,EQ,sell,150.0,3291.0,1100000001362889,2022-08-29T09:21:13,,,,cash
495,TATASTEEL,2022-08-29,NSE,EQ,buy,300.0,104.7,1300000009668632,2022-08-29T10:45:13,,,,cash
496,TATASTEEL,2022-08-29,NSE,EQ,sell,300.0,104.6,1300000009770346,2022-08-29T10:46:43,,,,cash
497,DABUR,2022-08-29,NSE,EQ,sell,35.0,579.2,1100000008719669,2022-08-29T10:52:37,,,,cash
498,COLPAL,2022-08-29,NSE,EQ,sell,10.0,1638.2,1000000012556638,2022-08-29T12:03:16,,,,cash
499,COLPAL,2022-08-29,NSE,EQ,sell,100.0,1643.0,1000000009738341,2022-08-29T12:28:53,,,,cash
500,COLPAL,2022-08-29,NSE,EQ,buy,20.0,1640.65,1000000014132308,2022-08-29T12:33:59,,,,cash
501,COLPAL,2022-08-29,NSE,EQ,buy,90.0,1634.0,1000000012596236,2022-08-29T12:42:33,,,,cash
502,DABUR,2022-08-29,NSE,EQ,buy,10.0,575.55,1100000014540722,2022-08-29T12:56:40,,,,cash
503,DABUR,2022-08-29,NSE,EQ,buy,25.0,573.8,1100000008780014,2022-08-29T13:14:35,,,,cash
504,COLPAL,2022-08-30,NSE,EQ,sell,92.0,1643.05,1000000001512767,2022-08-30T09:24:09,,,,cash
505,COLPAL,2022-08-30,NSE,EQ,sell,80.0,1642.65,1000000003261901,2022-08-30T09:42:44,,,,cash
506,COLPAL,2022-08-30,NSE,EQ,buy,172.0,1640.7,1000000004230746,2022-08-30T10:10:26,,,,cash
507,SRF,2022-08-30,NSE,EQ,sell,5.0,2539.95,1300000013869482,2022-08-30T12:53:36,,,,cash
508,SRF,2022-08-30,NSE,EQ,sell,3.0,2536.35,1300000013902381,2022-08-30T12:54:15,,,,cash
509,SRF,2022-08-30,NSE,EQ,sell,5.0,2542.0,1300000013879727,2022-08-30T12:55:37,,,,cash
510,SRF,2022-08-30,NSE,EQ,buy,13.0,2538.0,1300000013926872,2022-08-30T12:59:20,,,,cash
511,RELIANCE,2022-08-30,NSE,EQ,sell,10.0,2627.1,1300000014281790,2022-08-30T13:02:12,,,,cash
512,RELIANCE,2022-08-30,NSE,EQ,buy,10.0,2622.0,1300000016501175,2022-08-30T14:59:45,,,,cash
513,PAGEIND,2022-09-01,NSE,EQ,sell,3.0,50920.0,1200000001064144,2022-09-01T09:20:03,,,,cash
514,PAGEIND,2022-09-01,NSE,EQ,sell,3.0,50994.75,1200000005559132,2022-09-01T10:11:39,,,,cash
515,PAGEIND,2022-09-01,NSE,EQ,buy,6.0,51070.0,1200000001173960,2022-09-01T10:12:36,,,,cash
516,RELIANCE,2022-09-01,NSE,EQ,sell,20.0,2596.55,1300000010245160,2022-09-01T10:38:19,,,,cash
517,RELIANCE,2022-09-01,NSE,EQ,sell,5.0,2595.25,1300000010393269,2022-09-01T10:40:07,,,,cash
518,RELIANCE,2022-09-01,NSE,EQ,sell,25.0,2595.0,1300000010750156,2022-09-01T10:44:30,,,,cash
519,RELIANCE,2022-09-01,NSE,EQ,buy,50.0,2575.0,1300000010358169,2022-09-01T13:09:04,,,,cash
520,ADANIENT,2022-09-02,NSE,EQ,sell,2.0,3244.8,1000000002848129,2022-09-02T09:34:07,,,,cash
521,ADANIENT,2022-09-02,NSE,EQ,sell,3.0,3252.0,1000000002916811,2022-09-02T09:58:17,,,,cash
522,ADANIENT,2022-09-02,NSE,EQ,sell,30.0,3261.0,1000000002730181,2022-09-02T09:59:11,,,,cash
523,ADANIENT,2022-09-02,NSE,EQ,buy,35.0,3263.0,1000000005777062,2022-09-02T10:27:26,,,,cash
524,DELTACORP,2022-09-02,NSE,EQ,sell,150.0,214.8,1100000006978220,2022-09-02T10:27:43,,,,cash
525,DELTACORP,2022-09-02,NSE,EQ,sell,20.0,215.4,1100000010419937,2022-09-02T11:19:29,,,,cash
526,DELTACORP,2022-09-02,NSE,EQ,sell,250.0,216.0,1100000007030291,2022-09-02T11:26:20,,,,cash
527,DELTACORP,2022-09-02,NSE,EQ,buy,120.0,214.4,1100000011128238,2022-09-02T12:03:28,,,,cash
528,DELTACORP,2022-09-02,NSE,EQ,buy,300.0,214.4,1100000013456089,2022-09-02T12:04:48,,,,cash
529,ADANIENT,2022-09-02,NSE,EQ,sell,3.0,3347.0,1000000014995310,2022-09-02T12:20:31,,,,cash
530,ADANIENT,2022-09-02,NSE,EQ,sell,10.0,3356.0,1000000015003039,2022-09-02T12:51:41,,,,cash
531,ADANIENT,2022-09-02,NSE,EQ,sell,7.0,3362.0,1000000015012879,2022-09-02T12:55:23,,,,cash
532,ADANIENT,2022-09-02,NSE,EQ,buy,13.0,3339.0,1000000015089538,2022-09-02T13:08:49,,,,cash
533,ADANIENT,2022-09-02,NSE,EQ,buy,7.0,3339.5,1000000017688215,2022-09-02T13:09:01,,,,cash
534,INDIAMART,2022-09-05,NSE,EQ,sell,44.0,4774.0,1100000000616378,2022-09-05T09:17:08,,,,cash
535,INDIAMART,2022-09-05,NSE,EQ,buy,44.0,4735.0,1100000001083629,2022-09-05T09:20:56,,,,cash
536,AMARAJABAT,2022-09-05,NSE,EQ,sell,50.0,531.85,1000000008704006,2022-09-05T11:16:12,,,,cash
537,AMARAJABAT,2022-09-05,NSE,EQ,sell,100.0,532.4,1000000008760643,2022-09-05T11:17:14,,,,cash
538,AMARAJABAT,2022-09-05,NSE,EQ,sell,300.0,533.0,1000000008675799,2022-09-05T11:17:54,,,,cash
539,AMARAJABAT,2022-09-05,NSE,EQ,buy,450.0,529.0,1000000008796299,2022-09-05T11:31:32,,,,cash
540,EXIDEIND,2022-09-05,NSE,EQ,buy,15.0,169.0,1100000013093261,2022-09-05T12:49:45,,,,cash
541,EXIDEIND,2022-09-05,NSE,EQ,buy,20.0,169.1,1100000013129859,2022-09-05T12:50:56,,,,cash
542,EXIDEIND,2022-09-05,NSE,EQ,sell,5.0,168.95,1100000013181377,2022-09-05T12:51:51,,,,cash
543,EXIDEIND,2022-09-05,NSE,EQ,sell,10.0,168.85,1100000013269593,2022-09-05T12:53:54,,,,cash
544,EXIDEIND,2022-09-05,NSE,EQ,sell,5.0,168.85,1100000013319129,2022-09-05T12:54:25,,,,cash
545,EXIDEIND,2022-09-05,NSE,EQ,sell,5.0,168.75,1100000013331114,2022-09-05T12:54:37,,,,cash
546,EXIDEIND,2022-09-05,NSE,EQ,sell,5.0,168.8,1100000013342472,2022-09-05T12:54:50,,,,cash
547,EXIDEIND,2022-09-05,NSE,EQ,sell,5.0,168.8,1100000013347437,2022-09-05T12:55:07,,,,cash
548,AMARAJABAT,2022-09-05,NSE,EQ,sell,100.0,535.05,1000000015674212,2022-09-05T13:40:13,,,,cash
549,AMARAJABAT,2022-09-05,NSE,EQ,sell,200.0,536.1,1000000015688310,2022-09-05T13:49:47,,,,cash
550,AMARAJABAT,2022-09-05,NSE,EQ,buy,100.0,534.0,1000000015782134,2022-09-05T14:12:26,,,,cash
551,AMARAJABAT,2022-09-05,NSE,EQ,buy,100.0,534.4,1000000017553594,2022-09-05T14:13:01,,,,cash
552,AMARAJABAT,2022-09-05,NSE,EQ,sell,150.0,536.8,1000000015706483,2022-09-05T14:23:01,,,,cash
553,AMARAJABAT,2022-09-05,NSE,EQ,buy,350.0,539.0,1000000015719834,2022-09-05T14:23:29,,,,cash
554,AMARAJABAT,2022-09-05,NSE,EQ,sell,100.0,534.5,1000000019094239,2022-09-05T14:38:32,,,,cash
555,DIXON,2022-09-06,NSE,EQ,sell,116.0,4245.9,1100000000012970,2022-09-06T09:07:06,,,,cash
556,EXIDEIND,2022-09-06,NSE,EQ,sell,2900.0,172.85,1100000000523851,2022-09-06T09:16:36,,,,cash
557,DIXON,2022-09-06,NSE,EQ,buy,116.0,4205.0,1100000000382689,2022-09-06T09:18:03,,,,cash
558,EXIDEIND,2022-09-06,NSE,EQ,buy,2900.0,174.0,1100000001209688,2022-09-06T09:23:54,,,,cash
559,APOLLOTYRE,2022-09-06,NSE,EQ,buy,200.0,267.6,1000000009434141,2022-09-06T11:02:50,,,,cash
560,APOLLOTYRE,2022-09-06,NSE,EQ,buy,50.0,267.7,1000000009518349,2022-09-06T11:04:29,,,,cash
561,APOLLOTYRE,2022-09-06,NSE,EQ,sell,250.0,267.65,1000000009852641,2022-09-06T11:10:25,,,,cash
562,TATAPOWER,2022-09-06,NSE,EQ,sell,200.0,244.55,1300000010755751,2022-09-06T11:14:09,,,,cash
563,TATAPOWER,2022-09-06,NSE,EQ,sell,100.0,245.3,1300000010969796,2022-09-06T11:21:31,,,,cash
564,TATAPOWER,2022-09-06,NSE,EQ,sell,100.0,245.7,1300000011913310,2022-09-06T11:30:35,,,,cash
565,TATAPOWER,2022-09-06,NSE,EQ,buy,150.0,245.2,1300000012201254,2022-09-06T11:35:48,,,,cash
566,TATAPOWER,2022-09-06,NSE,EQ,sell,150.0,246.2,1300000012212663,2022-09-06T11:44:53,,,,cash
567,TATAPOWER,2022-09-06,NSE,EQ,buy,400.0,245.9,1300000015946170,2022-09-06T12:43:10,,,,cash
568,ADANIENT,2022-09-06,NSE,EQ,sell,15.0,3432.2,1000000014880884,2022-09-06T12:54:22,,,,cash
569,ADANIENT,2022-09-06,NSE,EQ,sell,3.0,3433.05,1000000014912228,2022-09-06T12:55:02,,,,cash
570,ADANIENT,2022-09-06,NSE,EQ,sell,2.0,3436.0,1000000014916340,2022-09-06T12:56:40,,,,cash
571,ADANIENT,2022-09-06,NSE,EQ,sell,25.0,3442.0,1000000014894163,2022-09-06T13:10:54,,,,cash
572,ADANIENT,2022-09-06,NSE,EQ,buy,5.0,3434.0,1000000017676542,2022-09-06T13:50:54,,,,cash
573,ADANIENT,2022-09-06,NSE,EQ,buy,40.0,3435.7,1000000019079715,2022-09-06T14:18:27,,,,cash
574,TATAPOWER,2022-09-06,NSE,EQ,sell,200.0,247.1,1300000022653930,2022-09-06T14:43:00,,,,cash
575,TATAPOWER,2022-09-06,NSE,EQ,sell,100.0,247.2,1300000022689364,2022-09-06T15:03:15,,,,cash
576,TATAPOWER,2022-09-06,NSE,EQ,sell,200.0,247.3,1300000022664082,2022-09-06T15:03:15,,,,cash
577,TATAPOWER,2022-09-06,NSE,EQ,buy,200.0,248.0,1300000022673809,2022-09-06T15:04:49,,,,cash
578,TATAPOWER,2022-09-06,NSE,EQ,buy,300.0,247.25,1300000024323177,2022-09-06T15:10:17,,,,cash
579,AMBUJACEM,2022-09-07,NSE,EQ,sell,1400.0,440.05,1000000000024971,2022-09-07T09:07:57,,,,cash
580,NTPC,2022-09-07,NSE,EQ,sell,3333.0,168.5,1200000000032703,2022-09-07T09:07:57,,,,cash
581,AMBUJACEM,2022-09-07,NSE,EQ,buy,1400.0,443.9,1000000000982867,2022-09-07T09:19:41,,,,cash
582,NTPC,2022-09-07,NSE,EQ,buy,3333.0,169.2,1200000001084432,2022-09-07T09:23:34,,,,cash
583,AMBUJACEM,2022-09-07,NSE,EQ,sell,224.0,442.9,1000000001987226,2022-09-07T09:26:36,,,,cash
584,AMBUJACEM,2022-09-07,NSE,EQ,buy,224.0,446.45,1000000002098801,2022-09-07T09:32:29,,,,cash
585,ACC,2022-09-07,NSE,EQ,sell,10.0,2408.7,1000000003351189,2022-09-07T09:38:32,,,,cash
586,ACC,2022-09-07,NSE,EQ,sell,5.0,2418.0,1000000003688211,2022-09-07T09:41:44,,,,cash
587,ACC,2022-09-07,NSE,EQ,sell,5.0,2419.0,1000000003776156,2022-09-07T09:42:40,,,,cash
588,ACC,2022-09-07,NSE,EQ,sell,40.0,2426.0,1000000003482736,2022-09-07T09:43:43,,,,cash
589,ACC,2022-09-07,NSE,EQ,buy,60.0,2445.0,1000000003726729,2022-09-07T09:54:03,,,,cash
590,ACC,2022-09-07,NSE,EQ,sell,10.0,2437.9,1000000005004930,2022-09-07T09:55:09,,,,cash
591,ACC,2022-09-07,NSE,EQ,sell,5.0,2425.5,1000000005222175,2022-09-07T09:57:37,,,,cash
592,ACC,2022-09-07,NSE,EQ,sell,5.0,2437.0,1000000007354770,2022-09-07T10:28:11,,,,cash
593,ACC,2022-09-07,NSE,EQ,buy,10.0,2413.6,1000000009343432,2022-09-07T11:01:33,,,,cash
594,ACC,2022-09-07,NSE,EQ,buy,10.0,2392.0,1000000009370677,2022-09-07T11:15:39,,,,cash
595,ACC,2022-09-07,NSE,EQ,sell,50.0,2413.5,1000000013436076,2022-09-07T12:12:54,,,,cash
596,ACC,2022-09-07,NSE,EQ,buy,45.0,2413.9,1000000013445482,2022-09-07T12:13:14,,,,cash
597,ACC,2022-09-07,NSE,EQ,sell,10.0,2421.0,1000000009361562,2022-09-07T12:25:57,,,,cash
598,ACC,2022-09-07,NSE,EQ,sell,5.0,2432.0,1000000007501947,2022-09-07T12:26:57,,,,cash
599,ACC,2022-09-07,NSE,EQ,buy,10.0,2412.0,1000000022401522,2022-09-07T14:26:14,,,,cash
600,ACC,2022-09-07,NSE,EQ,buy,10.0,2410.6,1000000022394809,2022-09-07T14:26:45,,,,cash
601,ACC,2022-09-08,NSE,EQ,sell,160.0,2420.85,1000000000041640,2022-09-08T09:07:58,,,,cash
602,AMBUJACEM,2022-09-08,NSE,EQ,sell,50.0,453.95,1000000000041580,2022-09-08T09:07:58,,,,cash
603,AMBUJACEM,2022-09-08,NSE,EQ,sell,800.0,453.95,1000000000041578,2022-09-08T09:07:58,,,,cash
604,ASTRAL,2022-09-08,NSE,EQ,sell,155.0,2456.1,1000000000041576,2022-09-08T09:07:58,,,,cash
605,ASTRAL,2022-09-08,NSE,EQ,buy,155.0,2472.85,1000000000689113,2022-09-08T09:17:37,,,,cash
606,AMBUJACEM,2022-09-08,NSE,EQ,buy,850.0,450.0,1000000000570102,2022-09-08T09:18:35,,,,cash
607,ULTRACEMCO,2022-09-08,NSE,EQ,sell,22.0,6848.15,1300000001496552,2022-09-08T09:21:53,,,,cash
608,ACC,2022-09-08,NSE,EQ,sell,40.0,2420.6,1000000001585834,2022-09-08T09:23:56,,,,cash
609,ULTRACEMCO,2022-09-08,NSE,EQ,buy,22.0,6880.0,1300000001570321,2022-09-08T09:25:12,,,,cash
610,ACC,2022-09-08,NSE,EQ,buy,200.0,2430.0,1000000001527225,2022-09-08T09:28:36,,,,cash
611,DALBHARAT,2022-09-08,NSE,EQ,sell,10.0,1634.05,1100000012616090,2022-09-08T12:00:01,,,,cash
612,HINDPETRO,2022-09-08,NSE,EQ,sell,300.0,252.55,1100000012700262,2022-09-08T12:01:57,,,,cash
613,DALBHARAT,2022-09-08,NSE,EQ,buy,10.0,1634.9,1100000012725936,2022-09-08T12:02:47,,,,cash
614,HINDPETRO,2022-09-08,NSE,EQ,sell,30.0,252.8,1100000012872869,2022-09-08T12:05:03,,,,cash
615,HINDPETRO,2022-09-08,NSE,EQ,buy,330.0,250.4,1100000012988074,2022-09-08T12:58:11,,,,cash
616,DALBHARAT,2022-09-09,NSE,EQ,sell,300.0,1654.0,1100000000010994,2022-09-09T09:07:03,,,,cash
617,JKCEMENT,2022-09-09,NSE,EQ,sell,170.0,2960.6,1200000000009696,2022-09-09T09:07:03,,,,cash
618,DALBHARAT,2022-09-09,NSE,EQ,buy,300.0,1665.9,1100000000732403,2022-09-09T09:24:38,,,,cash
619,ULTRACEMCO,2022-09-09,NSE,EQ,buy,21.0,6958.0,1300000001791633,2022-09-09T09:32:08,,,,cash
620,ULTRACEMCO,2022-09-09,NSE,EQ,sell,21.0,6943.0,1300000002758455,2022-09-09T09:33:45,,,,cash
621,JKCEMENT,2022-09-09,NSE,EQ,buy,170.0,2974.5,1200000001221718,2022-09-09T10:29:18,,,,cash
622,SHREECEM,2022-09-09,NSE,EQ,sell,1.0,25158.0,1300000011499873,2022-09-09T11:47:59,,,,cash
623,SHREECEM,2022-09-09,NSE,EQ,buy,1.0,25214.95,1300000011726511,2022-09-09T11:51:30,,,,cash
624,SHREECEM,2022-09-09,NSE,EQ,sell,1.0,25210.0,1300000011531503,2022-09-09T11:51:30,,,,cash
625,SHREECEM,2022-09-09,NSE,EQ,sell,1.0,25290.0,1300000011740123,2022-09-09T11:55:27,,,,cash
626,SHREECEM,2022-09-09,NSE,EQ,buy,1.0,25065.9,1300000011654393,2022-09-09T13:12:19,,,,cash
627,SHREECEM,2022-09-09,NSE,EQ,buy,1.0,24943.45,1300000016530116,2022-09-09T13:20:13,,,,cash
628,ACC,2022-09-12,NSE,EQ,sell,89.0,2375.0,1000000000038407,2022-09-12T09:07:30,,,,cash
629,FSL,2022-09-12,NSE,EQ,sell,1800.0,117.5,1100000000057400,2022-09-12T09:07:30,,,,cash
630,JKCEMENT,2022-09-12,NSE,EQ,sell,73.0,2844.95,1200000000048014,2022-09-12T09:07:30,,,,cash
631,FSL,2022-09-12,NSE,EQ,buy,1800.0,117.7,1100000000691971,2022-09-12T09:17:37,,,,cash
632,JKCEMENT,2022-09-12,NSE,EQ,buy,73.0,2818.6,1200000000847951,2022-09-12T09:22:06,,,,cash
633,ACC,2022-09-12,NSE,EQ,buy,89.0,2353.5,1000000000847149,2022-09-12T09:22:27,,,,cash
634,BSOFT,2022-09-12,NSE,EQ,sell,300.0,339.9,1000000008728918,2022-09-12T11:38:28,,,,cash
635,ACC,2022-09-12,NSE,EQ,sell,10.0,2456.0,1000000008852818,2022-09-12T11:41:08,,,,cash
636,ACC,2022-09-12,NSE,EQ,sell,5.0,2455.0,1000000008873276,2022-09-12T11:41:33,,,,cash
637,ACC,2022-09-12,NSE,EQ,sell,5.0,2454.35,1000000008927719,2022-09-12T11:42:44,,,,cash
638,ACC,2022-09-12,NSE,EQ,sell,10.0,2455.0,1000000008941650,2022-09-12T11:43:01,,,,cash
639,ACC,2022-09-12,NSE,EQ,sell,20.0,2461.0,1000000008869689,2022-09-12T11:49:46,,,,cash
640,BSOFT,2022-09-12,NSE,EQ,sell,150.0,340.6,1000000008752547,2022-09-12T11:57:10,,,,cash
641,ACC,2022-09-12,NSE,EQ,buy,20.0,2459.0,1000000011905030,2022-09-12T13:03:44,,,,cash
642,BSOFT,2022-09-12,NSE,EQ,buy,150.0,338.25,1000000011916618,2022-09-12T13:04:07,,,,cash
643,ACC,2022-09-12,NSE,EQ,buy,30.0,2447.0,1000000009213850,2022-09-12T13:12:55,,,,cash
644,BSOFT,2022-09-12,NSE,EQ,buy,300.0,337.0,1000000008789193,2022-09-12T13:35:27,,,,cash
645,ATUL,2022-09-13,NSE,EQ,sell,45.0,9632.25,1000000000015528,2022-09-13T09:07:45,,,,cash
646,GODREJPROP,2022-09-13,NSE,EQ,sell,285.0,1470.0,1100000000026470,2022-09-13T09:07:45,,,,cash
647,OBEROIRLTY,2022-09-13,NSE,EQ,sell,250.0,1063.3,1200000000017288,2022-09-13T09:07:45,,,,cash
648,ATUL,2022-09-13,NSE,EQ,buy,45.0,9701.0,1000000000217710,2022-09-13T09:17:00,,,,cash
649,GODREJPROP,2022-09-13,NSE,EQ,buy,140.0,1456.1,1100000000327289,2022-09-13T09:17:06,,,,cash
650,GODREJPROP,2022-09-13,NSE,EQ,buy,145.0,1453.5,1100000000632879,2022-09-13T09:17:44,,,,cash
651,OBEROIRLTY,2022-09-13,NSE,EQ,buy,250.0,1066.55,1200000000783438,2022-09-13T09:33:06,,,,cash
652,TATACHEM,2022-09-13,NSE,EQ,sell,20.0,1184.55,1300000006590844,2022-09-13T10:28:36,,,,cash
653,TATACHEM,2022-09-13,NSE,EQ,buy,20.0,1182.6,1300000006817175,2022-09-13T10:31:42,,,,cash
654,TRENT,2022-09-13,NSE,EQ,sell,35.0,1437.45,1300000007154652,2022-09-13T10:36:20,,,,cash
655,BATAINDIA,2022-09-13,NSE,EQ,sell,5.0,1971.5,1000000007011896,2022-09-13T10:42:11,,,,cash
656,TRENT,2022-09-13,NSE,EQ,buy,15.0,1438.75,1300000007844928,2022-09-13T10:46:41,,,,cash
657,BATAINDIA,2022-09-13,NSE,EQ,buy,5.0,1948.75,1000000010308147,2022-09-13T11:41:25,,,,cash
658,SRF,2022-09-13,NSE,EQ,sell,1.0,2837.6,1300000011258404,2022-09-13T11:44:15,,,,cash
659,SRF,2022-09-13,NSE,EQ,sell,1.0,2839.0,1300000011263639,2022-09-13T11:44:31,,,,cash
660,SRF,2022-09-13,NSE,EQ,sell,3.0,2842.0,1300000011240929,2022-09-13T11:44:39,,,,cash
661,TRENT,2022-09-13,NSE,EQ,buy,20.0,1436.85,1300000011367722,2022-09-13T11:46:10,,,,cash
662,OBEROIRLTY,2022-09-13,NSE,EQ,buy,250.0,1053.45,1200000000243275,2022-09-13T15:02:59,,,,cash
663,SRF,2022-09-13,NSE,EQ,buy,5.0,2820.6,1300000021705486,2022-09-13T15:20:55,,,,cash
664,OBEROIRLTY,2022-09-13,NSE,EQ,sell,250.0,1053.15,1200000020470215,2022-09-13T15:20:57,,,,cash
665,TATACONSUM,2022-09-14,NSE,EQ,sell,435.0,847.4,1300000000006787,2022-09-14T09:17:33,,,,cash
666,TATACONSUM,2022-09-14,NSE,EQ,buy,435.0,850.0,1300000000946133,2022-09-14T09:18:39,,,,cash
667,ASTRAL,2022-09-14,NSE,EQ,buy,70.0,2407.0,1000000001259869,2022-09-14T09:20:46,,,,cash
668,LALPATHLAB,2022-09-14,NSE,EQ,buy,70.0,2411.0,1200000001819782,2022-09-14T09:24:49,,,,cash
669,LALPATHLAB,2022-09-14,NSE,EQ,buy,30.0,2403.55,1200000001941562,2022-09-14T09:26:35,,,,cash
670,ASTRAL,2022-09-14,NSE,EQ,sell,70.0,2427.0,1000000001771933,2022-09-14T09:27:22,,,,cash
671,LALPATHLAB,2022-09-14,NSE,EQ,sell,100.0,2408.1,1200000002508312,2022-09-14T09:49:25,,,,cash
672,ACC,2022-09-14,NSE,EQ,sell,5.0,2683.95,1000000011095039,2022-09-14T11:20:33,,,,cash
673,VEDL,2022-09-14,NSE,EQ,sell,50.0,295.6,1300000013416594,2022-09-14T11:27:30,,,,cash
674,DALBHARAT,2022-09-14,NSE,EQ,buy,10.0,1750.0,1100000015257605,2022-09-14T12:34:05,,,,cash
675,DALBHARAT,2022-09-14,NSE,EQ,buy,5.0,1749.7,1100000015413497,2022-09-14T12:36:14,,,,cash
676,ACC,2022-09-14,NSE,EQ,buy,5.0,2662.65,1000000016870059,2022-09-14T12:59:32,,,,cash
677,VEDL,2022-09-14,NSE,EQ,sell,20.0,297.0,1300000014291994,2022-09-14T13:02:16,,,,cash
678,VEDL,2022-09-14,NSE,EQ,sell,200.0,298.0,1300000013323025,2022-09-14T13:03:09,,,,cash
679,VEDL,2022-09-14,NSE,EQ,sell,150.0,299.0,1300000013473410,2022-09-14T13:03:27,,,,cash
680,VEDL,2022-09-14,NSE,EQ,buy,180.0,298.0,1300000019790190,2022-09-14T13:11:25,,,,cash
681,DALBHARAT,2022-09-14,NSE,EQ,sell,5.0,1753.9,1100000017517563,2022-09-14T13:11:56,,,,cash
682,DALBHARAT,2022-09-14,NSE,EQ,sell,10.0,1753.55,1100000017626356,2022-09-14T13:14:05,,,,cash
683,VEDL,2022-09-14,NSE,EQ,sell,50.0,298.8,1300000019897809,2022-09-14T13:25:40,,,,cash
684,VEDL,2022-09-14,NSE,EQ,sell,60.0,299.6,1300000019837142,2022-09-14T13:27:00,,,,cash
685,VEDL,2022-09-14,NSE,EQ,buy,350.0,300.0,1300000020026949,2022-09-14T13:27:15,,,,cash
686,VEDL,2022-09-14,NSE,EQ,sell,100.0,301.3,1300000020709119,2022-09-14T13:29:02,,,,cash
687,VEDL,2022-09-14,NSE,EQ,sell,50.0,302.75,1300000020728555,2022-09-14T13:29:21,,,,cash
688,VEDL,2022-09-14,NSE,EQ,sell,150.0,302.75,1300000020736448,2022-09-14T13:29:28,,,,cash
689,VEDL,2022-09-14,NSE,EQ,buy,300.0,304.0,1300000020723705,2022-09-14T13:29:44,,,,cash
690,VEDL,2022-09-14,NSE,EQ,sell,80.0,303.85,1300000020835186,2022-09-14T13:30:57,,,,cash
691,VEDL,2022-09-14,NSE,EQ,sell,150.0,304.2,1300000020826513,2022-09-14T13:31:07,,,,cash
692,VEDL,2022-09-14,NSE,EQ,sell,20.0,304.8,1300000020854441,2022-09-14T13:31:50,,,,cash
693,VEDL,2022-09-14,NSE,EQ,buy,250.0,309.0,1300000022096020,2022-09-14T13:49:23,,,,cash
694,VEDL,2022-09-14,NSE,EQ,sell,50.0,312.9,1300000022621991,2022-09-14T13:55:39,,,,cash
695,VEDL,2022-09-14,NSE,EQ,sell,100.0,314.2,1300000022638092,2022-09-14T13:56:15,,,,cash
696,VEDL,2022-09-14,NSE,EQ,buy,150.0,309.0,1300000022712527,2022-09-14T14:02:32,,,,cash
697,ACC,2022-09-15,NSE,EQ,buy,181.0,2754.7,1000000000422412,2022-09-15T09:16:21,,,,cash
698,VEDL,2022-09-15,NSE,EQ,sell,10.0,316.3,1300000000919526,2022-09-15T09:18:16,,,,cash
699,VEDL,2022-09-15,NSE,EQ,sell,50.0,317.4,1300000000834816,2022-09-15T09:18:26,,,,cash
700,ACC,2022-09-15,NSE,EQ,sell,181.0,2733.8,1000000000585076,2022-09-15T09:21:19,,,,cash
701,VEDL,2022-09-15,NSE,EQ,buy,60.0,314.2,1300000001716974,2022-09-15T09:36:55,,,,cash
702,PVR,2022-09-15,NSE,EQ,sell,15.0,1862.0,1200000005619385,2022-09-15T09:57:44,,,,cash
703,PVR,2022-09-15,NSE,EQ,sell,60.0,1861.35,1200000005733019,2022-09-15T09:58:06,,,,cash
704,PVR,2022-09-15,NSE,EQ,sell,15.0,1864.0,1200000005758879,2022-09-15T09:59:25,,,,cash
705,PVR,2022-09-15,NSE,EQ,buy,35.0,1845.4,1200000009870128,2022-09-15T10:45:01,,,,cash
706,PVR,2022-09-15,NSE,EQ,buy,90.0,1843.0,1200000005866743,2022-09-15T10:45:07,,,,cash
707,PVR,2022-09-15,NSE,EQ,sell,35.0,1844.05,1200000009892973,2022-09-15T10:45:18,,,,cash
708,NATIONALUM,2022-09-15,NSE,EQ,buy,500.0,79.75,1200000010185943,2022-09-15T10:48:57,,,,cash
709,NATIONALUM,2022-09-15,NSE,EQ,buy,400.0,79.6,1200000010196305,2022-09-15T10:49:56,,,,cash
710,NATIONALUM,2022-09-15,NSE,EQ,buy,200.0,79.45,1200000010319771,2022-09-15T12:07:19,,,,cash
711,NATIONALUM,2022-09-15,NSE,EQ,sell,900.0,79.5,1200000010241519,2022-09-15T12:29:18,,,,cash
712,NATIONALUM,2022-09-15,NSE,EQ,sell,200.0,79.5,1200000016859052,2022-09-15T12:29:41,,,,cash
713,ADANIENT,2022-09-15,NSE,EQ,sell,25.0,3653.1,1000000015758210,2022-09-15T12:40:05,,,,cash
714,ADANIENT,2022-09-15,NSE,EQ,sell,15.0,3662.0,1000000015768060,2022-09-15T12:49:37,,,,cash
715,ADANIENT,2022-09-15,NSE,EQ,buy,10.0,3670.7,1000000016597732,2022-09-15T12:56:46,,,,cash
716,ADANIENT,2022-09-15,NSE,EQ,buy,10.0,3670.85,1000000016630619,2022-09-15T12:57:21,,,,cash
717,ADANIENT,2022-09-15,NSE,EQ,sell,5.0,3676.95,1000000016680056,2022-09-15T12:58:29,,,,cash
718,ADANIENT,2022-09-15,NSE,EQ,sell,20.0,3684.0,1000000016615499,2022-09-15T13:07:09,,,,cash
719,ADANIENT,2022-09-15,NSE,EQ,sell,20.0,3690.0,1000000016721548,2022-09-15T13:07:54,,,,cash
720,ADANIENT,2022-09-15,NSE,EQ,sell,15.0,3677.85,1000000017324103,2022-09-15T13:11:49,,,,cash
721,ADANIENT,2022-09-15,NSE,EQ,buy,30.0,3671.85,1000000018297433,2022-09-15T13:28:55,,,,cash
722,ADANIENT,2022-09-15,NSE,EQ,buy,15.0,3678.0,1000000018647436,2022-09-15T13:34:20,,,,cash
723,ADANIENT,2022-09-15,NSE,EQ,sell,10.0,3693.0,1000000018466139,2022-09-15T13:43:28,,,,cash
724,ADANIENT,2022-09-15,NSE,EQ,sell,15.0,3696.0,1000000018633186,2022-09-15T13:43:52,,,,cash
725,ADANIENT,2022-09-15,NSE,EQ,buy,60.0,3729.95,1000000020348599,2022-09-15T14:01:38,,,,cash
726,ASTRAL,2022-09-16,NSE,EQ,sell,135.0,2505.45,1000000000010563,2022-09-16T09:07:49,,,,cash
727,ASTRAL,2022-09-16,NSE,EQ,buy,135.0,2485.0,1000000003208445,2022-09-16T09:35:18,,,,cash
728,PVR,2022-09-16,NSE,EQ,buy,100.0,1790.3,1200000007190552,2022-09-16T10:16:49,,,,cash
729,PVR,2022-09-16,NSE,EQ,sell,100.0,1780.0,1200000007216487,2022-09-16T11:42:31,,,,cash
730,INDIACEM,2022-09-16,NSE,EQ,sell,300.0,277.75,1100000016146466,2022-09-16T12:35:23,,,,cash
731,INDIACEM,2022-09-16,NSE,EQ,sell,100.0,278.6,1100000016174572,2022-09-16T12:36:10,,,,cash
732,INDIACEM,2022-09-16,NSE,EQ,buy,400.0,274.4,1100000016661179,2022-09-16T13:01:04,,,,cash
733,GRANULES,2022-09-19,NSE,EQ,sell,200.0,325.75,1100000007693125,2022-09-19T10:20:53,,,,cash
734,GRANULES,2022-09-19,NSE,EQ,buy,100.0,322.95,1100000008114835,2022-09-19T10:27:12,,,,cash
735,GRANULES,2022-09-19,NSE,EQ,buy,100.0,322.6,1100000008003882,2022-09-19T10:27:29,,,,cash
736,AMBUJACEM,2022-09-19,NSE,EQ,sell,120.0,557.9,1000000009513868,2022-09-19T10:33:03,,,,cash
737,AMBUJACEM,2022-09-19,NSE,EQ,sell,80.0,559.6,1000000009549507,2022-09-19T10:33:21,,,,cash
738,AMBUJACEM,2022-09-19,NSE,EQ,sell,100.0,561.0,1000000009581885,2022-09-19T10:34:07,,,,cash
739,AMBUJACEM,2022-09-19,NSE,EQ,sell,100.0,566.0,1000000009734276,2022-09-19T10:39:23,,,,cash
740,AMBUJACEM,2022-09-19,NSE,EQ,sell,50.0,567.0,1000000009946679,2022-09-19T10:40:08,,,,cash
741,AMBUJACEM,2022-09-19,NSE,EQ,buy,100.0,561.5,1000000010851011,2022-09-19T10:47:18,,,,cash
742,AMBUJACEM,2022-09-19,NSE,EQ,buy,100.0,561.0,1000000010873208,2022-09-19T10:47:40,,,,cash
743,AMBUJACEM,2022-09-19,NSE,EQ,buy,250.0,560.9,1000000009993125,2022-09-19T10:48:13,,,,cash
744,AMBUJACEM,2022-09-19,NSE,EQ,buy,20.0,560.8,1000000011270774,2022-09-19T10:52:38,,,,cash
745,AMBUJACEM,2022-09-19,NSE,EQ,sell,40.0,560.9,1000000011276881,2022-09-19T10:52:44,,,,cash
746,AMBUJACEM,2022-09-19,NSE,EQ,buy,20.0,557.05,1000000011544547,2022-09-19T10:56:28,,,,cash
747,AMBUJACEM,2022-09-19,NSE,EQ,sell,20.0,560.6,1000000011627644,2022-09-19T10:58:36,,,,cash
748,RELIANCE,2022-09-19,NSE,EQ,sell,5.0,2511.2,1300000011744664,2022-09-19T11:01:19,,,,cash
749,RELIANCE,2022-09-19,NSE,EQ,sell,30.0,2511.05,1300000011837882,2022-09-19T11:02:26,,,,cash
750,AMBUJACEM,2022-09-19,NSE,EQ,sell,80.0,562.6,1000000011250018,2022-09-19T11:12:05,,,,cash
751,RELIANCE,2022-09-19,NSE,EQ,sell,15.0,2516.0,1300000011850631,2022-09-19T11:20:13,,,,cash
752,AMBUJACEM,2022-09-19,NSE,EQ,buy,100.0,560.25,1000000013756404,2022-09-19T11:26:16,,,,cash
753,RELIANCE,2022-09-19,NSE,EQ,buy,10.0,2499.3,1300000014405433,2022-09-19T11:38:16,,,,cash
754,RELIANCE,2022-09-19,NSE,EQ,buy,40.0,2494.0,1300000011891803,2022-09-19T11:40:29,,,,cash
755,AMBUJACEM,2022-09-19,NSE,EQ,sell,20.0,566.25,1000000016646200,2022-09-19T11:59:11,,,,cash
756,AMBUJACEM,2022-09-19,NSE,EQ,sell,10.0,567.6,1000000016670644,2022-09-19T11:59:29,,,,cash
757,RELIANCE,2022-09-19,NSE,EQ,sell,10.0,2506.0,1300000016396010,2022-09-19T12:05:14,,,,cash
758,AMBUJACEM,2022-09-19,NSE,EQ,buy,30.0,564.4,1000000016726504,2022-09-19T12:08:30,,,,cash
759,RELIANCE,2022-09-19,NSE,EQ,sell,20.0,2513.0,1300000013670772,2022-09-19T13:18:39,,,,cash
760,RELIANCE,2022-09-19,NSE,EQ,sell,10.0,2516.0,1300000016980514,2022-09-19T13:49:55,,,,cash
761,RELIANCE,2022-09-19,NSE,EQ,buy,40.0,2514.7,1300000016954317,2022-09-19T14:17:14,,,,cash
762,ZEEL,2022-09-20,NSE,EQ,sell,250.0,274.55,1300000006566627,2022-09-20T10:19:18,,,,cash
763,ZEEL,2022-09-20,NSE,EQ,sell,100.0,274.4,1300000006617065,2022-09-20T10:19:58,,,,cash
764,ZEEL,2022-09-20,NSE,EQ,sell,150.0,275.2,1300000006583749,2022-09-20T10:28:10,,,,cash
765,ZEEL,2022-09-20,NSE,EQ,buy,200.0,273.15,1300000008103380,2022-09-20T10:42:40,,,,cash
766,ZEEL,2022-09-20,NSE,EQ,buy,200.0,273.0,1300000006774162,2022-09-20T10:43:43,,,,cash
767,ZEEL,2022-09-20,NSE,EQ,buy,100.0,273.2,1300000008131573,2022-09-20T10:43:59,,,,cash
768,EXIDEIND,2022-09-20,NSE,EQ,sell,200.0,169.1,1100000008483187,2022-09-20T10:56:17,,,,cash
769,EXIDEIND,2022-09-20,NSE,EQ,sell,50.0,168.75,1100000008522946,2022-09-20T10:56:54,,,,cash
770,EXIDEIND,2022-09-20,NSE,EQ,sell,200.0,168.9,1100000008508447,2022-09-20T10:57:00,,,,cash
771,EXIDEIND,2022-09-20,NSE,EQ,buy,150.0,168.1,1100000012061976,2022-09-20T12:07:35,,,,cash
772,EXIDEIND,2022-09-20,NSE,EQ,buy,300.0,167.7,1100000008518513,2022-09-20T12:09:44,,,,cash
773,JKCEMENT,2022-09-21,NSE,EQ,sell,175.0,2909.5,1200000000033440,2022-09-21T09:15:19,,,,cash
774,JKCEMENT,2022-09-21,NSE,EQ,buy,175.0,2918.0,1200000001345349,2022-09-21T09:23:38,,,,cash
775,ACC,2022-09-21,NSE,EQ,sell,10.0,2631.0,1000000008605983,2022-09-21T10:38:38,,,,cash
776,INDIACEM,2022-09-21,NSE,EQ,buy,150.0,275.9,1100000008057246,2022-09-21T10:42:02,,,,cash
777,ACC,2022-09-21,NSE,EQ,sell,30.0,2633.9,1000000008596783,2022-09-21T10:43:27,,,,cash
778,ACC,2022-09-21,NSE,EQ,buy,10.0,2614.0,1000000008696814,2022-09-21T10:44:11,,,,cash
779,ACC,2022-09-21,NSE,EQ,buy,30.0,2612.0,1000000009049827,2022-09-21T10:44:17,,,,cash
780,INDIACEM,2022-09-21,NSE,EQ,buy,50.0,275.4,1100000008073256,2022-09-21T10:45:27,,,,cash
781,INDIACEM,2022-09-21,NSE,EQ,buy,50.0,275.3,1100000008486681,2022-09-21T10:50:19,,,,cash
782,INDIACEM,2022-09-21,NSE,EQ,sell,250.0,276.2,1100000008881825,2022-09-21T10:55:56,,,,cash
783,HINDUNILVR,2022-09-21,NSE,EQ,sell,20.0,2635.85,1100000009574737,2022-09-21T11:08:14,,,,cash
784,HINDUNILVR,2022-09-21,NSE,EQ,sell,10.0,2635.25,1100000009622921,2022-09-21T11:08:59,,,,cash
785,HINDUNILVR,2022-09-21,NSE,EQ,buy,10.0,2635.0,1100000009994360,2022-09-21T11:15:26,,,,cash
786,IOC,2022-09-21,NSE,EQ,sell,350.0,68.85,1100000010515519,2022-09-21T11:25:07,,,,cash
787,HINDUNILVR,2022-09-21,NSE,EQ,buy,20.0,2632.8,1100000011949543,2022-09-21T11:48:16,,,,cash
788,IOC,2022-09-21,NSE,EQ,sell,200.0,68.85,1100000010591003,2022-09-21T12:48:56,,,,cash
789,AMBUJACEM,2022-09-21,NSE,EQ,sell,100.0,540.55,1000000019233050,2022-09-21T12:53:57,,,,cash
790,AMBUJACEM,2022-09-21,NSE,EQ,sell,20.0,541.15,1000000019282572,2022-09-21T12:54:38,,,,cash
791,AMBUJACEM,2022-09-21,NSE,EQ,sell,30.0,541.0,1000000019312723,2022-09-21T12:55:07,,,,cash
792,AMBUJACEM,2022-09-21,NSE,EQ,sell,50.0,542.0,1000000019243526,2022-09-21T12:55:15,,,,cash
793,IOC,2022-09-21,NSE,EQ,buy,550.0,68.9,1100000016576178,2022-09-21T12:56:00,,,,cash
794,AMBUJACEM,2022-09-21,NSE,EQ,sell,100.0,544.6,1000000019298145,2022-09-21T12:56:53,,,,cash
795,AMBUJACEM,2022-09-21,NSE,EQ,sell,200.0,546.0,1000000019391286,2022-09-21T12:57:15,,,,cash
796,AMBUJACEM,2022-09-21,NSE,EQ,buy,50.0,543.3,1000000019746497,2022-09-21T13:01:00,,,,cash
797,AMBUJACEM,2022-09-21,NSE,EQ,buy,50.0,541.85,1000000019925019,2022-09-21T13:03:32,,,,cash
798,AMBUJACEM,2022-09-21,NSE,EQ,buy,250.0,542.6,1000000019657303,2022-09-21T13:06:13,,,,cash
799,AMBUJACEM,2022-09-21,NSE,EQ,buy,50.0,541.0,1000000019404924,2022-09-21T13:08:46,,,,cash
800,AMBUJACEM,2022-09-21,NSE,EQ,sell,50.0,544.6,1000000020309214,2022-09-21T13:16:01,,,,cash
801,AMBUJACEM,2022-09-21,NSE,EQ,sell,100.0,547.0,1000000019771829,2022-09-21T13:40:39,,,,cash
802,AMBUJACEM,2022-09-21,NSE,EQ,buy,250.0,550.0,1000000019481839,2022-09-21T13:45:02,,,,cash
803,INFY,2022-09-21,NSE,EQ,sell,100.0,1386.0,1100000019684597,2022-09-21T13:48:43,,,,cash
804,INFY,2022-09-21,NSE,EQ,sell,30.0,1384.6,1100000020217569,2022-09-21T14:05:43,,,,cash
805,INFY,2022-09-21,NSE,EQ,buy,30.0,1379.6,1100000019945764,2022-09-21T14:47:30,,,,cash
806,INFY,2022-09-21,NSE,EQ,buy,40.0,1378.5,1100000022251060,2022-09-21T14:49:01,,,,cash
807,INFY,2022-09-21,NSE,EQ,buy,30.0,1378.35,1100000023222065,2022-09-21T14:49:08,,,,cash
808,INFY,2022-09-21,NSE,EQ,buy,30.0,1378.3,1100000023235463,2022-09-21T14:49:21,,,,cash
809,INFY,2022-09-21,NSE,EQ,sell,30.0,1377.4,1100000023322670,2022-09-21T14:50:44,,,,cash
810,INFY,2022-09-21,NSE,EQ,buy,30.0,1377.85,1100000023380220,2022-09-21T14:51:35,,,,cash
811,AMBUJACEM,2022-09-22,NSE,EQ,sell,150.0,539.85,1000000009987485,2022-09-22T10:48:14,,,,cash
812,AMBUJACEM,2022-09-22,NSE,EQ,buy,50.0,539.05,1000000010106169,2022-09-22T10:49:32,,,,cash
813,AMBUJACEM,2022-09-22,NSE,EQ,sell,30.0,541.0,1000000010170630,2022-09-22T10:51:49,,,,cash
814,AMBUJACEM,2022-09-22,NSE,EQ,buy,130.0,539.4,1000000010401658,2022-09-22T10:54:21,,,,cash
815,COFORGE,2022-09-22,NSE,EQ,sell,3.0,3388.0,1000000010728649,2022-09-22T10:57:57,,,,cash
816,COFORGE,2022-09-22,NSE,EQ,sell,15.0,3396.0,1000000010747642,2022-09-22T11:00:00,,,,cash
817,COFORGE,2022-09-22,NSE,EQ,sell,10.0,3402.0,1000000010769674,2022-09-22T11:01:31,,,,cash
818,COFORGE,2022-09-22,NSE,EQ,sell,25.0,3410.0,1000000010778956,2022-09-22T11:01:39,,,,cash
819,COFORGE,2022-09-22,NSE,EQ,buy,53.0,3425.0,1000000011014005,2022-09-22T11:01:58,,,,cash
820,COFORGE,2022-09-22,NSE,EQ,sell,15.0,3427.4,1000000011085015,2022-09-22T11:02:44,,,,cash
821,COFORGE,2022-09-22,NSE,EQ,sell,25.0,3425.0,1000000011138374,2022-09-22T11:03:37,,,,cash
822,COFORGE,2022-09-22,NSE,EQ,buy,10.0,3426.75,1000000011195319,2022-09-22T11:04:43,,,,cash
823,COFORGE,2022-09-22,NSE,EQ,buy,30.0,3378.85,1000000010947921,2022-09-22T11:25:25,,,,cash
824,APOLLOTYRE,2022-09-22,NSE,EQ,buy,300.0,279.45,1000000012967345,2022-09-22T11:31:03,,,,cash
825,APOLLOTYRE,2022-09-22,NSE,EQ,buy,100.0,278.7,1000000012979936,2022-09-22T11:31:51,,,,cash
826,APOLLOTYRE,2022-09-22,NSE,EQ,buy,100.0,277.7,1000000013128461,2022-09-22T12:00:52,,,,cash
827,APOLLOTYRE,2022-09-22,NSE,EQ,sell,500.0,277.7,1000000015254898,2022-09-22T12:09:23,,,,cash
828,PIIND,2022-09-22,NSE,EQ,buy,50.0,3089.5,1200000014705903,2022-09-22T12:14:58,,,,cash
829,PIIND,2022-09-22,NSE,EQ,buy,30.0,3084.0,1200000014724819,2022-09-22T12:30:01,,,,cash
830,PIIND,2022-09-22,NSE,EQ,sell,50.0,3103.4,1200000016881604,2022-09-22T12:48:29,,,,cash
831,PIIND,2022-09-22,NSE,EQ,sell,30.0,3101.0,1200000016895612,2022-09-22T12:48:47,,,,cash
832,POWERGRID,2022-09-23,NSE,EQ,sell,350.0,210.0,1200000012154002,2022-09-23T11:24:59,,,,cash
833,POWERGRID,2022-09-23,NSE,EQ,buy,150.0,209.15,1200000013838241,2022-09-23T11:53:11,,,,cash
834,POWERGRID,2022-09-23,NSE,EQ,buy,200.0,208.1,1200000013873102,2022-09-23T12:39:34,,,,cash
835,POWERGRID,2022-09-23,NSE,EQ,buy,100.0,204.95,1200000019845296,2022-09-23T13:28:54,,,,cash
836,POWERGRID,2022-09-23,NSE,EQ,buy,150.0,204.4,1200000019855359,2022-09-23T13:36:21,,,,cash
837,POWERGRID,2022-09-23,NSE,EQ,buy,50.0,203.6,1200000020370811,2022-09-23T13:37:34,,,,cash
838,POWERGRID,2022-09-23,NSE,EQ,sell,300.0,203.0,1200000020366235,2022-09-23T13:38:44,,,,cash
839,POWERGRID,2022-09-26,NSE,EQ,buy,100.0,190.9,1200000002676697,2022-09-26T09:30:30,,,,cash
840,POWERGRID,2022-09-26,NSE,EQ,sell,40.0,190.85,1200000003040260,2022-09-26T09:33:00,,,,cash
841,POWERGRID,2022-09-26,NSE,EQ,buy,60.0,190.4,1200000002730761,2022-09-26T09:34:06,,,,cash
842,POWERGRID,2022-09-26,NSE,EQ,buy,30.0,189.8,1200000003678939,2022-09-26T09:37:45,,,,cash
843,POWERGRID,2022-09-26,NSE,EQ,buy,350.0,188.4,1200000003366522,2022-09-26T09:40:23,,,,cash
844,POWERGRID,2022-09-26,NSE,EQ,sell,500.0,187.0,1200000003767891,2022-09-26T09:42:48,,,,cash
845,TATAMOTORS,2022-09-26,NSE,EQ,buy,300.0,400.85,1300000004498791,2022-09-26T09:43:11,,,,cash
846,TATAMOTORS,2022-09-26,NSE,EQ,buy,100.0,399.0,1300000004540261,2022-09-26T10:02:34,,,,cash
847,TATAMOTORS,2022-09-26,NSE,EQ,buy,100.0,398.0,1300000004685696,2022-09-26T10:03:06,,,,cash
848,TATAMOTORS,2022-09-26,NSE,EQ,sell,100.0,400.55,1300000008078927,2022-09-26T10:14:32,,,,cash
849,TATAMOTORS,2022-09-26,NSE,EQ,sell,220.0,399.8,1300000005168681,2022-09-26T10:15:15,,,,cash
850,TATAMOTORS,2022-09-26,NSE,EQ,buy,220.0,397.0,1300000008205876,2022-09-26T10:55:57,,,,cash
851,TATAMOTORS,2022-09-26,NSE,EQ,buy,200.0,393.4,1300000013477909,2022-09-26T11:13:10,,,,cash
852,TATAMOTORS,2022-09-26,NSE,EQ,sell,200.0,397.4,1300000014907144,2022-09-26T11:28:08,,,,cash
853,TATAMOTORS,2022-09-26,NSE,EQ,sell,100.0,397.9,1300000015074514,2022-09-26T11:30:11,,,,cash
854,TATAMOTORS,2022-09-26,NSE,EQ,sell,300.0,398.0,1300000015160721,2022-09-26T11:31:11,,,,cash
855,ADANIENT,2022-09-26,NSE,EQ,buy,10.0,3591.9,1000000016575986,2022-09-26T11:45:06,,,,cash
856,ADANIENT,2022-09-26,NSE,EQ,sell,5.0,3606.1,1000000018959385,2022-09-26T12:16:08,,,,cash
857,ADANIENT,2022-09-26,NSE,EQ,sell,5.0,3620.0,1000000016809739,2022-09-26T12:40:00,,,,cash
858,POWERGRID,2022-09-27,NSE,EQ,sell,250.0,204.0,1200000011352660,2022-09-27T10:55:54,,,,cash
859,POWERGRID,2022-09-27,NSE,EQ,sell,300.0,204.6,1200000011368810,2022-09-27T11:09:37,,,,cash
860,POWERGRID,2022-09-27,NSE,EQ,buy,550.0,206.1,1200000014623799,2022-09-27T11:32:31,,,,cash
861,RELIANCE,2022-09-27,NSE,EQ,sell,80.0,2383.75,1300000014790387,2022-09-27T11:42:31,,,,cash
862,RELIANCE,2022-09-27,NSE,EQ,sell,50.0,2396.0,1300000014815158,2022-09-27T12:08:44,,,,cash
863,RELIANCE,2022-09-27,NSE,EQ,sell,20.0,2401.0,1300000014975135,2022-09-27T12:34:31,,,,cash
864,RELIANCE,2022-09-27,NSE,EQ,buy,150.0,2404.9,1300000018627887,2022-09-27T12:40:12,,,,cash
865,GRANULES,2022-09-27,NSE,EQ,sell,300.0,318.5,1100000021359948,2022-09-27T13:19:55,,,,cash
866,GRANULES,2022-09-27,NSE,EQ,sell,100.0,318.5,1100000021450913,2022-09-27T13:21:45,,,,cash
867,RELIANCE,2022-09-27,NSE,EQ,sell,20.0,2420.2,1300000021440649,2022-09-27T13:25:15,,,,cash
868,GRANULES,2022-09-27,NSE,EQ,sell,200.0,319.2,1100000021386242,2022-09-27T13:59:25,,,,cash
869,GRANULES,2022-09-27,NSE,EQ,buy,500.0,316.25,1100000026227199,2022-09-27T14:27:21,,,,cash
870,RELIANCE,2022-09-27,NSE,EQ,buy,20.0,2408.25,1300000025870928,2022-09-27T14:27:33,,,,cash
871,GRANULES,2022-09-27,NSE,EQ,buy,100.0,315.9,1100000021460401,2022-09-27T14:27:57,,,,cash
872,ABBOTINDIA,2022-09-28,NSE,EQ,sell,7.0,18016.0,1000000000923156,2022-09-28T09:21:50,,,,cash
873,ABBOTINDIA,2022-09-28,NSE,EQ,buy,7.0,18162.5,1000000001936990,2022-09-28T09:30:52,,,,cash
874,TATACHEM,2022-09-29,NSE,EQ,buy,50.0,1104.5,1300000009413189,2022-09-29T10:52:23,,,,cash
875,TATACHEM,2022-09-29,NSE,EQ,buy,60.0,1101.0,1300000009447239,2022-09-29T10:54:30,,,,cash
876,TATACHEM,2022-09-29,NSE,EQ,buy,40.0,1094.0,1300000009564195,2022-09-29T11:12:18,,,,cash
877,TATACHEM,2022-09-29,NSE,EQ,sell,150.0,1091.0,1300000009477064,2022-09-29T11:15:36,,,,cash
878,ABBOTINDIA,2022-09-29,NSE,EQ,sell,1.0,18600.8,1000000011421398,2022-09-29T11:21:36,,,,cash
879,ABBOTINDIA,2022-09-29,NSE,EQ,sell,3.0,18610.1,1000000011412330,2022-09-29T11:23:23,,,,cash
880,ABBOTINDIA,2022-09-29,NSE,EQ,sell,4.0,18650.0,1000000011461428,2022-09-29T11:23:56,,,,cash
881,ABBOTINDIA,2022-09-29,NSE,EQ,sell,2.0,18705.05,1000000011618089,2022-09-29T11:24:27,,,,cash
882,ABBOTINDIA,2022-09-29,NSE,EQ,sell,2.0,18750.0,1000000011712786,2022-09-29T11:34:44,,,,cash
883,ABBOTINDIA,2022-09-29,NSE,EQ,buy,12.0,18900.0,1000000011490679,2022-09-29T12:46:39,,,,cash
884,ABBOTINDIA,2022-09-29,NSE,EQ,sell,10.0,18970.0,1000000018822442,2022-09-29T13:00:52,,,,cash
885,ABBOTINDIA,2022-09-29,NSE,EQ,sell,5.0,19020.0,1000000018859966,2022-09-29T14:30:25,,,,cash
886,ABBOTINDIA,2022-09-29,NSE,EQ,buy,15.0,19100.0,1000000018894959,2022-09-29T14:46:02,,,,cash
887,ESCORTS,2022-09-30,NSE,EQ,sell,120.0,2100.0,1100000000021866,2022-09-30T09:07:08,,,,cash
888,TORNTPHARM,2022-09-30,NSE,EQ,sell,165.0,1548.9,1300000000024959,2022-09-30T09:07:08,,,,cash
889,ABBOTINDIA,2022-09-30,NSE,EQ,sell,26.0,19181.1,1000000000014067,2022-09-30T09:21:00,,,,cash
890,ABBOTINDIA,2022-09-30,NSE,EQ,buy,26.0,18917.15,1000000002382583,2022-09-30T09:30:37,,,,cash
891,ESCORTS,2022-09-30,NSE,EQ,buy,120.0,2075.7,1100000002681148,2022-09-30T09:30:43,,,,cash
892,TORNTPHARM,2022-09-30,NSE,EQ,buy,165.0,1558.9,1300000002682813,2022-09-30T09:30:48,,,,cash
893,GRANULES,2022-09-30,NSE,EQ,sell,199.0,335.0,1100000002939933,2022-09-30T09:32:43,,,,cash
894,GRANULES,2022-09-30,NSE,EQ,sell,50.0,334.2,1100000002953908,2022-09-30T09:32:57,,,,cash
895,GRANULES,2022-09-30,NSE,EQ,buy,60.0,333.5,1100000003029496,2022-09-30T09:33:29,,,,cash
896,GRANULES,2022-09-30,NSE,EQ,buy,100.0,332.5,1100000003110315,2022-09-30T09:34:54,,,,cash
897,GRANULES,2022-09-30,NSE,EQ,buy,89.0,332.25,1100000003216073,2022-09-30T09:35:03,,,,cash
898,GRANULES,2022-09-30,NSE,EQ,sell,50.0,332.7,1100000003525243,2022-09-30T09:37:48,,,,cash
899,GRANULES,2022-09-30,NSE,EQ,sell,50.0,332.35,1100000004101158,2022-09-30T09:43:01,,,,cash
900,GRANULES,2022-09-30,NSE,EQ,sell,20.0,333.75,1100000004264265,2022-09-30T09:44:41,,,,cash
901,GRANULES,2022-09-30,NSE,EQ,sell,200.0,335.5,1100000003365593,2022-09-30T09:44:48,,,,cash
902,GRANULES,2022-09-30,NSE,EQ,sell,80.0,336.3,1100000004352471,2022-09-30T09:45:44,,,,cash
903,GRANULES,2022-09-30,NSE,EQ,buy,50.0,334.7,1100000004742759,2022-09-30T09:49:20,,,,cash
904,GRANULES,2022-09-30,NSE,EQ,buy,200.0,333.4,1100000004127621,2022-09-30T09:49:40,,,,cash
905,ONGC,2022-09-30,NSE,EQ,sell,200.0,131.35,1200000005701507,2022-09-30T10:02:50,,,,cash
906,ONGC,2022-09-30,NSE,EQ,sell,50.0,132.0,1200000005854599,2022-09-30T10:12:59,,,,cash
907,ONGC,2022-09-30,NSE,EQ,sell,50.0,132.2,1200000005865841,2022-09-30T10:13:00,,,,cash
908,ONGC,2022-09-30,NSE,EQ,sell,50.0,132.25,1200000007010737,2022-09-30T10:15:36,,,,cash
909,ONGC,2022-09-30,NSE,EQ,buy,50.0,131.1,1200000007082009,2022-09-30T10:23:31,,,,cash
910,ONGC,2022-09-30,NSE,EQ,buy,100.0,131.1,1200000007773441,2022-09-30T10:24:49,,,,cash
911,GRANULES,2022-09-30,NSE,EQ,sell,50.0,335.6,1100000005488899,2022-09-30T10:26:46,,,,cash
912,GRANULES,2022-09-30,NSE,EQ,sell,150.0,336.85,1100000008720641,2022-09-30T10:32:05,,,,cash
913,GRANULES,2022-09-30,NSE,EQ,sell,50.0,336.85,1100000008725868,2022-09-30T10:32:09,,,,cash
914,GRANULES,2022-09-30,NSE,EQ,sell,100.0,336.75,1100000008819847,2022-09-30T10:33:24,,,,cash
915,GRANULES,2022-09-30,NSE,EQ,buy,100.0,336.2,1100000008925630,2022-09-30T10:34:51,,,,cash
916,GRANULES,2022-09-30,NSE,EQ,buy,100.0,335.5,1100000009570530,2022-09-30T10:42:32,,,,cash
917,GRANULES,2022-09-30,NSE,EQ,buy,300.0,334.4,1100000008852089,2022-09-30T10:44:26,,,,cash
918,ONGC,2022-09-30,NSE,EQ,buy,100.0,130.9,1200000005810406,2022-09-30T10:54:30,,,,cash
919,ONGC,2022-09-30,NSE,EQ,buy,100.0,130.65,1200000010051032,2022-09-30T10:56:42,,,,cash
920,GRANULES,2022-09-30,NSE,EQ,sell,100.0,337.95,1100000011786931,2022-09-30T11:10:39,,,,cash
921,GRANULES,2022-09-30,NSE,EQ,sell,200.0,338.6,1100000011801151,2022-09-30T11:15:46,,,,cash
922,GRANULES,2022-09-30,NSE,EQ,sell,50.0,339.25,1100000013468849,2022-09-30T11:35:01,,,,cash
923,GRANULES,2022-09-30,NSE,EQ,sell,50.0,339.3,1100000013562549,2022-09-30T11:36:33,,,,cash
924,GRANULES,2022-09-30,NSE,EQ,sell,150.0,340.0,1100000011881177,2022-09-30T11:38:03,,,,cash
925,GRANULES,2022-09-30,NSE,EQ,sell,50.0,340.7,1100000014059164,2022-09-30T11:45:06,,,,cash
926,GRANULES,2022-09-30,NSE,EQ,sell,250.0,341.6,1100000013508850,2022-09-30T12:02:15,,,,cash
927,GRANULES,2022-09-30,NSE,EQ,buy,300.0,340.2,1100000015358850,2022-09-30T12:04:12,,,,cash
928,GRANULES,2022-09-30,NSE,EQ,buy,50.0,339.5,1100000014639925,2022-09-30T12:04:55,,,,cash
929,GRANULES,2022-09-30,NSE,EQ,sell,200.0,342.1,1100000015420329,2022-09-30T12:20:00,,,,cash
930,GRANULES,2022-09-30,NSE,EQ,buy,600.0,344.0,1100000014096367,2022-09-30T12:30:36,,,,cash
931,GRANULES,2022-09-30,NSE,EQ,buy,100.0,343.9,1100000017249745,2022-09-30T12:31:19,,,,cash
932,INDIACEM,2022-09-30,NSE,EQ,sell,1000.0,261.3,1100000017512925,2022-09-30T12:35:16,,,,cash
933,LUPIN,2022-09-30,NSE,EQ,sell,200.0,669.2,1200000015727201,2022-09-30T12:37:41,,,,cash
934,INDIACEM,2022-09-30,NSE,EQ,sell,500.0,262.1,1100000017542806,2022-09-30T12:51:20,,,,cash
935,INDIACEM,2022-09-30,NSE,EQ,buy,1500.0,263.8,1100000020252711,2022-09-30T13:19:28,,,,cash
936,LUPIN,2022-09-30,NSE,EQ,sell,100.0,670.1,1200000018502218,2022-09-30T13:20:39,,,,cash
937,LUPIN,2022-09-30,NSE,EQ,sell,200.0,671.0,1200000015743087,2022-09-30T13:53:55,,,,cash
938,LUPIN,2022-09-30,NSE,EQ,buy,500.0,674.75,1200000015754129,2022-09-30T14:55:33,,,,cash
939,GRANULES,2022-10-03,BSE,EQ,sell,50.0,354.0,1664767800061050668,2022-10-03T09:18:57,,,,cash
940,GRANULES,2022-10-03,BSE,EQ,sell,200.0,354.0,1664767800061050843,2022-10-03T09:19:07,,,,cash
941,GRANULES,2022-10-03,BSE,EQ,sell,50.0,354.0,1664767800061053839,2022-10-03T09:20:08,,,,cash
942,GRANULES,2022-10-03,BSE,EQ,sell,150.0,355.2,1664767800061051356,2022-10-03T09:24:37,,,,cash
943,GRANULES,2022-10-03,BSE,EQ,sell,50.0,355.7,1664767800061066334,2022-10-03T09:24:59,,,,cash
944,GRANULES,2022-10-03,BSE,EQ,buy,100.0,353.65,1664767800061082915,2022-10-03T09:26:24,,,,cash
945,GRANULES,2022-10-03,BSE,EQ,buy,300.0,353.1,1664767800061057761,2022-10-03T09:29:06,,,,cash
946,GRANULES,2022-10-03,BSE,EQ,buy,100.0,351.4,1664767800061083161,2022-10-03T09:30:28,,,,cash
947,GRANULES,2022-10-03,BSE,EQ,sell,50.0,352.7,1664767800061109399,2022-10-03T09:32:16,,,,cash
948,GRANULES,2022-10-03,BSE,EQ,sell,150.0,354.0,1664767800061108778,2022-10-03T09:36:58,,,,cash
949,GRANULES,2022-10-03,BSE,EQ,buy,100.0,352.35,1664767800061141140,2022-10-03T09:37:56,,,,cash
950,GRANULES,2022-10-03,BSE,EQ,buy,100.0,351.2,1664767800061141049,2022-10-03T09:39:37,,,,cash
951,HINDALCO,2022-10-03,NSE,EQ,sell,1.0,379.9,1100000004017211,2022-10-03T09:40:35,,,,cash
952,HINDALCO,2022-10-03,NSE,EQ,sell,200.0,380.15,1100000004044283,2022-10-03T09:40:48,,,,cash
953,HINDALCO,2022-10-03,NSE,EQ,sell,99.0,380.25,1100000004055315,2022-10-03T09:40:53,,,,cash
954,HINDALCO,2022-10-03,NSE,EQ,sell,100.0,380.3,1100000004092513,2022-10-03T09:41:12,,,,cash
955,HINDALCO,2022-10-03,NSE,EQ,sell,300.0,380.4,1100000004076357,2022-10-03T09:41:24,,,,cash
956,HINDALCO,2022-10-03,NSE,EQ,buy,700.0,381.1,1100000004210993,2022-10-03T09:42:16,,,,cash
957,HINDALCO,2022-10-03,NSE,EQ,sell,700.0,381.2,1100000004233148,2022-10-03T09:42:34,,,,cash
958,GLENMARK,2022-10-03,NSE,EQ,sell,50.0,404.65,1100000004925273,2022-10-03T09:48:26,,,,cash
959,GLENMARK,2022-10-03,NSE,EQ,sell,100.0,404.45,1100000004984475,2022-10-03T09:48:58,,,,cash
960,GLENMARK,2022-10-03,NSE,EQ,sell,450.0,405.5,1100000004968220,2022-10-03T09:50:14,,,,cash
961,GLENMARK,2022-10-03,NSE,EQ,sell,100.0,406.2,1100000005059861,2022-10-03T09:50:41,,,,cash
962,GLENMARK,2022-10-03,NSE,EQ,buy,700.0,401.7,1100000005121261,2022-10-03T10:03:18,,,,cash
963,HINDALCO,2022-10-03,NSE,EQ,buy,100.0,380.0,1100000006407839,2022-10-03T10:04:02,,,,cash
964,HINDALCO,2022-10-03,NSE,EQ,sell,100.0,382.1,1100000007085047,2022-10-03T10:12:29,,,,cash
965,HINDALCO,2022-10-03,NSE,EQ,buy,700.0,383.0,1100000004142599,2022-10-03T10:14:31,,,,cash
966,GRANULES,2022-10-03,BSE,EQ,sell,200.0,352.45,1664767800061262062,2022-10-03T10:22:23,,,,cash
967,GRANULES,2022-10-03,BSE,EQ,sell,100.0,353.6,1664767800061262301,2022-10-03T10:22:44,,,,cash
968,GRANULES,2022-10-03,BSE,EQ,sell,50.0,354.5,1664767800061298118,2022-10-03T10:35:07,,,,cash
969,GRANULES,2022-10-03,BSE,EQ,sell,300.0,355.9,1664767800061267912,2022-10-03T10:40:21,,,,cash
970,GRANULES,2022-10-03,BSE,EQ,buy,600.0,358.35,1664767800061267933,2022-10-03T10:44:44,,,,cash
971,GRANULES,2022-10-03,BSE,EQ,buy,50.0,357.35,1664767800061332619,2022-10-03T10:45:04,,,,cash
972,GRANULES,2022-10-03,NSE,EQ,sell,200.0,357.25,1100000009544339,2022-10-03T10:46:32,,,,cash
973,GRANULES,2022-10-03,NSE,EQ,sell,100.0,357.05,1100000009553436,2022-10-03T10:46:42,,,,cash
974,GRANULES,2022-10-03,NSE,EQ,sell,50.0,356.5,1100000009608202,2022-10-03T10:47:35,,,,cash
975,GRANULES,2022-10-03,NSE,EQ,sell,50.0,357.0,1100000009601189,2022-10-03T10:48:13,,,,cash
976,GRANULES,2022-10-03,NSE,EQ,buy,100.0,355.0,1100000009931477,2022-10-03T10:57:06,,,,cash
977,GRANULES,2022-10-03,NSE,EQ,buy,300.0,353.4,1100000009576125,2022-10-03T12:41:38,,,,cash
978,PERSISTENT,2022-10-06,NSE,EQ,buy,50.0,3492.0,1200000009048224,2022-10-06T10:50:44,,,,cash
979,PERSISTENT,2022-10-06,NSE,EQ,sell,50.0,3508.0,1200000009849176,2022-10-06T11:05:14,,,,cash
980,GODREJCP,2022-10-07,NSE,EQ,buy,100.0,840.5,1100000006869956,2022-10-07T10:12:19,,,,cash
981,GODREJCP,2022-10-07,NSE,EQ,buy,50.0,839.0,1100000006960390,2022-10-07T10:14:44,,,,cash
982,GODREJCP,2022-10-07,NSE,EQ,buy,200.0,838.3,1100000006891894,2022-10-07T10:15:23,,,,cash
983,GODREJCP,2022-10-07,NSE,EQ,sell,350.0,832.65,1100000007150638,2022-10-07T10:55:31,,,,cash
984,OBEROIRLTY,2022-10-11,NSE,EQ,sell,150.0,902.15,1200000009327554,2022-10-11T11:21:13,,,,cash
985,OBEROIRLTY,2022-10-11,NSE,EQ,buy,150.0,905.25,1200000009375935,2022-10-11T11:26:54,,,,cash
986,OBEROIRLTY,2022-10-11,NSE,EQ,sell,150.0,905.2,1200000010094699,2022-10-11T11:36:18,,,,cash
987,OBEROIRLTY,2022-10-11,NSE,EQ,buy,150.0,910.0,1200000010106358,2022-10-11T11:57:23,,,,cash
988,BAJAJ-AUTO,2022-10-12,NSE,EQ,sell,5.0,3622.55,1000000012271281,2022-10-12T11:43:17,,,,cash
989,BAJAJ-AUTO,2022-10-12,NSE,EQ,sell,20.0,3623.0,1000000012268145,2022-10-12T11:43:23,,,,cash
990,BAJAJ-AUTO,2022-10-12,NSE,EQ,sell,5.0,3630.0,1000000012592266,2022-10-12T11:48:49,,,,cash
991,BAJAJ-AUTO,2022-10-12,NSE,EQ,sell,35.0,3640.0,1000000012387284,2022-10-12T11:54:48,,,,cash
992,BAJAJ-AUTO,2022-10-12,NSE,EQ,buy,65.0,3617.7,1000000019526679,2022-10-12T13:49:44,,,,cash
993,INFY,2022-10-17,NSE,EQ,sell,335.0,1476.9,1100000000032044,2022-10-17T09:07:34,,,,cash
994,INFY,2022-10-17,NSE,EQ,buy,335.0,1478.0,1100000000551243,2022-10-17T09:18:28,,,,cash
995,AMBUJACEM,2022-10-17,NSE,EQ,sell,300.0,505.5,1000000006507821,2022-10-17T10:30:22,,,,cash
996,AMBUJACEM,2022-10-17,NSE,EQ,buy,300.0,508.15,1000000006612503,2022-10-17T11:04:46,,,,cash
997,GRANULES,2022-10-21,NSE,EQ,sell,150.0,350.85,1100000000041183,2022-10-21T09:07:27,,,,cash
998,GRANULES,2022-10-21,NSE,EQ,buy,150.0,348.1,1100000007699425,2022-10-21T10:34:01,,,,cash
999,CUMMINSIND,2022-10-31,NSE,EQ,sell,230.0,1300.7,1000000000025779,2022-10-31T09:07:19,,,,cash
1000,MRF,2022-10-31,NSE,EQ,sell,4.0,89368.3,1200000000031312,2022-10-31T09:07:19,,,,cash
1001,MRF,2022-10-31,NSE,EQ,buy,4.0,90112.0,1200000001703260,2022-10-31T09:24:27,,,,cash
1002,CUMMINSIND,2022-10-31,NSE,EQ,buy,230.0,1318.0,1000000001589774,2022-10-31T09:29:12,,,,cash
1003,GLENMARK,2022-11-02,NSE,EQ,sell,735.0,414.35,1100000000027538,2022-11-02T09:07:38,,,,cash
1004,IPCALAB,2022-11-02,NSE,EQ,sell,170.0,924.65,1100000000027549,2022-11-02T09:07:38,,,,cash
1005,METROPOLIS,2022-11-02,NSE,EQ,sell,90.0,1770.0,1200000000023950,2022-11-02T09:07:38,,,,cash
1006,METROPOLIS,2022-11-02,NSE,EQ,buy,90.0,1768.8,1200000000627762,2022-11-02T09:17:17,,,,cash
1007,IPCALAB,2022-11-02,NSE,EQ,buy,170.0,928.8,1100000000721098,2022-11-02T09:18:33,,,,cash
1008,GLENMARK,2022-11-02,NSE,EQ,buy,735.0,416.9,1100000001067840,2022-11-02T09:27:47,,,,cash
1009,NAUKRI,2022-11-03,NSE,EQ,buy,3.0,3898.4,1200000005687588,2022-11-03T10:09:47,,,,cash
1010,NAUKRI,2022-11-03,NSE,EQ,buy,2.0,3898.95,1200000006077657,2022-11-03T10:14:56,,,,cash
1011,HAL,2022-11-03,NSE,EQ,sell,5.0,2545.0,1100000007029081,2022-11-03T10:28:07,,,,cash
1012,HAL,2022-11-03,NSE,EQ,buy,5.0,2527.0,1100000008189323,2022-11-03T10:47:32,,,,cash
1013,NAUKRI,2022-11-03,NSE,EQ,sell,2.0,3906.35,1200000008147169,2022-11-03T10:47:47,,,,cash
1014,NAUKRI,2022-11-03,NSE,EQ,sell,3.0,3920.0,1200000006097920,2022-11-03T12:30:30,,,,cash
1015,ZYDUSLIFE,2022-12-22,NSE,EQ,sell,500.0,427.95,1000000000008757,2022-12-22T09:07:09,,,,cash
1016,ZYDUSLIFE,2022-12-22,NSE,EQ,buy,500.0,423.0,1000000000884560,2022-12-22T09:19:12,,,,cash
