symbol,trade_date,exchange,segment,trade_type,quantity,price,order_id,order_execution_time,strike_price,expiry_date,options_type,assets_type
OBEROIRLTY,2022-02-02,NSE,EQ,sell,100.0,970.0,1200000001245669,09:22:28,,,,cash
OBEROIRLTY,2022-02-02,NSE,EQ,buy,100.0,962.0,1200000002063301,09:33:26,,,,cash
COROMANDEL,2022-02-04,NSE,EQ,sell,120.0,824.3,1000000000045849,09:15:20,,,,cash
COROMANDEL,2022-02-04,NSE,EQ,sell,30.0,825.5,1000000000484475,09:16:57,,,,cash
COROMANDEL,2022-02-04,NSE,EQ,buy,150.0,830.8,1000000000926753,09:20:46,,,,cash
HINDCOPPER,2022-02-10,NSE,EQ,buy,250.0,143.45,1100000014179568,13:38:40,,,,cash
HINDCOPPER,2022-02-10,NSE,EQ,buy,50.0,143.45,1100000014201454,13:39:48,,,,cash
HINDCOPPER,2022-02-10,NSE,EQ,sell,300.0,142.3,1100000014251779,14:40:13,,,,cash
ONGC,2022-02-11,NSE,EQ,sell,650.0,169.9,1200000000762411,09:19:09,,,,cash
ONGC,2022-02-11,NSE,EQ,buy,200.0,168.75,1200000004891457,09:58:51,,,,cash
ONGC,2022-02-11,NSE,EQ,buy,450.0,168.15,1200000006464350,10:16:47,,,,cash
ABBOTINDIA,2022-02-17,NSE,EQ,sell,3.0,17010.0,1000000000042986,09:15:02,,,,cash
ABBOTINDIA,2022-02-17,NSE,EQ,sell,1.0,17100.0,1000000000245015,09:16:14,,,,cash
ABBOTINDIA,2022-02-17,NSE,EQ,sell,1.0,17033.0,1000000000446648,09:17:54,,,,cash
ABBOTINDIA,2022-02-17,NSE,EQ,buy,5.0,16800.0,1000000002395799,09:35:05,,,,cash
TATAMOTORS,2022-03-02,BSE,EQ,buy,15.0,447.85,1646202554713870666,15:17:22,,,,cash
GAIL,2022-03-03,NSE,EQ,sell,360.0,154.75,1100000000052660,09:07:03,,,,cash
GAIL,2022-03-03,NSE,EQ,sell,200.0,154.7,1100000003535468,09:42:35,,,,cash
GAIL,2022-03-03,NSE,EQ,sell,40.0,154.65,1100000004379115,09:51:36,,,,cash
GAIL,2022-03-03,NSE,EQ,buy,600.0,155.75,1100000006855501,10:30:35,,,,cash
GAIL,2022-03-04,BSE,EQ,sell,50.0,159.0,1646364600088003337,09:18:45,,,,cash
GAIL,2022-03-04,NSE,EQ,sell,500.0,159.1,1100000000056896,09:18:51,,,,cash
POWERGRID,2022-03-04,BSE,EQ,sell,40.0,216.25,1646366027644136384,09:27:00,,,,cash
GAIL,2022-03-04,NSE,EQ,buy,100.0,156.5,1100000001671842,10:01:53,,,,cash
GAIL,2022-03-04,NSE,EQ,buy,400.0,157.3,1100000009985670,10:56:18,,,,cash
GAIL,2022-03-08,NSE,EQ,sell,800.0,161.65,1100000000023542,09:07:58,,,,cash
GAIL,2022-03-08,NSE,EQ,sell,200.0,162.4,1100000000471610,09:16:26,,,,cash
GAIL,2022-03-08,NSE,EQ,buy,1000.0,159.75,1100000002343289,09:29:42,,,,cash
INTELLECT,2022-03-09,NSE,EQ,sell,100.0,712.7,1100000000142983,09:07:42,,,,cash
NTPC,2022-03-09,NSE,EQ,sell,800.0,133.8,1200000000141144,09:17:23,,,,cash
INTELLECT,2022-03-09,NSE,EQ,sell,50.0,713.05,1100000001206459,09:20:52,,,,cash
NTPC,2022-03-09,NSE,EQ,sell,300.0,133.35,1200000001841140,09:29:28,,,,cash
INTELLECT,2022-03-09,NSE,EQ,buy,1.0,720.0,1100000004035045,09:58:59,,,,cash
INTELLECT,2022-03-09,NSE,EQ,buy,149.0,722.55,1100000005601417,10:09:24,,,,cash
NTPC,2022-03-09,NSE,EQ,buy,1100.0,132.7,1200000005184975,10:18:23,,,,cash
BALRAMCHIN,2022-03-10,NSE,EQ,sell,283.0,451.0,1000000000118520,09:07:43,,,,cash
JKCEMENT,2022-03-10,NSE,EQ,sell,66.0,2345.0,1200000000043425,09:07:43,,,,cash
BALRAMCHIN,2022-03-10,NSE,EQ,buy,283.0,444.8,1000000001733171,09:24:36,,,,cash
JKCEMENT,2022-03-10,NSE,EQ,buy,66.0,2400.0,1200000002534349,09:36:16,,,,cash
JKCEMENT,2022-03-10,NSE,EQ,buy,1.0,2322.0,1200000002131597,14:16:17,,,,cash
JKCEMENT,2022-03-10,NSE,EQ,sell,1.0,2325.85,1200000019600372,14:17:03,,,,cash
IOC,2022-03-11,NSE,EQ,sell,1200.0,121.0,1100000000055077,09:15:00,,,,cash
IOC,2022-03-11,NSE,EQ,sell,500.0,121.05,1100000000688306,09:17:59,,,,cash
IOC,2022-03-11,NSE,EQ,sell,200.0,121.4,1100000001134218,09:21:34,,,,cash
IOC,2022-03-11,NSE,EQ,sell,200.0,121.4,1100000001587051,09:25:08,,,,cash
IOC,2022-03-11,NSE,EQ,sell,48.0,121.65,1100000009926450,11:25:24,,,,cash
IOC,2022-03-11,NSE,EQ,buy,48.0,121.7,1100000009947187,11:26:13,,,,cash
IOC,2022-03-11,NSE,EQ,buy,1.0,121.8,1100000008559938,11:28:20,,,,cash
IOC,2022-03-11,NSE,EQ,buy,1.0,122.75,1100000013833218,14:36:59,,,,cash
IOC,2022-03-11,NSE,EQ,buy,200.0,123.05,1100000019334087,14:42:04,,,,cash
IOC,2022-03-11,NSE,EQ,buy,1898.0,123.15,1100000019362205,14:42:37,,,,cash
GRANULES,2022-03-14,NSE,EQ,sell,400.0,310.2,1100000000062971,09:07:29,,,,cash
LAURUSLABS,2022-03-14,NSE,EQ,sell,190.0,583.65,1200000000117452,09:07:29,,,,cash
GRANULES,2022-03-14,NSE,EQ,buy,1.0,306.45,1100000000755407,09:25:36,,,,cash
GRANULES,2022-03-14,NSE,EQ,buy,199.0,306.5,1100000002331688,09:31:11,,,,cash
LAURUSLABS,2022-03-14,NSE,EQ,buy,190.0,588.75,1200000002590043,09:42:10,,,,cash
GRANULES,2022-03-14,NSE,EQ,buy,200.0,303.7,1100000009367987,11:14:03,,,,cash
CUMMINSIND,2022-03-15,NSE,EQ,sell,170.0,1035.0,1000000000526649,09:17:50,,,,cash
CUMMINSIND,2022-03-15,NSE,EQ,sell,20.0,1037.1,1000000000802200,09:19:31,,,,cash
CUMMINSIND,2022-03-15,NSE,EQ,buy,190.0,1050.0,1000000002357203,09:32:47,,,,cash
SRF,2022-03-16,NSE,EQ,sell,70.0,2477.3,1300000000024564,09:07:53,,,,cash
SRF,2022-03-16,NSE,EQ,sell,20.0,2477.3,1300000000024878,09:07:53,,,,cash
SRF,2022-03-16,NSE,EQ,buy,90.0,2442.0,1300000000945163,09:19:46,,,,cash
VOLTAS,2022-03-16,NSE,EQ,sell,100.0,1282.05,1300000009444293,11:33:11,,,,cash
VOLTAS,2022-03-16,NSE,EQ,buy,100.0,1288.1,1300000009470576,11:56:45,,,,cash
HAL,2022-03-17,NSE,EQ,sell,80.0,1486.0,1100000000051688,09:07:59,,,,cash
VOLTAS,2022-03-17,NSE,EQ,sell,80.0,1303.0,1300000000096452,09:07:59,,,,cash
VOLTAS,2022-03-17,NSE,EQ,buy,80.0,1315.0,1300000002375060,09:31:46,,,,cash
HAL,2022-03-17,NSE,EQ,buy,80.0,1464.0,1100000001699868,11:19:53,,,,cash
RPOWER,2022-03-17,NSE,EQ,sell,931.0,14.2,1300000011310181,14:05:46,,,,cash
COROMANDEL,2022-03-21,NSE,EQ,sell,200.0,853.0,1000000000040084,09:07:30,,,,cash
TRENT,2022-03-21,NSE,EQ,sell,50.0,1282.0,1300000000053894,09:07:30,,,,cash
TRENT,2022-03-21,NSE,EQ,sell,50.0,1282.0,1300000000054400,09:07:30,,,,cash
TRENT,2022-03-21,NSE,EQ,buy,100.0,1262.5,1300000000924865,09:18:41,,,,cash
COROMANDEL,2022-03-21,NSE,EQ,sell,50.0,857.0,1000000001908685,09:28:25,,,,cash
COROMANDEL,2022-03-21,NSE,EQ,buy,250.0,850.6,1000000002234333,09:33:10,,,,cash
CUMMINSIND,2022-03-22,NSE,EQ,sell,110.0,1059.3,1000000000025668,09:07:12,,,,cash
INTELLECT,2022-03-22,NSE,EQ,sell,160.0,808.1,1100000000025306,09:15:00,,,,cash
CHAMBLFERT,2022-03-22,NSE,EQ,sell,270.0,434.0,1000000000025662,09:15:36,,,,cash
CUMMINSIND,2022-03-22,NSE,EQ,buy,110.0,1045.5,1000000000545653,09:18:16,,,,cash
CHAMBLFERT,2022-03-22,NSE,EQ,sell,100.0,439.35,1000000000881177,09:20:51,,,,cash
INTELLECT,2022-03-22,NSE,EQ,buy,160.0,800.6,1100000002175804,09:30:15,,,,cash
CHAMBLFERT,2022-03-22,NSE,EQ,buy,50.0,431.4,1000000002769550,10:17:27,,,,cash
CHAMBLFERT,2022-03-22,NSE,EQ,buy,320.0,428.8,1000000010636863,12:21:47,,,,cash
IOC,2022-03-23,NSE,EQ,sell,1100.0,121.85,1100000000051365,09:07:43,,,,cash
RAIN,2022-03-23,NSE,EQ,sell,416.0,195.0,1300000000059907,09:07:43,,,,cash
IOC,2022-03-23,NSE,EQ,sell,500.0,122.8,1100000000663628,09:17:47,,,,cash
RAIN,2022-03-23,NSE,EQ,sell,200.0,196.2,1300000001066342,09:20:29,,,,cash
IOC,2022-03-23,NSE,EQ,buy,1600.0,121.25,1100000001224465,09:22:03,,,,cash
RAIN,2022-03-23,NSE,EQ,buy,616.0,193.65,1300000001611389,09:25:11,,,,cash
ALKEM,2022-03-24,NSE,EQ,sell,35.0,3665.0,1000000000027667,09:15:55,,,,cash
WHIRLPOOL,2022-03-24,NSE,EQ,sell,70.0,1647.0,1300000000055132,09:16:53,,,,cash
ALKEM,2022-03-24,NSE,EQ,buy,35.0,3606.0,1000000000590853,09:18:28,,,,cash
WHIRLPOOL,2022-03-24,NSE,EQ,buy,70.0,1638.8,1300000002372557,09:34:36,,,,cash
FSL,2022-03-25,NSE,EQ,sell,600.0,135.5,1100000000030556,09:07:06,,,,cash
FSL,2022-03-25,NSE,EQ,buy,600.0,133.8,1100000001303282,09:22:42,,,,cash
RAIN,2022-03-28,NSE,EQ,sell,600.0,204.65,1300000000052229,09:07:04,,,,cash
ATUL,2022-03-28,NSE,EQ,sell,3.0,10130.0,1000000000033506,09:15:06,,,,cash
RAIN,2022-03-28,NSE,EQ,sell,200.0,205.25,1300000000767694,09:18:51,,,,cash
ATUL,2022-03-28,NSE,EQ,buy,1.0,10011.75,1000000000727236,09:19:04,,,,cash
RAIN,2022-03-28,NSE,EQ,buy,800.0,202.85,1300000001195636,09:22:49,,,,cash
ATUL,2022-03-28,NSE,EQ,buy,2.0,10008.0,1000000001210795,09:23:12,,,,cash
CUMMINSIND,2022-03-29,NSE,EQ,sell,180.0,1114.95,1000000000024909,09:07:21,,,,cash
CUMMINSIND,2022-03-29,NSE,EQ,buy,180.0,1102.6,1000000001316260,09:23:57,,,,cash
ACC,2022-03-30,NSE,EQ,sell,30.0,2140.0,1000000000030851,09:07:18,,,,cash
CHAMBLFERT,2022-03-30,NSE,EQ,sell,443.0,428.05,1000000000030826,09:07:18,,,,cash
IPCALAB,2022-03-30,NSE,EQ,sell,170.0,1064.85,1100000000039469,09:07:18,,,,cash
IPCALAB,2022-03-30,NSE,EQ,buy,1.0,1055.0,1100000000928086,09:24:21,,,,cash
IPCALAB,2022-03-30,NSE,EQ,buy,169.0,1053.1,1100000001650820,09:26:17,,,,cash
CHAMBLFERT,2022-03-30,NSE,EQ,buy,1.0,424.6,1000000000875605,09:27:28,,,,cash
ACC,2022-03-30,NSE,EQ,buy,1.0,2166.65,1000000001241179,09:35:22,,,,cash
CHAMBLFERT,2022-03-30,NSE,EQ,buy,442.0,423.5,1000000001860222,10:18:47,,,,cash
ACC,2022-03-30,NSE,EQ,buy,29.0,2172.65,1000000002455648,10:46:18,,,,cash
TATACOMM,2022-03-31,NSE,EQ,sell,140.0,1223.0,1300000010276617,11:58:01,,,,cash
TATACOMM,2022-03-31,NSE,EQ,buy,30.0,1224.9,1300000010310836,11:58:43,,,,cash
TATACOMM,2022-03-31,NSE,EQ,buy,110.0,1226.5,1300000010417755,12:16:12,,,,cash
HAL,2022-04-01,NSE,EQ,sell,200.0,1492.0,1100000000042302,09:07:42,,,,cash
PAGEIND,2022-04-01,NSE,EQ,sell,2.0,43189.4,1200000000034142,09:15:01,,,,cash
PAGEIND,2022-04-01,NSE,EQ,sell,1.0,43189.4,1200000000039016,09:15:01,,,,cash
INTELLECT,2022-04-01,NSE,EQ,sell,10.0,945.8,1100000000051393,09:15:02,,,,cash
INTELLECT,2022-04-01,NSE,EQ,buy,10.0,931.7,1100000000495001,09:16:50,,,,cash
MARICO,2022-04-01,NSE,EQ,sell,20.0,507.8,1200000000676566,09:19:08,,,,cash
MARICO,2022-04-01,NSE,EQ,buy,20.0,508.25,1200000001242851,09:23:38,,,,cash
HAL,2022-04-01,NSE,EQ,buy,200.0,1525.0,1100000002608497,09:37:30,,,,cash
PAGEIND,2022-04-01,NSE,EQ,sell,2.0,43010.65,1200000002707013,09:39:52,,,,cash
PAGEIND,2022-04-01,NSE,EQ,buy,2.0,42916.0,1200000008178575,11:16:30,,,,cash
ROUTE,2022-04-01,NSE,EQ,sell,10.0,1563.0,1300000014277127,13:38:52,,,,cash
PAGEIND,2022-04-01,NSE,EQ,buy,3.0,43224.9,1200000008910727,15:17:31,,,,cash
INDIACEM,2022-04-04,NSE,EQ,sell,200.0,220.75,1100000000076910,09:07:41,,,,cash
INDIACEM,2022-04-04,NSE,EQ,sell,320.0,220.25,1100000001105891,09:18:58,,,,cash
INDIACEM,2022-04-04,NSE,EQ,buy,520.0,218.8,1100000002106322,09:31:01,,,,cash
HAL,2022-04-04,NSE,EQ,sell,250.0,1565.0,1100000013516033,11:43:18,,,,cash
HAL,2022-04-04,NSE,EQ,buy,250.0,1575.65,1100000013706437,11:51:09,,,,cash
ADANIPORTS,2022-04-05,NSE,EQ,sell,283.0,840.0,1000000000029547,09:07:04,,,,cash
GSPL,2022-04-05,NSE,EQ,sell,842.0,278.0,1100000000036868,09:07:04,,,,cash
GSPL,2022-04-05,NSE,EQ,buy,233.0,275.45,1100000000367396,09:22:37,,,,cash
ADANIPORTS,2022-04-05,NSE,EQ,sell,100.0,840.0,1000000001983309,09:29:17,,,,cash
ADANIPORTS,2022-04-05,NSE,EQ,buy,283.0,832.0,1000000000309658,09:38:28,,,,cash
ADANIPORTS,2022-04-05,NSE,EQ,buy,100.0,832.5,1000000002885442,09:39:08,,,,cash
GSPL,2022-04-05,NSE,EQ,sell,350.0,280.5,1100000003827815,09:41:12,,,,cash
GSPL,2022-04-05,NSE,EQ,buy,959.0,281.1,1100000003979096,09:42:59,,,,cash
INDIAMART,2022-04-06,NSE,EQ,sell,47.0,5069.8,1100000000058044,09:07:26,,,,cash
INDIAMART,2022-04-06,NSE,EQ,buy,47.0,5019.6,1100000000261373,09:15:38,,,,cash
TATACOMM,2022-04-08,NSE,EQ,sell,100.0,1360.0,1300000000071500,09:07:13,,,,cash
TATACOMM,2022-04-08,NSE,EQ,sell,200.0,1360.0,1300000000067084,09:07:13,,,,cash
TATACOMM,2022-04-08,NSE,EQ,buy,300.0,1344.7,1300000000492431,09:15:45,,,,cash
AMBUJACEM,2022-04-11,NSE,EQ,sell,400.0,338.45,1000000000038343,09:07:32,,,,cash
SYNGENE,2022-04-11,NSE,EQ,sell,545.0,654.8,1300000000066976,09:07:32,,,,cash
SYNGENE,2022-04-11,NSE,EQ,buy,100.0,675.45,1300000001788247,09:24:11,,,,cash
AMBUJACEM,2022-04-11,NSE,EQ,buy,400.0,345.5,1000000001899535,09:28:55,,,,cash
SYNGENE,2022-04-11,NSE,EQ,buy,445.0,665.0,1300000020984871,15:20:58,,,,cash
OBEROIRLTY,2022-04-12,NSE,EQ,sell,140.0,1003.5,1200000000085201,09:07:35,,,,cash
AMBUJACEM,2022-04-12,NSE,EQ,sell,870.0,364.25,1000000000010265,09:15:00,,,,cash
OBEROIRLTY,2022-04-12,NSE,EQ,buy,1.0,993.7,1200000000757633,09:21:45,,,,cash
OBEROIRLTY,2022-04-12,NSE,EQ,buy,139.0,990.8,1200000001277424,09:22:33,,,,cash
AMBUJACEM,2022-04-12,NSE,EQ,buy,870.0,359.9,1000000002141677,09:34:59,,,,cash
TORNTPOWER,2022-04-13,NSE,EQ,sell,285.0,548.5,1300000000034437,09:07:04,,,,cash
TORNTPOWER,2022-04-13,NSE,EQ,buy,285.0,560.3,1300000004537007,10:18:27,,,,cash
PIDILITIND,2022-04-13,NSE,EQ,sell,50.0,2369.0,1200000013465595,12:53:44,,,,cash
PIDILITIND,2022-04-13,NSE,EQ,buy,50.0,2368.35,1200000013551699,15:10:39,,,,cash
CHAMBLFERT,2022-04-18,NSE,EQ,sell,600.0,475.0,1000000000037227,09:07:03,,,,cash
CHAMBLFERT,2022-04-18,NSE,EQ,sell,400.0,475.65,1000000001023438,09:20:43,,,,cash
CHAMBLFERT,2022-04-18,NSE,EQ,buy,1000.0,480.0,1000000001964275,10:42:06,,,,cash
TORNTPOWER,2022-04-19,NSE,EQ,sell,700.0,571.2,1300000000068553,09:07:32,,,,cash
TORNTPOWER,2022-04-19,NSE,EQ,sell,50.0,571.25,1300000000371934,09:15:48,,,,cash
TORNTPOWER,2022-04-19,NSE,EQ,buy,700.0,567.1,1300000000316577,09:21:12,,,,cash
TORNTPOWER,2022-04-19,NSE,EQ,buy,50.0,566.4,1300000003214928,09:37:15,,,,cash
HINDCOPPER,2022-04-20,NSE,EQ,sell,2500.0,125.5,1100000000062282,09:07:08,,,,cash
HINDCOPPER,2022-04-20,NSE,EQ,sell,800.0,125.7,1100000000998191,09:19:16,,,,cash
HINDCOPPER,2022-04-20,NSE,EQ,buy,3300.0,124.55,1100000001339815,09:42:58,,,,cash
EICHERMOT,2022-04-21,NSE,EQ,sell,75.0,2557.9,1100000001876457,09:29:11,,,,cash
EICHERMOT,2022-04-21,NSE,EQ,sell,50.0,2558.0,1100000002208566,09:32:36,,,,cash
EICHERMOT,2022-04-21,NSE,EQ,buy,125.0,2565.5,1100000004606104,11:06:30,,,,cash
POLYCAB,2022-04-22,NSE,EQ,sell,60.0,2758.8,1200000000016357,09:07:55,,,,cash
POLYCAB,2022-04-22,NSE,EQ,buy,60.0,2715.0,1200000014170727,13:43:17,,,,cash
COLPAL,2022-04-25,NSE,EQ,sell,80.0,1602.4,1000000000042100,09:16:41,,,,cash
COLPAL,2022-04-25,NSE,EQ,sell,40.0,1597.0,1000000001123037,09:20:32,,,,cash
COLPAL,2022-04-25,NSE,EQ,sell,50.0,1607.5,1000000002262103,09:30:17,,,,cash
COLPAL,2022-04-25,NSE,EQ,sell,40.0,1607.5,1000000013003270,12:34:53,,,,cash
COLPAL,2022-04-25,NSE,EQ,buy,170.0,1616.45,1000000002557435,13:16:35,,,,cash
COLPAL,2022-04-25,NSE,EQ,buy,40.0,1616.6,1000000015029772,13:16:56,,,,cash
INDIAMART,2022-04-26,NSE,EQ,sell,16.0,4975.0,1100000004216646,10:02:10,,,,cash
INDIAMART,2022-04-26,NSE,EQ,buy,16.0,4950.0,1100000004385698,10:05:39,,,,cash
INDIAMART,2022-04-26,NSE,EQ,sell,10.0,4963.95,1100000004556574,10:08:57,,,,cash
INDIAMART,2022-04-26,NSE,EQ,buy,10.0,5002.4,1100000004625100,14:57:07,,,,cash
INDIAMART,2022-04-27,NSE,EQ,sell,60.0,5027.0,1100000000927232,09:19:35,,,,cash
INDIAMART,2022-04-27,NSE,EQ,buy,60.0,5008.1,1100000002637123,09:34:56,,,,cash
LALPATHLAB,2022-04-28,NSE,EQ,sell,60.0,2809.0,1200000000014408,09:15:46,,,,cash
LALPATHLAB,2022-04-28,NSE,EQ,buy,60.0,2775.0,1200000000873409,09:19:47,,,,cash
MFSL,2022-04-29,NSE,EQ,sell,350.0,766.35,1200000000034305,09:07:14,,,,cash
NTPC,2022-04-29,NSE,EQ,sell,1300.0,160.4,1200000000034281,09:07:14,,,,cash
MFSL,2022-04-29,NSE,EQ,buy,350.0,772.15,1200000001135990,10:22:16,,,,cash
TATAMOTORS,2022-04-29,BSE,EQ,sell,40.0,439.3,1651203000046975856,10:33:00,,,,cash
NTPC,2022-04-29,NSE,EQ,buy,1300.0,155.95,1200000019823548,15:20:52,,,,cash
WIPRO,2022-05-02,NSE,EQ,buy,270.0,493.95,1300000019521541,14:36:29,,,,cash
WIPRO,2022-05-02,NSE,EQ,sell,270.0,494.9,1300000019575728,15:18:05,,,,cash
PIDILITIND,2022-05-04,NSE,EQ,buy,45.0,2413.0,1200000000033635,09:07:04,,,,cash
PIDILITIND,2022-05-04,NSE,EQ,sell,45.0,2395.05,1200000000393070,09:16:24,,,,cash
SRF,2022-05-04,NSE,EQ,buy,50.0,2504.8,1300000000057845,09:16:33,,,,cash
SRF,2022-05-04,NSE,EQ,sell,50.0,2500.0,1300000001044639,09:19:28,,,,cash
IPCALAB,2022-05-04,NSE,EQ,sell,100.0,1024.4,1100000001423763,09:23:49,,,,cash
IPCALAB,2022-05-04,NSE,EQ,buy,100.0,1028.3,1100000001469231,09:27:49,,,,cash
PETRONET,2022-05-05,NSE,EQ,sell,1000.0,216.75,1200000001459815,09:25:21,,,,cash
PETRONET,2022-05-05,NSE,EQ,buy,1000.0,218.9,1200000001532163,10:46:03,,,,cash
ABB,2022-05-10,NSE,EQ,sell,88.0,2306.0,1000000000035391,09:15:34,,,,cash
ABB,2022-05-10,NSE,EQ,buy,88.0,2224.7,1000000000757209,09:18:51,,,,cash
GNFC,2022-05-11,NSE,EQ,sell,190.0,838.0,1100000000025602,09:07:45,,,,cash
GNFC,2022-05-11,NSE,EQ,buy,190.0,737.0,1100000013721563,12:06:15,,,,cash
COROMANDEL,2022-05-12,NSE,EQ,sell,380.0,901.25,1000000000039154,09:07:36,,,,cash
COROMANDEL,2022-05-12,NSE,EQ,buy,380.0,883.5,1000000005540213,10:08:45,,,,cash
SUNPHARMA,2022-05-16,NSE,EQ,sell,230.0,882.5,1300000000052732,09:18:35,,,,cash
SUNPHARMA,2022-05-16,NSE,EQ,buy,230.0,891.8,1300000003007156,09:41:56,,,,cash
SUNPHARMA,2022-05-16,NSE,EQ,sell,100.0,887.5,1300000003804253,09:47:49,,,,cash
SUNPHARMA,2022-05-16,NSE,EQ,buy,100.0,893.8,1300000003887774,10:21:58,,,,cash
HONAUT,2022-05-17,NSE,EQ,sell,10.0,32500.0,1100000000038000,09:07:30,,,,cash
OFSS,2022-05-17,NSE,EQ,buy,30.0,3160.5,1200000000043893,09:29:26,,,,cash
OFSS,2022-05-17,NSE,EQ,sell,30.0,3148.3,1200000001964147,09:36:27,,,,cash
HONAUT,2022-05-17,NSE,EQ,buy,1.0,32211.0,1100000002545064,12:16:37,,,,cash
HONAUT,2022-05-17,NSE,EQ,buy,9.0,32155.0,1100000010496731,13:12:51,,,,cash
COROMANDEL,2022-05-18,NSE,EQ,sell,100.0,953.0,1000000000785351,09:19:29,,,,cash
COROMANDEL,2022-05-18,NSE,EQ,buy,200.0,953.0,1000000000902735,09:20:27,,,,cash
COROMANDEL,2022-05-18,NSE,EQ,sell,350.0,952.35,1000000000943726,09:20:46,,,,cash
COROMANDEL,2022-05-18,NSE,EQ,buy,2.0,939.0,1000000002046793,10:01:17,,,,cash
COROMANDEL,2022-05-18,NSE,EQ,buy,248.0,933.55,1000000005287046,10:18:10,,,,cash
PIIND,2022-05-19,NSE,EQ,sell,80.0,2609.0,1200000002782793,09:35:26,,,,cash
PIIND,2022-05-19,NSE,EQ,sell,50.0,2611.15,1200000003385882,09:41:29,,,,cash
PIIND,2022-05-19,NSE,EQ,buy,160.0,2635.5,1200000003120373,09:50:42,,,,cash
PIIND,2022-05-19,NSE,EQ,sell,30.0,2634.35,1200000004198023,09:51:15,,,,cash
MINDTREE,2022-05-24,NSE,EQ,buy,66.0,2878.9,1200000009351786,11:25:24,,,,cash
MINDTREE,2022-05-24,NSE,EQ,sell,66.0,2896.0,1200000009475667,12:11:20,,,,cash
COROMANDEL,2022-05-25,NSE,EQ,sell,330.0,979.0,1000000000007121,09:07:35,,,,cash
COROMANDEL,2022-05-25,NSE,EQ,buy,330.0,963.15,1000000002506363,09:36:40,,,,cash
SHREECEM,2022-05-27,NSE,EQ,sell,20.0,21700.0,1300000000018648,09:07:52,,,,cash
TORNTPHARM,2022-05-27,NSE,EQ,sell,80.0,2915.0,1300000000018650,09:07:52,,,,cash
SHREECEM,2022-05-27,NSE,EQ,buy,20.0,21944.35,1300000020074012,15:20:51,,,,cash
TORNTPHARM,2022-05-27,NSE,EQ,buy,80.0,2947.25,1300000020075122,15:20:52,,,,cash
INDIAMART,2022-05-30,NSE,EQ,sell,40.0,4568.4,1100000000034378,09:07:29,,,,cash
PAGEIND,2022-05-30,NSE,EQ,sell,4.0,44636.05,1200000000027088,09:07:29,,,,cash
GRANULES,2022-05-30,NSE,EQ,sell,1180.0,267.3,1100000000034696,09:15:00,,,,cash
GRANULES,2022-05-30,NSE,EQ,buy,1180.0,271.2,1100000001037900,09:21:08,,,,cash
INDIAMART,2022-05-30,NSE,EQ,buy,40.0,4624.45,1100000000450937,09:30:53,,,,cash
PAGEIND,2022-05-30,NSE,EQ,buy,4.0,45170.0,1200000020251721,15:20:54,,,,cash
CROMPTON,2022-05-31,NSE,EQ,sell,454.0,353.4,1000000000092855,09:07:05,,,,cash
INTELLECT,2022-05-31,NSE,EQ,sell,550.0,676.0,1100000000122474,09:07:05,,,,cash
INTELLECT,2022-05-31,NSE,EQ,buy,550.0,672.75,1100000001064064,09:21:07,,,,cash
INTELLECT,2022-05-31,NSE,EQ,sell,500.0,669.0,1100000001131614,09:22:44,,,,cash
INTELLECT,2022-05-31,NSE,EQ,sell,100.0,673.9,1100000002006847,09:29:53,,,,cash
INTELLECT,2022-05-31,NSE,EQ,sell,50.0,672.0,1100000002088072,09:30:46,,,,cash
CROMPTON,2022-05-31,NSE,EQ,buy,454.0,355.25,1000000000762329,09:32:42,,,,cash
INTELLECT,2022-05-31,NSE,EQ,buy,650.0,676.6,1100000001332531,09:45:33,,,,cash
BALKRISIND,2022-06-01,NSE,EQ,sell,140.0,2340.0,1000000000017674,09:07:15,,,,cash
BALKRISIND,2022-06-01,NSE,EQ,sell,100.0,2338.0,1000000000694414,09:18:27,,,,cash
MRF,2022-06-01,NSE,EQ,buy,1.0,77050.0,1200000003847566,09:51:10,,,,cash
MRF,2022-06-01,NSE,EQ,sell,1.0,76800.0,1200000004386110,09:57:34,,,,cash
BALKRISIND,2022-06-01,NSE,EQ,buy,240.0,2353.6,1000000005747976,12:17:19,,,,cash
ASTRAL,2022-06-01,NSE,EQ,sell,100.0,1814.1,1000000013148233,13:10:43,,,,cash
ASTRAL,2022-06-01,NSE,EQ,sell,25.0,1813.9,1000000013167443,13:11:28,,,,cash
MFSL,2022-06-01,NSE,EQ,sell,250.0,820.0,1200000013553149,13:13:19,,,,cash
MFSL,2022-06-01,NSE,EQ,buy,250.0,811.45,1200000014430801,13:33:41,,,,cash
ASTRAL,2022-06-01,NSE,EQ,buy,125.0,1799.95,1000000013337614,13:59:10,,,,cash
ABBOTINDIA,2022-06-03,NSE,EQ,sell,10.0,18450.0,1000000000035387,09:07:34,,,,cash
ABBOTINDIA,2022-06-03,NSE,EQ,sell,10.0,18548.0,1000000000305778,09:16:26,,,,cash
ABBOTINDIA,2022-06-03,NSE,EQ,buy,20.0,18400.0,1000000000461825,09:35:50,,,,cash
METROPOLIS,2022-06-06,NSE,EQ,sell,85.0,1654.45,1200000000029904,09:07:30,,,,cash
METROPOLIS,2022-06-06,NSE,EQ,buy,85.0,1686.0,1200000000747949,09:18:52,,,,cash
ONGC,2022-06-08,NSE,EQ,sell,1000.0,163.5,1200000000019867,09:07:19,,,,cash
ONGC,2022-06-08,NSE,EQ,buy,1000.0,164.7,1200000003680376,13:29:14,,,,cash
DALBHARAT,2022-06-09,NSE,EQ,sell,333.0,1272.0,1100000001794299,09:29:59,,,,cash
DALBHARAT,2022-06-09,NSE,EQ,buy,333.0,1279.0,1100000001874899,09:43:22,,,,cash
BAJAJ-AUTO,2022-06-24,NSE,EQ,sell,125.0,3800.8,1000000000009774,09:07:05,,,,cash
BAJAJ-AUTO,2022-06-24,NSE,EQ,buy,125.0,3830.0,1000000000611853,09:35:14,,,,cash
ABBOTINDIA,2022-06-30,NSE,EQ,sell,23.0,18924.0,1000000000838304,09:22:01,,,,cash
ABBOTINDIA,2022-06-30,NSE,EQ,buy,23.0,18805.0,1000000002280085,10:43:50,,,,cash
MCX,2022-07-01,NSE,EQ,sell,100.0,1314.0,1200000001761197,09:29:14,,,,cash
MCX,2022-07-01,NSE,EQ,buy,100.0,1298.0,1200000004404454,10:05:34,,,,cash
BOSCHLTD,2022-07-04,NSE,EQ,sell,40.0,15686.3,1000000000020085,09:15:18,,,,cash
BOSCHLTD,2022-07-04,NSE,EQ,buy,40.0,15705.0,1000000000791093,09:21:14,,,,cash
MANAPPURAM,2022-07-04,NSE,EQ,buy,625.0,91.15,1200000006336050,10:49:33,,,,cash
MANAPPURAM,2022-07-04,NSE,EQ,sell,625.0,90.45,1200000006377651,12:15:49,,,,cash
SIEMENS,2022-07-07,NSE,EQ,sell,130.0,2655.0,1300000000131194,09:07:21,,,,cash
SIEMENS,2022-07-07,NSE,EQ,buy,130.0,2643.35,1300000003501010,09:49:00,,,,cash
NAM-INDIA,2022-07-11,NSE,EQ,sell,500.0,299.8,1200000010827250,13:16:07,,,,cash
NAM-INDIA,2022-07-11,NSE,EQ,buy,500.0,301.0,1200000010947016,13:18:52,,,,cash
NAM-INDIA,2022-07-11,NSE,EQ,sell,1000.0,297.7,1200000011914709,13:45:29,,,,cash
NAM-INDIA,2022-07-11,NSE,EQ,buy,1000.0,299.9,1200000015414217,15:18:43,,,,cash
SYNGENE,2022-07-14,NSE,EQ,sell,370.0,595.0,1300000000020666,09:07:06,,,,cash
SYNGENE,2022-07-14,NSE,EQ,buy,370.0,601.3,1300000000425079,09:25:45,,,,cash
PERSISTENT,2022-07-21,NSE,EQ,sell,59.0,3515.0,1200000000040824,09:07:40,,,,cash
PERSISTENT,2022-07-21,NSE,EQ,buy,59.0,3471.0,1200000000510471,09:17:28,,,,cash
PERSISTENT,2022-07-21,NSE,EQ,sell,22.0,3552.65,1200000003341780,09:54:18,,,,cash
PERSISTENT,2022-07-21,NSE,EQ,buy,22.0,3570.9,1200000003475843,10:17:54,,,,cash
AARTIIND,2022-07-22,NSE,EQ,sell,350.0,781.2,1000000000036511,09:07:52,,,,cash
AARTIIND,2022-07-22,NSE,EQ,buy,350.0,771.55,1000000002636270,09:40:50,,,,cash
AARTIIND,2022-07-22,NSE,EQ,sell,1.0,766.4,1000000008895901,12:05:25,,,,cash
AARTIIND,2022-07-22,NSE,EQ,buy,1.0,767.05,1000000008930493,12:06:04,,,,cash
RAIN,2022-07-25,NSE,EQ,sell,700.0,162.05,1300000000049432,09:07:20,,,,cash
RAMCOCEM,2022-07-25,NSE,EQ,sell,444.0,700.0,1300000000054640,09:07:20,,,,cash
GSPL,2022-07-25,NSE,EQ,sell,450.0,239.7,1100000000042668,09:15:00,,,,cash
RAMCOCEM,2022-07-25,NSE,EQ,buy,444.0,692.4,1300000000330429,09:15:29,,,,cash
GSPL,2022-07-25,NSE,EQ,buy,450.0,237.15,1100000000622542,09:17:26,,,,cash
RAIN,2022-07-25,NSE,EQ,buy,700.0,162.35,1300000002207193,09:36:14,,,,cash
DELTACORP,2022-07-26,NSE,EQ,sell,400.0,193.6,1100000005204711,10:18:19,,,,cash
DELTACORP,2022-07-26,NSE,EQ,buy,400.0,192.55,1100000005740209,10:47:35,,,,cash
SPANDANA,2022-07-28,NSE,EQ,buy,200.0,445.45,1300000005379808,10:11:34,,,,cash
SPANDANA,2022-07-28,NSE,EQ,sell,200.0,442.0,1300000005673410,10:20:56,,,,cash
BHARATFORG,2022-07-29,NSE,EQ,sell,380.0,737.2,1000000000028747,09:07:23,,,,cash
POLYCAB,2022-07-29,NSE,EQ,sell,120.0,2294.0,1200000000032607,09:07:23,,,,cash
POLYCAB,2022-07-29,NSE,EQ,buy,120.0,2320.6,1200000001049099,09:27:15,,,,cash
BHARATFORG,2022-07-29,NSE,EQ,buy,380.0,739.3,1000000002545645,09:36:21,,,,cash
BHARATFORG,2022-07-29,NSE,EQ,buy,1.0,735.0,1000000002209729,13:51:57,,,,cash
BHARATFORG,2022-07-29,NSE,EQ,sell,1.0,735.35,1000000014001316,13:52:47,,,,cash
BATAINDIA,2022-08-01,NSE,EQ,sell,90.0,1977.95,1000000000034401,09:07:51,,,,cash
RAIN,2022-08-01,NSE,EQ,sell,900.0,182.8,1300000000060637,09:07:51,,,,cash
TATASTEEL,2022-08-01,NSE,EQ,sell,1400.0,110.5,1300000000060619,09:07:51,,,,cash
TATASTEEL,2022-08-01,NSE,EQ,buy,1400.0,111.35,1300000000582532,09:16:24,,,,cash
RAIN,2022-08-01,NSE,EQ,buy,900.0,181.0,1300000001397310,09:20:39,,,,cash
BATAINDIA,2022-08-01,NSE,EQ,buy,90.0,1960.15,1000000000520054,09:23:18,,,,cash
BATAINDIA,2022-08-01,NSE,EQ,sell,75.0,1969.0,1000000001557617,09:24:36,,,,cash
BATAINDIA,2022-08-01,NSE,EQ,buy,75.0,1954.15,1000000002545803,10:43:01,,,,cash
BOSCHLTD,2022-08-02,NSE,EQ,buy,15.0,17582.0,1000000000196690,09:15:59,,,,cash
BOSCHLTD,2022-08-02,NSE,EQ,sell,15.0,17739.0,1000000001325849,09:24:17,,,,cash
EICHERMOT,2022-08-02,NSE,EQ,sell,28.0,3001.0,1100000002716651,09:32:33,,,,cash
EICHERMOT,2022-08-02,NSE,EQ,buy,28.0,3025.0,1100000002869137,09:33:58,,,,cash
BALKRISIND,2022-08-03,NSE,EQ,sell,140.0,2440.0,1000000000046227,09:07:20,,,,cash
BALKRISIND,2022-08-03,NSE,EQ,buy,140.0,2439.0,1000000000700222,09:19:29,,,,cash
GRANULES,2022-08-03,NSE,EQ,sell,500.0,317.95,1100000001180446,09:21:15,,,,cash
GRANULES,2022-08-03,NSE,EQ,buy,500.0,314.4,1100000001360693,09:32:03,,,,cash
PIIND,2022-08-04,NSE,EQ,sell,72.0,3191.65,1200000001735249,09:26:39,,,,cash
BATAINDIA,2022-08-04,NSE,EQ,buy,82.0,1918.0,1000000001463066,09:29:25,,,,cash
PIIND,2022-08-04,NSE,EQ,buy,72.0,3159.6,1200000001802449,09:38:29,,,,cash
BATAINDIA,2022-08-04,NSE,EQ,sell,82.0,1905.5,1000000001885397,11:30:37,,,,cash
ASTRAL,2022-08-05,NSE,EQ,sell,120.0,1980.4,1000000000036803,09:07:55,,,,cash
LAURUSLABS,2022-08-05,NSE,EQ,sell,428.0,546.55,1200000000040227,09:07:55,,,,cash
LAURUSLABS,2022-08-05,NSE,EQ,buy,428.0,550.85,1200000000492599,09:23:30,,,,cash
PIDILITIND,2022-08-05,NSE,EQ,sell,115.0,2627.2,1200000002002370,09:31:30,,,,cash
ASTRAL,2022-08-05,NSE,EQ,buy,20.0,1961.9,1000000000335415,10:07:16,,,,cash
ASTRAL,2022-08-05,NSE,EQ,buy,100.0,1962.25,1000000004329707,10:30:31,,,,cash
PIDILITIND,2022-08-05,NSE,EQ,buy,115.0,2602.55,1200000002098489,10:33:41,,,,cash
NAVINFLUOR,2022-08-08,NSE,EQ,sell,55.0,4497.0,1200000000031928,09:07:18,,,,cash
TATAMTRDVR,2022-08-08,NSE,EQ,sell,85.0,226.7,1300000000933423,09:24:31,,,,cash
MGL,2022-08-08,NSE,EQ,sell,303.0,817.0,1200000001835719,09:27:44,,,,cash
MGL,2022-08-08,NSE,EQ,buy,303.0,822.0,1200000001941040,09:29:12,,,,cash
HINDPETRO,2022-08-08,NSE,EQ,sell,1000.0,236.65,1100000002137190,09:31:43,,,,cash
HINDPETRO,2022-08-08,NSE,EQ,buy,1000.0,238.25,1100000002322661,09:41:53,,,,cash
NAVINFLUOR,2022-08-08,NSE,EQ,buy,25.0,4453.0,1200000000469590,10:01:19,,,,cash
NAVINFLUOR,2022-08-08,NSE,EQ,buy,30.0,4453.0,1200000004552434,10:01:37,,,,cash
NAVINFLUOR,2022-08-08,NSE,EQ,buy,55.0,4503.5,1200000003721558,10:29:34,,,,cash
NAVINFLUOR,2022-08-08,NSE,EQ,sell,55.0,4455.8,1200000020046389,15:20:57,,,,cash
MGL,2022-08-10,NSE,EQ,sell,306.0,822.0,1200000000022332,09:07:49,,,,cash
MGL,2022-08-10,NSE,EQ,sell,306.0,822.0,1200000000010473,09:07:49,,,,cash
MGL,2022-08-10,NSE,EQ,buy,612.0,814.3,1200000000235796,09:16:29,,,,cash
TATACHEM,2022-08-10,NSE,EQ,buy,220.0,1027.65,1300000002222577,09:28:26,,,,cash
TATACHEM,2022-08-10,NSE,EQ,sell,220.0,1021.5,1300000002489844,09:32:00,,,,cash
AARTIIND,2022-08-10,NSE,EQ,buy,340.0,819.8,1000000002442231,09:34:41,,,,cash
AARTIIND,2022-08-10,NSE,EQ,sell,340.0,815.0,1000000002497872,09:49:09,,,,cash
TATACHEM,2022-08-10,NSE,EQ,buy,200.0,1037.3,1300000008265159,10:58:43,,,,cash
TATACHEM,2022-08-10,NSE,EQ,sell,100.0,1042.85,1300000008350596,11:15:54,,,,cash
TATACHEM,2022-08-10,NSE,EQ,sell,100.0,1043.0,1300000008333208,11:16:10,,,,cash
POLYCAB,2022-08-11,NSE,EQ,sell,155.0,2446.05,1200000000032889,09:07:02,,,,cash
MGL,2022-08-11,NSE,EQ,sell,288.0,848.1,1200000002918254,09:38:16,,,,cash
POLYCAB,2022-08-11,NSE,EQ,buy,155.0,2429.15,1200000000206233,09:45:57,,,,cash
WIPRO,2022-08-11,NSE,EQ,sell,580.0,438.0,1300000004069340,09:57:31,,,,cash
MGL,2022-08-11,NSE,EQ,buy,288.0,853.2,1200000003002840,10:06:16,,,,cash
WIPRO,2022-08-11,NSE,EQ,buy,580.0,438.25,1300000005804858,15:16:13,,,,cash
TRENT,2022-08-12,NSE,EQ,sell,380.0,1347.0,1300000000004226,09:07:08,,,,cash
MCX,2022-08-12,NSE,EQ,sell,380.0,1319.0,1200000000382070,09:16:17,,,,cash
GSPL,2022-08-12,NSE,EQ,sell,2150.0,235.8,1100000000004645,09:16:38,,,,cash
TRENT,2022-08-12,NSE,EQ,buy,380.0,1334.95,1300000000220017,09:18:58,,,,cash
GSPL,2022-08-12,NSE,EQ,buy,2150.0,236.9,1100000000565955,09:19:44,,,,cash
MCX,2022-08-12,NSE,EQ,buy,380.0,1312.25,1200000001479856,09:28:59,,,,cash
IPCALAB,2022-08-12,NSE,EQ,buy,267.0,919.9,1100000003008960,09:41:47,,,,cash
IPCALAB,2022-08-12,NSE,EQ,sell,267.0,928.7,1100000003101817,09:45:51,,,,cash
TATASTEEL,2022-08-12,NSE,EQ,sell,500.0,112.0,1300000003743315,09:51:16,,,,cash
DIVISLAB,2022-08-12,NSE,EQ,buy,150.0,3851.1,1100000004420030,10:00:41,,,,cash
DIVISLAB,2022-08-12,NSE,EQ,sell,100.0,3852.6,1100000004479612,10:01:35,,,,cash
DIVISLAB,2022-08-12,NSE,EQ,buy,50.0,3838.0,1100000004537749,10:02:43,,,,cash
DIVISLAB,2022-08-12,NSE,EQ,sell,100.0,3820.0,1100000004584267,10:27:16,,,,cash
TATASTEEL,2022-08-12,NSE,EQ,buy,500.0,111.15,1300000004796850,10:29:44,,,,cash
DIVISLAB,2022-08-12,NSE,EQ,buy,30.0,3837.7,1100000006246717,10:32:35,,,,cash
DIVISLAB,2022-08-12,NSE,EQ,buy,20.0,3832.95,1100000006242047,10:32:43,,,,cash
DIVISLAB,2022-08-12,NSE,EQ,sell,30.0,3862.0,1100000006320942,12:27:46,,,,cash
DIVISLAB,2022-08-12,NSE,EQ,sell,20.0,3862.0,1100000012044039,12:29:00,,,,cash
DIVISLAB,2022-08-12,NSE,EQ,buy,30.0,3828.95,1100000012235915,12:33:23,,,,cash
DIVISLAB,2022-08-12,NSE,EQ,buy,10.0,3824.0,1100000012243519,12:33:41,,,,cash
DIVISLAB,2022-08-12,NSE,EQ,buy,20.0,3817.0,1100000012251571,12:34:43,,,,cash
DIVISLAB,2022-08-12,NSE,EQ,buy,40.0,3777.0,1100000013399325,13:05:32,,,,cash
DIVISLAB,2022-08-12,NSE,EQ,buy,20.0,3749.0,1100000014637035,13:23:27,,,,cash
DIVISLAB,2022-08-12,NSE,EQ,buy,10.0,3751.0,1100000014648625,13:23:40,,,,cash
DIVISLAB,2022-08-12,NSE,EQ,buy,40.0,3734.0,1100000014673687,13:36:36,,,,cash
DIVISLAB,2022-08-12,NSE,EQ,buy,70.0,3728.0,1100000014645730,13:36:53,,,,cash
DIVISLAB,2022-08-12,NSE,EQ,sell,240.0,3719.35,1100000015291663,13:38:08,,,,cash
TRENT,2022-08-16,NSE,EQ,sell,190.0,1390.6,1300000000017525,09:07:12,,,,cash
TRENT,2022-08-16,NSE,EQ,buy,190.0,1400.0,1300000000637574,09:16:32,,,,cash
GSPL,2022-08-16,NSE,EQ,sell,1500.0,249.5,1100000000677384,09:17:32,,,,cash
GSPL,2022-08-16,NSE,EQ,buy,1000.0,247.3,1100000000869333,09:21:25,,,,cash
APOLLOHOSP,2022-08-16,NSE,EQ,sell,58.0,4307.0,1000000002160826,09:30:31,,,,cash
GSPL,2022-08-16,NSE,EQ,buy,500.0,247.85,1100000001588781,09:35:39,,,,cash
ASIANPAINT,2022-08-16,NSE,EQ,buy,23.0,3493.85,1000000004057234,09:52:16,,,,cash
APOLLOHOSP,2022-08-16,NSE,EQ,buy,58.0,4335.5,1000000002591888,09:59:01,,,,cash
TRENT,2022-08-16,NSE,EQ,buy,55.0,1435.0,1300000006426528,10:17:09,,,,cash
TRENT,2022-08-16,NSE,EQ,sell,55.0,1426.0,1300000007108791,11:13:24,,,,cash
ASIANPAINT,2022-08-16,NSE,EQ,sell,23.0,3478.35,1000000004424164,14:48:47,,,,cash
AMBUJACEM,2022-08-17,NSE,EQ,sell,1250.0,398.75,1000000000018039,09:07:13,,,,cash
BATAINDIA,2022-08-17,NSE,EQ,sell,130.0,1971.25,1000000000018066,09:07:13,,,,cash
TORNTPHARM,2022-08-17,NSE,EQ,sell,180.0,1573.7,1300000000028817,09:15:38,,,,cash
AMBUJACEM,2022-08-17,NSE,EQ,buy,1250.0,401.65,1000000000662735,09:18:37,,,,cash
BATAINDIA,2022-08-17,NSE,EQ,buy,130.0,1955.0,1000000001012368,09:22:43,,,,cash
TORNTPHARM,2022-08-17,NSE,EQ,buy,80.0,1563.5,1300000001078176,09:34:28,,,,cash
TORNTPHARM,2022-08-17,NSE,EQ,buy,100.0,1567.9,1300000002703175,09:35:40,,,,cash
AMBUJACEM,2022-08-17,NSE,EQ,sell,385.0,403.3,1000000003899519,09:56:42,,,,cash
NTPC,2022-08-17,NSE,EQ,buy,526.0,163.0,1200000004200517,09:58:40,,,,cash
AMBUJACEM,2022-08-17,NSE,EQ,buy,385.0,403.95,1000000003911484,09:59:42,,,,cash
MGL,2022-08-17,NSE,EQ,sell,70.0,904.15,1200000005596469,10:21:57,,,,cash
MGL,2022-08-17,NSE,EQ,buy,70.0,909.0,1200000005755232,10:44:24,,,,cash
NTPC,2022-08-17,NSE,EQ,sell,526.0,162.1,1200000004251876,12:03:50,,,,cash
GRANULES,2022-08-18,NSE,EQ,sell,1250.0,327.4,1100000000053618,09:07:40,,,,cash
HONAUT,2022-08-18,NSE,EQ,sell,2.0,43531.95,1100000000052891,09:07:40,,,,cash
HONAUT,2022-08-18,NSE,EQ,buy,2.0,43827.0,1100000000859960,09:20:00,,,,cash
DRREDDY,2022-08-18,NSE,EQ,sell,25.0,4187.95,1100000003253213,09:41:24,,,,cash
DRREDDY,2022-08-18,NSE,EQ,buy,25.0,4200.0,1100000003320217,09:45:45,,,,cash
GRANULES,2022-08-18,NSE,EQ,buy,1250.0,324.15,1100000001715728,09:57:25,,,,cash
TATAMOTORS,2022-08-18,NSE,EQ,sell,150.0,485.25,1300000005197758,10:02:52,,,,cash
TATAMOTORS,2022-08-18,NSE,EQ,buy,150.0,480.5,1300000007536360,11:30:34,,,,cash
HAL,2022-08-19,NSE,EQ,buy,50.0,2294.0,1100000001025435,09:19:41,,,,cash
HAL,2022-08-19,NSE,EQ,sell,50.0,2284.0,1100000001046948,09:30:25,,,,cash
TATACHEM,2022-08-19,NSE,EQ,buy,70.0,1154.6,1300000002346898,09:31:57,,,,cash
TATACHEM,2022-08-19,NSE,EQ,sell,25.0,1160.75,1300000002572220,09:37:53,,,,cash
TATACHEM,2022-08-19,NSE,EQ,sell,15.0,1163.65,1300000003108749,09:39:38,,,,cash
TATACHEM,2022-08-19,NSE,EQ,sell,30.0,1166.0,1300000002962615,09:40:17,,,,cash
TATACHEM,2022-08-19,NSE,EQ,sell,15.0,1168.1,1300000003274155,09:41:27,,,,cash
TATACHEM,2022-08-19,NSE,EQ,sell,30.0,1172.0,1300000003285996,09:47:20,,,,cash
TATACHEM,2022-08-19,NSE,EQ,buy,45.0,1180.0,1300000003335180,09:49:10,,,,cash
COFORGE,2022-08-19,NSE,EQ,sell,10.0,4055.0,1000000004142588,09:53:17,,,,cash
COFORGE,2022-08-19,NSE,EQ,sell,5.0,4055.0,1000000004148826,09:53:17,,,,cash
COFORGE,2022-08-19,NSE,EQ,buy,15.0,4016.0,1000000004285634,10:02:06,,,,cash
TATACOMM,2022-08-22,NSE,EQ,sell,200.0,1129.75,1300000000052704,09:07:18,,,,cash
TATACOMM,2022-08-22,NSE,EQ,sell,170.0,1127.0,1300000000448819,09:15:59,,,,cash
TATACOMM,2022-08-22,NSE,EQ,buy,370.0,1136.9,1300000001349396,09:21:51,,,,cash
IPCALAB,2022-08-22,NSE,EQ,sell,80.0,903.9,1100000002662996,09:31:36,,,,cash
TATACOMM,2022-08-22,NSE,EQ,buy,100.0,1159.45,1300000003512021,09:39:48,,,,cash
TATACOMM,2022-08-22,NSE,EQ,sell,40.0,1160.0,1300000003662576,09:41:23,,,,cash
TATACOMM,2022-08-22,NSE,EQ,buy,10.0,1153.6,1300000003851014,09:43:30,,,,cash
IPCALAB,2022-08-22,NSE,EQ,buy,80.0,911.9,1100000002707436,09:57:25,,,,cash
TATACOMM,2022-08-22,NSE,EQ,sell,20.0,1160.5,1300000004758890,09:58:27,,,,cash
AMBUJACEM,2022-08-22,NSE,EQ,buy,100.0,417.15,1000000005834764,10:05:13,,,,cash
AMBUJACEM,2022-08-22,NSE,EQ,buy,50.0,416.55,1000000005885575,10:05:40,,,,cash
TATACOMM,2022-08-22,NSE,EQ,sell,50.0,1157.2,1300000005312760,10:10:54,,,,cash
AMBUJACEM,2022-08-22,NSE,EQ,sell,50.0,419.5,1000000015397892,12:44:09,,,,cash
AMBUJACEM,2022-08-22,NSE,EQ,buy,30.0,415.5,1000000015416687,13:05:38,,,,cash
AMBUJACEM,2022-08-22,NSE,EQ,sell,130.0,410.0,1000000006018770,14:42:27,,,,cash
INDIACEM,2022-08-23,NSE,EQ,buy,320.0,209.85,1100000007950638,10:26:39,,,,cash
INDIACEM,2022-08-23,NSE,EQ,sell,320.0,209.0,1100000008002026,10:35:14,,,,cash
MPHASIS,2022-08-23,NSE,EQ,buy,25.0,2275.45,1200000007806040,10:41:10,,,,cash
MPHASIS,2022-08-23,NSE,EQ,sell,25.0,2261.05,1200000007999474,10:48:10,,,,cash
LTTS,2022-08-23,NSE,EQ,buy,25.0,3544.0,1200000008956950,10:57:13,,,,cash
LTTS,2022-08-23,NSE,EQ,buy,5.0,3539.0,1200000009003330,11:09:12,,,,cash
LTTS,2022-08-23,NSE,EQ,sell,25.0,3571.0,1200000009077915,11:54:40,,,,cash
LTTS,2022-08-23,NSE,EQ,sell,5.0,3569.5,1200000012498328,11:54:47,,,,cash
NAM-INDIA,2022-08-24,NSE,EQ,buy,250.0,317.3,1200000005411742,10:04:32,,,,cash
NAM-INDIA,2022-08-24,NSE,EQ,sell,250.0,317.6,1200000006940646,10:24:40,,,,cash
DELTACORP,2022-08-24,NSE,EQ,sell,100.0,215.1,1100000009306165,10:54:58,,,,cash
DELTACORP,2022-08-24,NSE,EQ,buy,100.0,214.8,1100000010369851,11:11:51,,,,cash
SUNTV,2022-08-24,NSE,EQ,sell,20.0,504.95,1300000012158283,11:25:50,,,,cash
SUNTV,2022-08-24,NSE,EQ,sell,100.0,505.5,1300000012143746,11:31:17,,,,cash
SUNTV,2022-08-24,NSE,EQ,buy,40.0,502.95,1300000014631242,12:03:36,,,,cash
SUNTV,2022-08-24,NSE,EQ,sell,20.0,504.6,1300000014806346,12:25:28,,,,cash
SUNTV,2022-08-24,NSE,EQ,buy,20.0,503.1,1300000017344425,12:46:56,,,,cash
SUNTV,2022-08-24,NSE,EQ,buy,80.0,503.15,1300000012531424,12:47:22,,,,cash
NMDC,2022-08-24,NSE,EQ,buy,150.0,121.75,1200000015710978,12:55:39,,,,cash
NMDC,2022-08-24,NSE,EQ,buy,200.0,121.4,1200000015742415,13:00:19,,,,cash
NMDC,2022-08-24,NSE,EQ,sell,350.0,122.1,1200000017060685,13:45:29,,,,cash
BHEL,2022-08-25,NSE,EQ,buy,500.0,58.15,1000000006571907,10:16:04,,,,cash
BHEL,2022-08-25,NSE,EQ,sell,500.0,57.95,1000000006896401,10:20:02,,,,cash
COROMANDEL,2022-08-25,NSE,EQ,buy,50.0,1016.95,1000000007530980,10:28:16,,,,cash
CROMPTON,2022-08-25,NSE,EQ,sell,30.0,411.7,1000000007908722,10:33:19,,,,cash
COROMANDEL,2022-08-25,NSE,EQ,sell,20.0,1018.05,1000000008087163,10:35:52,,,,cash
CROMPTON,2022-08-25,NSE,EQ,buy,30.0,408.5,1000000007952435,10:37:06,,,,cash
CROMPTON,2022-08-25,NSE,EQ,buy,30.0,409.95,1000000008269917,10:38:38,,,,cash
CROMPTON,2022-08-25,NSE,EQ,sell,30.0,409.9,1000000008279484,10:38:55,,,,cash
COROMANDEL,2022-08-25,NSE,EQ,sell,30.0,1024.0,1000000008209521,10:52:15,,,,cash
CROMPTON,2022-08-25,NSE,EQ,sell,30.0,411.0,1000000008311608,12:39:44,,,,cash
CROMPTON,2022-08-25,NSE,EQ,sell,100.0,412.5,1000000007776027,12:39:45,,,,cash
CROMPTON,2022-08-25,NSE,EQ,buy,130.0,409.5,1000000019146144,13:25:19,,,,cash
INDIAMART,2022-08-26,NSE,EQ,sell,40.0,4324.0,1100000000614067,09:17:31,,,,cash
INDIAMART,2022-08-26,NSE,EQ,sell,30.0,4324.0,1100000000737576,09:18:31,,,,cash
INDIAMART,2022-08-26,NSE,EQ,buy,5.0,4303.0,1100000000888204,09:20:40,,,,cash
INDIAMART,2022-08-26,NSE,EQ,buy,65.0,4303.0,1100000001255542,09:23:16,,,,cash
M&M,2022-08-26,NSE,EQ,sell,20.0,1296.7,1200000006998048,10:32:40,,,,cash
M&M,2022-08-26,NSE,EQ,sell,5.0,1298.0,1200000007136999,10:34:30,,,,cash
M&M,2022-08-26,NSE,EQ,buy,25.0,1287.4,1200000007228126,10:49:28,,,,cash
BEL,2022-08-26,NSE,EQ,sell,60.0,306.55,1000000007973048,11:10:18,,,,cash
BEL,2022-08-26,NSE,EQ,sell,100.0,307.1,1000000007992442,12:27:12,,,,cash
BEL,2022-08-26,NSE,EQ,buy,160.0,306.3,1000000008031116,14:14:39,,,,cash
EICHERMOT,2022-08-29,NSE,EQ,buy,150.0,3265.0,1100000000426113,09:16:02,,,,cash
EICHERMOT,2022-08-29,NSE,EQ,sell,150.0,3291.0,1100000001362889,09:21:13,,,,cash
TATASTEEL,2022-08-29,NSE,EQ,buy,300.0,104.7,1300000009668632,10:45:13,,,,cash
TATASTEEL,2022-08-29,NSE,EQ,sell,300.0,104.6,1300000009770346,10:46:43,,,,cash
DABUR,2022-08-29,NSE,EQ,sell,35.0,579.2,1100000008719669,10:52:37,,,,cash
COLPAL,2022-08-29,NSE,EQ,sell,10.0,1638.2,1000000012556638,12:03:16,,,,cash
COLPAL,2022-08-29,NSE,EQ,sell,100.0,1643.0,1000000009738341,12:28:53,,,,cash
COLPAL,2022-08-29,NSE,EQ,buy,20.0,1640.65,1000000014132308,12:33:59,,,,cash
COLPAL,2022-08-29,NSE,EQ,buy,90.0,1634.0,1000000012596236,12:42:33,,,,cash
DABUR,2022-08-29,NSE,EQ,buy,10.0,575.55,1100000014540722,12:56:40,,,,cash
DABUR,2022-08-29,NSE,EQ,buy,25.0,573.8,1100000008780014,13:14:35,,,,cash
COLPAL,2022-08-30,NSE,EQ,sell,92.0,1643.05,1000000001512767,09:24:09,,,,cash
COLPAL,2022-08-30,NSE,EQ,sell,80.0,1642.65,1000000003261901,09:42:44,,,,cash
COLPAL,2022-08-30,NSE,EQ,buy,172.0,1640.7,1000000004230746,10:10:26,,,,cash
SRF,2022-08-30,NSE,EQ,sell,5.0,2539.95,1300000013869482,12:53:36,,,,cash
SRF,2022-08-30,NSE,EQ,sell,3.0,2536.35,1300000013902381,12:54:15,,,,cash
SRF,2022-08-30,NSE,EQ,sell,5.0,2542.0,1300000013879727,12:55:37,,,,cash
SRF,2022-08-30,NSE,EQ,buy,13.0,2538.0,1300000013926872,12:59:20,,,,cash
RELIANCE,2022-08-30,NSE,EQ,sell,10.0,2627.1,1300000014281790,13:02:12,,,,cash
RELIANCE,2022-08-30,NSE,EQ,buy,10.0,2622.0,1300000016501175,14:59:45,,,,cash
PAGEIND,2022-09-01,NSE,EQ,sell,3.0,50920.0,1200000001064144,09:20:03,,,,cash
PAGEIND,2022-09-01,NSE,EQ,sell,3.0,50994.75,1200000005559132,10:11:39,,,,cash
PAGEIND,2022-09-01,NSE,EQ,buy,6.0,51070.0,1200000001173960,10:12:36,,,,cash
RELIANCE,2022-09-01,NSE,EQ,sell,20.0,2596.55,1300000010245160,10:38:19,,,,cash
RELIANCE,2022-09-01,NSE,EQ,sell,5.0,2595.25,1300000010393269,10:40:07,,,,cash
RELIANCE,2022-09-01,NSE,EQ,sell,25.0,2595.0,1300000010750156,10:44:30,,,,cash
RELIANCE,2022-09-01,NSE,EQ,buy,50.0,2575.0,1300000010358169,13:09:04,,,,cash
ADANIENT,2022-09-02,NSE,EQ,sell,2.0,3244.8,1000000002848129,09:34:07,,,,cash
ADANIENT,2022-09-02,NSE,EQ,sell,3.0,3252.0,1000000002916811,09:58:17,,,,cash
ADANIENT,2022-09-02,NSE,EQ,sell,30.0,3261.0,1000000002730181,09:59:11,,,,cash
ADANIENT,2022-09-02,NSE,EQ,buy,35.0,3263.0,1000000005777062,10:27:26,,,,cash
DELTACORP,2022-09-02,NSE,EQ,sell,150.0,214.8,1100000006978220,10:27:43,,,,cash
DELTACORP,2022-09-02,NSE,EQ,sell,20.0,215.4,1100000010419937,11:19:29,,,,cash
DELTACORP,2022-09-02,NSE,EQ,sell,250.0,216.0,1100000007030291,11:26:20,,,,cash
DELTACORP,2022-09-02,NSE,EQ,buy,120.0,214.4,1100000011128238,12:03:28,,,,cash
DELTACORP,2022-09-02,NSE,EQ,buy,300.0,214.4,1100000013456089,12:04:48,,,,cash
ADANIENT,2022-09-02,NSE,EQ,sell,3.0,3347.0,1000000014995310,12:20:31,,,,cash
ADANIENT,2022-09-02,NSE,EQ,sell,10.0,3356.0,1000000015003039,12:51:41,,,,cash
ADANIENT,2022-09-02,NSE,EQ,sell,7.0,3362.0,1000000015012879,12:55:23,,,,cash
ADANIENT,2022-09-02,NSE,EQ,buy,13.0,3339.0,1000000015089538,13:08:49,,,,cash
ADANIENT,2022-09-02,NSE,EQ,buy,7.0,3339.5,1000000017688215,13:09:01,,,,cash
INDIAMART,2022-09-05,NSE,EQ,sell,44.0,4774.0,1100000000616378,09:17:08,,,,cash
INDIAMART,2022-09-05,NSE,EQ,buy,44.0,4735.0,1100000001083629,09:20:56,,,,cash
AMARAJABAT,2022-09-05,NSE,EQ,sell,50.0,531.85,1000000008704006,11:16:12,,,,cash
AMARAJABAT,2022-09-05,NSE,EQ,sell,100.0,532.4,1000000008760643,11:17:14,,,,cash
AMARAJABAT,2022-09-05,NSE,EQ,sell,300.0,533.0,1000000008675799,11:17:54,,,,cash
AMARAJABAT,2022-09-05,NSE,EQ,buy,450.0,529.0,1000000008796299,11:31:32,,,,cash
EXIDEIND,2022-09-05,NSE,EQ,buy,15.0,169.0,1100000013093261,12:49:45,,,,cash
EXIDEIND,2022-09-05,NSE,EQ,buy,20.0,169.1,1100000013129859,12:50:56,,,,cash
EXIDEIND,2022-09-05,NSE,EQ,sell,5.0,168.95,1100000013181377,12:51:51,,,,cash
EXIDEIND,2022-09-05,NSE,EQ,sell,10.0,168.85,1100000013269593,12:53:54,,,,cash
EXIDEIND,2022-09-05,NSE,EQ,sell,5.0,168.85,1100000013319129,12:54:25,,,,cash
EXIDEIND,2022-09-05,NSE,EQ,sell,5.0,168.75,1100000013331114,12:54:37,,,,cash
EXIDEIND,2022-09-05,NSE,EQ,sell,5.0,168.8,1100000013342472,12:54:50,,,,cash
EXIDEIND,2022-09-05,NSE,EQ,sell,5.0,168.8,1100000013347437,12:55:07,,,,cash
AMARAJABAT,2022-09-05,NSE,EQ,sell,100.0,535.05,1000000015674212,13:40:13,,,,cash
AMARAJABAT,2022-09-05,NSE,EQ,sell,200.0,536.1,1000000015688310,13:49:47,,,,cash
AMARAJABAT,2022-09-05,NSE,EQ,buy,100.0,534.0,1000000015782134,14:12:26,,,,cash
AMARAJABAT,2022-09-05,NSE,EQ,buy,100.0,534.4,1000000017553594,14:13:01,,,,cash
AMARAJABAT,2022-09-05,NSE,EQ,sell,150.0,536.8,1000000015706483,14:23:01,,,,cash
AMARAJABAT,2022-09-05,NSE,EQ,buy,350.0,539.0,1000000015719834,14:23:29,,,,cash
AMARAJABAT,2022-09-05,NSE,EQ,sell,100.0,534.5,1000000019094239,14:38:32,,,,cash
DIXON,2022-09-06,NSE,EQ,sell,116.0,4245.9,1100000000012970,09:07:06,,,,cash
EXIDEIND,2022-09-06,NSE,EQ,sell,2900.0,172.85,1100000000523851,09:16:36,,,,cash
DIXON,2022-09-06,NSE,EQ,buy,116.0,4205.0,1100000000382689,09:18:03,,,,cash
EXIDEIND,2022-09-06,NSE,EQ,buy,2900.0,174.0,1100000001209688,09:23:54,,,,cash
APOLLOTYRE,2022-09-06,NSE,EQ,buy,200.0,267.6,1000000009434141,11:02:50,,,,cash
APOLLOTYRE,2022-09-06,NSE,EQ,buy,50.0,267.7,1000000009518349,11:04:29,,,,cash
APOLLOTYRE,2022-09-06,NSE,EQ,sell,250.0,267.65,1000000009852641,11:10:25,,,,cash
TATAPOWER,2022-09-06,NSE,EQ,sell,200.0,244.55,1300000010755751,11:14:09,,,,cash
TATAPOWER,2022-09-06,NSE,EQ,sell,100.0,245.3,1300000010969796,11:21:31,,,,cash
TATAPOWER,2022-09-06,NSE,EQ,sell,100.0,245.7,1300000011913310,11:30:35,,,,cash
TATAPOWER,2022-09-06,NSE,EQ,buy,150.0,245.2,1300000012201254,11:35:48,,,,cash
TATAPOWER,2022-09-06,NSE,EQ,sell,150.0,246.2,1300000012212663,11:44:53,,,,cash
TATAPOWER,2022-09-06,NSE,EQ,buy,400.0,245.9,1300000015946170,12:43:10,,,,cash
ADANIENT,2022-09-06,NSE,EQ,sell,15.0,3432.2,1000000014880884,12:54:22,,,,cash
ADANIENT,2022-09-06,NSE,EQ,sell,3.0,3433.05,1000000014912228,12:55:02,,,,cash
ADANIENT,2022-09-06,NSE,EQ,sell,2.0,3436.0,1000000014916340,12:56:40,,,,cash
ADANIENT,2022-09-06,NSE,EQ,sell,25.0,3442.0,1000000014894163,13:10:54,,,,cash
ADANIENT,2022-09-06,NSE,EQ,buy,5.0,3434.0,1000000017676542,13:50:54,,,,cash
ADANIENT,2022-09-06,NSE,EQ,buy,40.0,3435.7,1000000019079715,14:18:27,,,,cash
TATAPOWER,2022-09-06,NSE,EQ,sell,200.0,247.1,1300000022653930,14:43:00,,,,cash
TATAPOWER,2022-09-06,NSE,EQ,sell,100.0,247.2,1300000022689364,15:03:15,,,,cash
TATAPOWER,2022-09-06,NSE,EQ,sell,200.0,247.3,1300000022664082,15:03:15,,,,cash
TATAPOWER,2022-09-06,NSE,EQ,buy,200.0,248.0,1300000022673809,15:04:49,,,,cash
TATAPOWER,2022-09-06,NSE,EQ,buy,300.0,247.25,1300000024323177,15:10:17,,,,cash
AMBUJACEM,2022-09-07,NSE,EQ,sell,1400.0,440.05,1000000000024971,09:07:57,,,,cash
NTPC,2022-09-07,NSE,EQ,sell,3333.0,168.5,1200000000032703,09:07:57,,,,cash
AMBUJACEM,2022-09-07,NSE,EQ,buy,1400.0,443.9,1000000000982867,09:19:41,,,,cash
NTPC,2022-09-07,NSE,EQ,buy,3333.0,169.2,1200000001084432,09:23:34,,,,cash
AMBUJACEM,2022-09-07,NSE,EQ,sell,224.0,442.9,1000000001987226,09:26:36,,,,cash
AMBUJACEM,2022-09-07,NSE,EQ,buy,224.0,446.45,1000000002098801,09:32:29,,,,cash
ACC,2022-09-07,NSE,EQ,sell,10.0,2408.7,1000000003351189,09:38:32,,,,cash
ACC,2022-09-07,NSE,EQ,sell,5.0,2418.0,1000000003688211,09:41:44,,,,cash
ACC,2022-09-07,NSE,EQ,sell,5.0,2419.0,1000000003776156,09:42:40,,,,cash
ACC,2022-09-07,NSE,EQ,sell,40.0,2426.0,1000000003482736,09:43:43,,,,cash
ACC,2022-09-07,NSE,EQ,buy,60.0,2445.0,1000000003726729,09:54:03,,,,cash
ACC,2022-09-07,NSE,EQ,sell,10.0,2437.9,1000000005004930,09:55:09,,,,cash
ACC,2022-09-07,NSE,EQ,sell,5.0,2425.5,1000000005222175,09:57:37,,,,cash
ACC,2022-09-07,NSE,EQ,sell,5.0,2437.0,1000000007354770,10:28:11,,,,cash
ACC,2022-09-07,NSE,EQ,buy,10.0,2413.6,1000000009343432,11:01:33,,,,cash
ACC,2022-09-07,NSE,EQ,buy,10.0,2392.0,1000000009370677,11:15:39,,,,cash
ACC,2022-09-07,NSE,EQ,sell,50.0,2413.5,1000000013436076,12:12:54,,,,cash
ACC,2022-09-07,NSE,EQ,buy,45.0,2413.9,1000000013445482,12:13:14,,,,cash
ACC,2022-09-07,NSE,EQ,sell,10.0,2421.0,1000000009361562,12:25:57,,,,cash
ACC,2022-09-07,NSE,EQ,sell,5.0,2432.0,1000000007501947,12:26:57,,,,cash
ACC,2022-09-07,NSE,EQ,buy,10.0,2412.0,1000000022401522,14:26:14,,,,cash
ACC,2022-09-07,NSE,EQ,buy,10.0,2410.6,1000000022394809,14:26:45,,,,cash
ACC,2022-09-08,NSE,EQ,sell,160.0,2420.85,1000000000041640,09:07:58,,,,cash
AMBUJACEM,2022-09-08,NSE,EQ,sell,50.0,453.95,1000000000041580,09:07:58,,,,cash
AMBUJACEM,2022-09-08,NSE,EQ,sell,800.0,453.95,1000000000041578,09:07:58,,,,cash
ASTRAL,2022-09-08,NSE,EQ,sell,155.0,2456.1,1000000000041576,09:07:58,,,,cash
ASTRAL,2022-09-08,NSE,EQ,buy,155.0,2472.85,1000000000689113,09:17:37,,,,cash
AMBUJACEM,2022-09-08,NSE,EQ,buy,850.0,450.0,1000000000570102,09:18:35,,,,cash
ULTRACEMCO,2022-09-08,NSE,EQ,sell,22.0,6848.15,1300000001496552,09:21:53,,,,cash
ACC,2022-09-08,NSE,EQ,sell,40.0,2420.6,1000000001585834,09:23:56,,,,cash
ULTRACEMCO,2022-09-08,NSE,EQ,buy,22.0,6880.0,1300000001570321,09:25:12,,,,cash
ACC,2022-09-08,NSE,EQ,buy,200.0,2430.0,1000000001527225,09:28:36,,,,cash
DALBHARAT,2022-09-08,NSE,EQ,sell,10.0,1634.05,1100000012616090,12:00:01,,,,cash
HINDPETRO,2022-09-08,NSE,EQ,sell,300.0,252.55,1100000012700262,12:01:57,,,,cash
DALBHARAT,2022-09-08,NSE,EQ,buy,10.0,1634.9,1100000012725936,12:02:47,,,,cash
HINDPETRO,2022-09-08,NSE,EQ,sell,30.0,252.8,1100000012872869,12:05:03,,,,cash
HINDPETRO,2022-09-08,NSE,EQ,buy,330.0,250.4,1100000012988074,12:58:11,,,,cash
DALBHARAT,2022-09-09,NSE,EQ,sell,300.0,1654.0,1100000000010994,09:07:03,,,,cash
JKCEMENT,2022-09-09,NSE,EQ,sell,170.0,2960.6,1200000000009696,09:07:03,,,,cash
DALBHARAT,2022-09-09,NSE,EQ,buy,300.0,1665.9,1100000000732403,09:24:38,,,,cash
ULTRACEMCO,2022-09-09,NSE,EQ,buy,21.0,6958.0,1300000001791633,09:32:08,,,,cash
ULTRACEMCO,2022-09-09,NSE,EQ,sell,21.0,6943.0,1300000002758455,09:33:45,,,,cash
JKCEMENT,2022-09-09,NSE,EQ,buy,170.0,2974.5,1200000001221718,10:29:18,,,,cash
SHREECEM,2022-09-09,NSE,EQ,sell,1.0,25158.0,1300000011499873,11:47:59,,,,cash
SHREECEM,2022-09-09,NSE,EQ,buy,1.0,25214.95,1300000011726511,11:51:30,,,,cash
SHREECEM,2022-09-09,NSE,EQ,sell,1.0,25210.0,1300000011531503,11:51:30,,,,cash
SHREECEM,2022-09-09,NSE,EQ,sell,1.0,25290.0,1300000011740123,11:55:27,,,,cash
SHREECEM,2022-09-09,NSE,EQ,buy,1.0,25065.9,1300000011654393,13:12:19,,,,cash
SHREECEM,2022-09-09,NSE,EQ,buy,1.0,24943.45,1300000016530116,13:20:13,,,,cash
ACC,2022-09-12,NSE,EQ,sell,89.0,2375.0,1000000000038407,09:07:30,,,,cash
FSL,2022-09-12,NSE,EQ,sell,1800.0,117.5,1100000000057400,09:07:30,,,,cash
JKCEMENT,2022-09-12,NSE,EQ,sell,73.0,2844.95,1200000000048014,09:07:30,,,,cash
FSL,2022-09-12,NSE,EQ,buy,1800.0,117.7,1100000000691971,09:17:37,,,,cash
JKCEMENT,2022-09-12,NSE,EQ,buy,73.0,2818.6,1200000000847951,09:22:06,,,,cash
ACC,2022-09-12,NSE,EQ,buy,89.0,2353.5,1000000000847149,09:22:27,,,,cash
BSOFT,2022-09-12,NSE,EQ,sell,300.0,339.9,1000000008728918,11:38:28,,,,cash
ACC,2022-09-12,NSE,EQ,sell,10.0,2456.0,1000000008852818,11:41:08,,,,cash
ACC,2022-09-12,NSE,EQ,sell,5.0,2455.0,1000000008873276,11:41:33,,,,cash
ACC,2022-09-12,NSE,EQ,sell,5.0,2454.35,1000000008927719,11:42:44,,,,cash
ACC,2022-09-12,NSE,EQ,sell,10.0,2455.0,1000000008941650,11:43:01,,,,cash
ACC,2022-09-12,NSE,EQ,sell,20.0,2461.0,1000000008869689,11:49:46,,,,cash
BSOFT,2022-09-12,NSE,EQ,sell,150.0,340.6,1000000008752547,11:57:10,,,,cash
ACC,2022-09-12,NSE,EQ,buy,20.0,2459.0,1000000011905030,13:03:44,,,,cash
BSOFT,2022-09-12,NSE,EQ,buy,150.0,338.25,1000000011916618,13:04:07,,,,cash
ACC,2022-09-12,NSE,EQ,buy,30.0,2447.0,1000000009213850,13:12:55,,,,cash
BSOFT,2022-09-12,NSE,EQ,buy,300.0,337.0,1000000008789193,13:35:27,,,,cash
ATUL,2022-09-13,NSE,EQ,sell,45.0,9632.25,1000000000015528,09:07:45,,,,cash
GODREJPROP,2022-09-13,NSE,EQ,sell,285.0,1470.0,1100000000026470,09:07:45,,,,cash
OBEROIRLTY,2022-09-13,NSE,EQ,sell,250.0,1063.3,1200000000017288,09:07:45,,,,cash
ATUL,2022-09-13,NSE,EQ,buy,45.0,9701.0,1000000000217710,09:17:00,,,,cash
GODREJPROP,2022-09-13,NSE,EQ,buy,140.0,1456.1,1100000000327289,09:17:06,,,,cash
GODREJPROP,2022-09-13,NSE,EQ,buy,145.0,1453.5,1100000000632879,09:17:44,,,,cash
OBEROIRLTY,2022-09-13,NSE,EQ,buy,250.0,1066.55,1200000000783438,09:33:06,,,,cash
TATACHEM,2022-09-13,NSE,EQ,sell,20.0,1184.55,1300000006590844,10:28:36,,,,cash
TATACHEM,2022-09-13,NSE,EQ,buy,20.0,1182.6,1300000006817175,10:31:42,,,,cash
TRENT,2022-09-13,NSE,EQ,sell,35.0,1437.45,1300000007154652,10:36:20,,,,cash
BATAINDIA,2022-09-13,NSE,EQ,sell,5.0,1971.5,1000000007011896,10:42:11,,,,cash
TRENT,2022-09-13,NSE,EQ,buy,15.0,1438.75,1300000007844928,10:46:41,,,,cash
BATAINDIA,2022-09-13,NSE,EQ,buy,5.0,1948.75,1000000010308147,11:41:25,,,,cash
SRF,2022-09-13,NSE,EQ,sell,1.0,2837.6,1300000011258404,11:44:15,,,,cash
SRF,2022-09-13,NSE,EQ,sell,1.0,2839.0,1300000011263639,11:44:31,,,,cash
SRF,2022-09-13,NSE,EQ,sell,3.0,2842.0,1300000011240929,11:44:39,,,,cash
TRENT,2022-09-13,NSE,EQ,buy,20.0,1436.85,1300000011367722,11:46:10,,,,cash
OBEROIRLTY,2022-09-13,NSE,EQ,buy,250.0,1053.45,1200000000243275,15:02:59,,,,cash
SRF,2022-09-13,NSE,EQ,buy,5.0,2820.6,1300000021705486,15:20:55,,,,cash
OBEROIRLTY,2022-09-13,NSE,EQ,sell,250.0,1053.15,1200000020470215,15:20:57,,,,cash
TATACONSUM,2022-09-14,NSE,EQ,sell,435.0,847.4,1300000000006787,09:17:33,,,,cash
TATACONSUM,2022-09-14,NSE,EQ,buy,435.0,850.0,1300000000946133,09:18:39,,,,cash
ASTRAL,2022-09-14,NSE,EQ,buy,70.0,2407.0,1000000001259869,09:20:46,,,,cash
LALPATHLAB,2022-09-14,NSE,EQ,buy,70.0,2411.0,1200000001819782,09:24:49,,,,cash
LALPATHLAB,2022-09-14,NSE,EQ,buy,30.0,2403.55,1200000001941562,09:26:35,,,,cash
ASTRAL,2022-09-14,NSE,EQ,sell,70.0,2427.0,1000000001771933,09:27:22,,,,cash
LALPATHLAB,2022-09-14,NSE,EQ,sell,100.0,2408.1,1200000002508312,09:49:25,,,,cash
ACC,2022-09-14,NSE,EQ,sell,5.0,2683.95,1000000011095039,11:20:33,,,,cash
VEDL,2022-09-14,NSE,EQ,sell,50.0,295.6,1300000013416594,11:27:30,,,,cash
DALBHARAT,2022-09-14,NSE,EQ,buy,10.0,1750.0,1100000015257605,12:34:05,,,,cash
DALBHARAT,2022-09-14,NSE,EQ,buy,5.0,1749.7,1100000015413497,12:36:14,,,,cash
ACC,2022-09-14,NSE,EQ,buy,5.0,2662.65,1000000016870059,12:59:32,,,,cash
VEDL,2022-09-14,NSE,EQ,sell,20.0,297.0,1300000014291994,13:02:16,,,,cash
VEDL,2022-09-14,NSE,EQ,sell,200.0,298.0,1300000013323025,13:03:09,,,,cash
VEDL,2022-09-14,NSE,EQ,sell,150.0,299.0,1300000013473410,13:03:27,,,,cash
VEDL,2022-09-14,NSE,EQ,buy,180.0,298.0,1300000019790190,13:11:25,,,,cash
DALBHARAT,2022-09-14,NSE,EQ,sell,5.0,1753.9,1100000017517563,13:11:56,,,,cash
DALBHARAT,2022-09-14,NSE,EQ,sell,10.0,1753.55,1100000017626356,13:14:05,,,,cash
VEDL,2022-09-14,NSE,EQ,sell,50.0,298.8,1300000019897809,13:25:40,,,,cash
VEDL,2022-09-14,NSE,EQ,sell,60.0,299.6,1300000019837142,13:27:00,,,,cash
VEDL,2022-09-14,NSE,EQ,buy,350.0,300.0,1300000020026949,13:27:15,,,,cash
VEDL,2022-09-14,NSE,EQ,sell,100.0,301.3,1300000020709119,13:29:02,,,,cash
VEDL,2022-09-14,NSE,EQ,sell,50.0,302.75,1300000020728555,13:29:21,,,,cash
VEDL,2022-09-14,NSE,EQ,sell,150.0,302.75,1300000020736448,13:29:28,,,,cash
VEDL,2022-09-14,NSE,EQ,buy,300.0,304.0,1300000020723705,13:29:44,,,,cash
VEDL,2022-09-14,NSE,EQ,sell,80.0,303.85,1300000020835186,13:30:57,,,,cash
VEDL,2022-09-14,NSE,EQ,sell,150.0,304.2,1300000020826513,13:31:07,,,,cash
VEDL,2022-09-14,NSE,EQ,sell,20.0,304.8,1300000020854441,13:31:50,,,,cash
VEDL,2022-09-14,NSE,EQ,buy,250.0,309.0,1300000022096020,13:49:23,,,,cash
VEDL,2022-09-14,NSE,EQ,sell,50.0,312.9,1300000022621991,13:55:39,,,,cash
VEDL,2022-09-14,NSE,EQ,sell,100.0,314.2,1300000022638092,13:56:15,,,,cash
VEDL,2022-09-14,NSE,EQ,buy,150.0,309.0,1300000022712527,14:02:32,,,,cash
ACC,2022-09-15,NSE,EQ,buy,181.0,2754.7,1000000000422412,09:16:21,,,,cash
VEDL,2022-09-15,NSE,EQ,sell,10.0,316.3,1300000000919526,09:18:16,,,,cash
VEDL,2022-09-15,NSE,EQ,sell,50.0,317.4,1300000000834816,09:18:26,,,,cash
ACC,2022-09-15,NSE,EQ,sell,181.0,2733.8,1000000000585076,09:21:19,,,,cash
VEDL,2022-09-15,NSE,EQ,buy,60.0,314.2,1300000001716974,09:36:55,,,,cash
PVR,2022-09-15,NSE,EQ,sell,15.0,1862.0,1200000005619385,09:57:44,,,,cash
PVR,2022-09-15,NSE,EQ,sell,60.0,1861.35,1200000005733019,09:58:06,,,,cash
PVR,2022-09-15,NSE,EQ,sell,15.0,1864.0,1200000005758879,09:59:25,,,,cash
PVR,2022-09-15,NSE,EQ,buy,35.0,1845.4,1200000009870128,10:45:01,,,,cash
PVR,2022-09-15,NSE,EQ,buy,90.0,1843.0,1200000005866743,10:45:07,,,,cash
PVR,2022-09-15,NSE,EQ,sell,35.0,1844.05,1200000009892973,10:45:18,,,,cash
NATIONALUM,2022-09-15,NSE,EQ,buy,500.0,79.75,1200000010185943,10:48:57,,,,cash
NATIONALUM,2022-09-15,NSE,EQ,buy,400.0,79.6,1200000010196305,10:49:56,,,,cash
NATIONALUM,2022-09-15,NSE,EQ,buy,200.0,79.45,1200000010319771,12:07:19,,,,cash
NATIONALUM,2022-09-15,NSE,EQ,sell,900.0,79.5,1200000010241519,12:29:18,,,,cash
NATIONALUM,2022-09-15,NSE,EQ,sell,200.0,79.5,1200000016859052,12:29:41,,,,cash
ADANIENT,2022-09-15,NSE,EQ,sell,25.0,3653.1,1000000015758210,12:40:05,,,,cash
ADANIENT,2022-09-15,NSE,EQ,sell,15.0,3662.0,1000000015768060,12:49:37,,,,cash
ADANIENT,2022-09-15,NSE,EQ,buy,10.0,3670.7,1000000016597732,12:56:46,,,,cash
ADANIENT,2022-09-15,NSE,EQ,buy,10.0,3670.85,1000000016630619,12:57:21,,,,cash
ADANIENT,2022-09-15,NSE,EQ,sell,5.0,3676.95,1000000016680056,12:58:29,,,,cash
ADANIENT,2022-09-15,NSE,EQ,sell,20.0,3684.0,1000000016615499,13:07:09,,,,cash
ADANIENT,2022-09-15,NSE,EQ,sell,20.0,3690.0,1000000016721548,13:07:54,,,,cash
ADANIENT,2022-09-15,NSE,EQ,sell,15.0,3677.85,1000000017324103,13:11:49,,,,cash
ADANIENT,2022-09-15,NSE,EQ,buy,30.0,3671.85,1000000018297433,13:28:55,,,,cash
ADANIENT,2022-09-15,NSE,EQ,buy,15.0,3678.0,1000000018647436,13:34:20,,,,cash
ADANIENT,2022-09-15,NSE,EQ,sell,10.0,3693.0,1000000018466139,13:43:28,,,,cash
ADANIENT,2022-09-15,NSE,EQ,sell,15.0,3696.0,1000000018633186,13:43:52,,,,cash
ADANIENT,2022-09-15,NSE,EQ,buy,60.0,3729.95,1000000020348599,14:01:38,,,,cash
ASTRAL,2022-09-16,NSE,EQ,sell,135.0,2505.45,1000000000010563,09:07:49,,,,cash
ASTRAL,2022-09-16,NSE,EQ,buy,135.0,2485.0,1000000003208445,09:35:18,,,,cash
PVR,2022-09-16,NSE,EQ,buy,100.0,1790.3,1200000007190552,10:16:49,,,,cash
PVR,2022-09-16,NSE,EQ,sell,100.0,1780.0,1200000007216487,11:42:31,,,,cash
INDIACEM,2022-09-16,NSE,EQ,sell,300.0,277.75,1100000016146466,12:35:23,,,,cash
INDIACEM,2022-09-16,NSE,EQ,sell,100.0,278.6,1100000016174572,12:36:10,,,,cash
INDIACEM,2022-09-16,NSE,EQ,buy,400.0,274.4,1100000016661179,13:01:04,,,,cash
GRANULES,2022-09-19,NSE,EQ,sell,200.0,325.75,1100000007693125,10:20:53,,,,cash
GRANULES,2022-09-19,NSE,EQ,buy,100.0,322.95,1100000008114835,10:27:12,,,,cash
GRANULES,2022-09-19,NSE,EQ,buy,100.0,322.6,1100000008003882,10:27:29,,,,cash
AMBUJACEM,2022-09-19,NSE,EQ,sell,120.0,557.9,1000000009513868,10:33:03,,,,cash
AMBUJACEM,2022-09-19,NSE,EQ,sell,80.0,559.6,1000000009549507,10:33:21,,,,cash
AMBUJACEM,2022-09-19,NSE,EQ,sell,100.0,561.0,1000000009581885,10:34:07,,,,cash
AMBUJACEM,2022-09-19,NSE,EQ,sell,100.0,566.0,1000000009734276,10:39:23,,,,cash
AMBUJACEM,2022-09-19,NSE,EQ,sell,50.0,567.0,1000000009946679,10:40:08,,,,cash
AMBUJACEM,2022-09-19,NSE,EQ,buy,100.0,561.5,1000000010851011,10:47:18,,,,cash
AMBUJACEM,2022-09-19,NSE,EQ,buy,100.0,561.0,1000000010873208,10:47:40,,,,cash
AMBUJACEM,2022-09-19,NSE,EQ,buy,250.0,560.9,1000000009993125,10:48:13,,,,cash
AMBUJACEM,2022-09-19,NSE,EQ,buy,20.0,560.8,1000000011270774,10:52:38,,,,cash
AMBUJACEM,2022-09-19,NSE,EQ,sell,40.0,560.9,1000000011276881,10:52:44,,,,cash
AMBUJACEM,2022-09-19,NSE,EQ,buy,20.0,557.05,1000000011544547,10:56:28,,,,cash
AMBUJACEM,2022-09-19,NSE,EQ,sell,20.0,560.6,1000000011627644,10:58:36,,,,cash
RELIANCE,2022-09-19,NSE,EQ,sell,5.0,2511.2,1300000011744664,11:01:19,,,,cash
RELIANCE,2022-09-19,NSE,EQ,sell,30.0,2511.05,1300000011837882,11:02:26,,,,cash
AMBUJACEM,2022-09-19,NSE,EQ,sell,80.0,562.6,1000000011250018,11:12:05,,,,cash
RELIANCE,2022-09-19,NSE,EQ,sell,15.0,2516.0,1300000011850631,11:20:13,,,,cash
AMBUJACEM,2022-09-19,NSE,EQ,buy,100.0,560.25,1000000013756404,11:26:16,,,,cash
RELIANCE,2022-09-19,NSE,EQ,buy,10.0,2499.3,1300000014405433,11:38:16,,,,cash
RELIANCE,2022-09-19,NSE,EQ,buy,40.0,2494.0,1300000011891803,11:40:29,,,,cash
AMBUJACEM,2022-09-19,NSE,EQ,sell,20.0,566.25,1000000016646200,11:59:11,,,,cash
AMBUJACEM,2022-09-19,NSE,EQ,sell,10.0,567.6,1000000016670644,11:59:29,,,,cash
RELIANCE,2022-09-19,NSE,EQ,sell,10.0,2506.0,1300000016396010,12:05:14,,,,cash
AMBUJACEM,2022-09-19,NSE,EQ,buy,30.0,564.4,1000000016726504,12:08:30,,,,cash
RELIANCE,2022-09-19,NSE,EQ,sell,20.0,2513.0,1300000013670772,13:18:39,,,,cash
RELIANCE,2022-09-19,NSE,EQ,sell,10.0,2516.0,1300000016980514,13:49:55,,,,cash
RELIANCE,2022-09-19,NSE,EQ,buy,40.0,2514.7,1300000016954317,14:17:14,,,,cash
ZEEL,2022-09-20,NSE,EQ,sell,250.0,274.55,1300000006566627,10:19:18,,,,cash
ZEEL,2022-09-20,NSE,EQ,sell,100.0,274.4,1300000006617065,10:19:58,,,,cash
ZEEL,2022-09-20,NSE,EQ,sell,150.0,275.2,1300000006583749,10:28:10,,,,cash
ZEEL,2022-09-20,NSE,EQ,buy,200.0,273.15,1300000008103380,10:42:40,,,,cash
ZEEL,2022-09-20,NSE,EQ,buy,200.0,273.0,1300000006774162,10:43:43,,,,cash
ZEEL,2022-09-20,NSE,EQ,buy,100.0,273.2,1300000008131573,10:43:59,,,,cash
EXIDEIND,2022-09-20,NSE,EQ,sell,200.0,169.1,1100000008483187,10:56:17,,,,cash
EXIDEIND,2022-09-20,NSE,EQ,sell,50.0,168.75,1100000008522946,10:56:54,,,,cash
EXIDEIND,2022-09-20,NSE,EQ,sell,200.0,168.9,1100000008508447,10:57:00,,,,cash
EXIDEIND,2022-09-20,NSE,EQ,buy,150.0,168.1,1100000012061976,12:07:35,,,,cash
EXIDEIND,2022-09-20,NSE,EQ,buy,300.0,167.7,1100000008518513,12:09:44,,,,cash
JKCEMENT,2022-09-21,NSE,EQ,sell,175.0,2909.5,1200000000033440,09:15:19,,,,cash
JKCEMENT,2022-09-21,NSE,EQ,buy,175.0,2918.0,1200000001345349,09:23:38,,,,cash
ACC,2022-09-21,NSE,EQ,sell,10.0,2631.0,1000000008605983,10:38:38,,,,cash
INDIACEM,2022-09-21,NSE,EQ,buy,150.0,275.9,1100000008057246,10:42:02,,,,cash
ACC,2022-09-21,NSE,EQ,sell,30.0,2633.9,1000000008596783,10:43:27,,,,cash
ACC,2022-09-21,NSE,EQ,buy,10.0,2614.0,1000000008696814,10:44:11,,,,cash
ACC,2022-09-21,NSE,EQ,buy,30.0,2612.0,1000000009049827,10:44:17,,,,cash
INDIACEM,2022-09-21,NSE,EQ,buy,50.0,275.4,1100000008073256,10:45:27,,,,cash
INDIACEM,2022-09-21,NSE,EQ,buy,50.0,275.3,1100000008486681,10:50:19,,,,cash
INDIACEM,2022-09-21,NSE,EQ,sell,250.0,276.2,1100000008881825,10:55:56,,,,cash
HINDUNILVR,2022-09-21,NSE,EQ,sell,20.0,2635.85,1100000009574737,11:08:14,,,,cash
HINDUNILVR,2022-09-21,NSE,EQ,sell,10.0,2635.25,1100000009622921,11:08:59,,,,cash
HINDUNILVR,2022-09-21,NSE,EQ,buy,10.0,2635.0,1100000009994360,11:15:26,,,,cash
IOC,2022-09-21,NSE,EQ,sell,350.0,68.85,1100000010515519,11:25:07,,,,cash
HINDUNILVR,2022-09-21,NSE,EQ,buy,20.0,2632.8,1100000011949543,11:48:16,,,,cash
IOC,2022-09-21,NSE,EQ,sell,200.0,68.85,1100000010591003,12:48:56,,,,cash
AMBUJACEM,2022-09-21,NSE,EQ,sell,100.0,540.55,1000000019233050,12:53:57,,,,cash
AMBUJACEM,2022-09-21,NSE,EQ,sell,20.0,541.15,1000000019282572,12:54:38,,,,cash
AMBUJACEM,2022-09-21,NSE,EQ,sell,30.0,541.0,1000000019312723,12:55:07,,,,cash
AMBUJACEM,2022-09-21,NSE,EQ,sell,50.0,542.0,1000000019243526,12:55:15,,,,cash
IOC,2022-09-21,NSE,EQ,buy,550.0,68.9,1100000016576178,12:56:00,,,,cash
AMBUJACEM,2022-09-21,NSE,EQ,sell,100.0,544.6,1000000019298145,12:56:53,,,,cash
AMBUJACEM,2022-09-21,NSE,EQ,sell,200.0,546.0,1000000019391286,12:57:15,,,,cash
AMBUJACEM,2022-09-21,NSE,EQ,buy,50.0,543.3,1000000019746497,13:01:00,,,,cash
AMBUJACEM,2022-09-21,NSE,EQ,buy,50.0,541.85,1000000019925019,13:03:32,,,,cash
AMBUJACEM,2022-09-21,NSE,EQ,buy,250.0,542.6,1000000019657303,13:06:13,,,,cash
AMBUJACEM,2022-09-21,NSE,EQ,buy,50.0,541.0,1000000019404924,13:08:46,,,,cash
AMBUJACEM,2022-09-21,NSE,EQ,sell,50.0,544.6,1000000020309214,13:16:01,,,,cash
AMBUJACEM,2022-09-21,NSE,EQ,sell,100.0,547.0,1000000019771829,13:40:39,,,,cash
AMBUJACEM,2022-09-21,NSE,EQ,buy,250.0,550.0,1000000019481839,13:45:02,,,,cash
INFY,2022-09-21,NSE,EQ,sell,100.0,1386.0,1100000019684597,13:48:43,,,,cash
INFY,2022-09-21,NSE,EQ,sell,30.0,1384.6,1100000020217569,14:05:43,,,,cash
INFY,2022-09-21,NSE,EQ,buy,30.0,1379.6,1100000019945764,14:47:30,,,,cash
INFY,2022-09-21,NSE,EQ,buy,40.0,1378.5,1100000022251060,14:49:01,,,,cash
INFY,2022-09-21,NSE,EQ,buy,30.0,1378.35,1100000023222065,14:49:08,,,,cash
INFY,2022-09-21,NSE,EQ,buy,30.0,1378.3,1100000023235463,14:49:21,,,,cash
INFY,2022-09-21,NSE,EQ,sell,30.0,1377.4,1100000023322670,14:50:44,,,,cash
INFY,2022-09-21,NSE,EQ,buy,30.0,1377.85,1100000023380220,14:51:35,,,,cash
AMBUJACEM,2022-09-22,NSE,EQ,sell,150.0,539.85,1000000009987485,10:48:14,,,,cash
AMBUJACEM,2022-09-22,NSE,EQ,buy,50.0,539.05,1000000010106169,10:49:32,,,,cash
AMBUJACEM,2022-09-22,NSE,EQ,sell,30.0,541.0,1000000010170630,10:51:49,,,,cash
AMBUJACEM,2022-09-22,NSE,EQ,buy,130.0,539.4,1000000010401658,10:54:21,,,,cash
COFORGE,2022-09-22,NSE,EQ,sell,3.0,3388.0,1000000010728649,10:57:57,,,,cash
COFORGE,2022-09-22,NSE,EQ,sell,15.0,3396.0,1000000010747642,11:00:00,,,,cash
COFORGE,2022-09-22,NSE,EQ,sell,10.0,3402.0,1000000010769674,11:01:31,,,,cash
COFORGE,2022-09-22,NSE,EQ,sell,25.0,3410.0,1000000010778956,11:01:39,,,,cash
COFORGE,2022-09-22,NSE,EQ,buy,53.0,3425.0,1000000011014005,11:01:58,,,,cash
COFORGE,2022-09-22,NSE,EQ,sell,15.0,3427.4,1000000011085015,11:02:44,,,,cash
COFORGE,2022-09-22,NSE,EQ,sell,25.0,3425.0,1000000011138374,11:03:37,,,,cash
COFORGE,2022-09-22,NSE,EQ,buy,10.0,3426.75,1000000011195319,11:04:43,,,,cash
COFORGE,2022-09-22,NSE,EQ,buy,30.0,3378.85,1000000010947921,11:25:25,,,,cash
APOLLOTYRE,2022-09-22,NSE,EQ,buy,300.0,279.45,1000000012967345,11:31:03,,,,cash
APOLLOTYRE,2022-09-22,NSE,EQ,buy,100.0,278.7,1000000012979936,11:31:51,,,,cash
APOLLOTYRE,2022-09-22,NSE,EQ,buy,100.0,277.7,1000000013128461,12:00:52,,,,cash
APOLLOTYRE,2022-09-22,NSE,EQ,sell,500.0,277.7,1000000015254898,12:09:23,,,,cash
PIIND,2022-09-22,NSE,EQ,buy,50.0,3089.5,1200000014705903,12:14:58,,,,cash
PIIND,2022-09-22,NSE,EQ,buy,30.0,3084.0,1200000014724819,12:30:01,,,,cash
PIIND,2022-09-22,NSE,EQ,sell,50.0,3103.4,1200000016881604,12:48:29,,,,cash
PIIND,2022-09-22,NSE,EQ,sell,30.0,3101.0,1200000016895612,12:48:47,,,,cash
POWERGRID,2022-09-23,NSE,EQ,sell,350.0,210.0,1200000012154002,11:24:59,,,,cash
POWERGRID,2022-09-23,NSE,EQ,buy,150.0,209.15,1200000013838241,11:53:11,,,,cash
POWERGRID,2022-09-23,NSE,EQ,buy,200.0,208.1,1200000013873102,12:39:34,,,,cash
POWERGRID,2022-09-23,NSE,EQ,buy,100.0,204.95,1200000019845296,13:28:54,,,,cash
POWERGRID,2022-09-23,NSE,EQ,buy,150.0,204.4,1200000019855359,13:36:21,,,,cash
POWERGRID,2022-09-23,NSE,EQ,buy,50.0,203.6,1200000020370811,13:37:34,,,,cash
POWERGRID,2022-09-23,NSE,EQ,sell,300.0,203.0,1200000020366235,13:38:44,,,,cash
POWERGRID,2022-09-26,NSE,EQ,buy,100.0,190.9,1200000002676697,09:30:30,,,,cash
POWERGRID,2022-09-26,NSE,EQ,sell,40.0,190.85,1200000003040260,09:33:00,,,,cash
POWERGRID,2022-09-26,NSE,EQ,buy,60.0,190.4,1200000002730761,09:34:06,,,,cash
POWERGRID,2022-09-26,NSE,EQ,buy,30.0,189.8,1200000003678939,09:37:45,,,,cash
POWERGRID,2022-09-26,NSE,EQ,buy,350.0,188.4,1200000003366522,09:40:23,,,,cash
POWERGRID,2022-09-26,NSE,EQ,sell,500.0,187.0,1200000003767891,09:42:48,,,,cash
TATAMOTORS,2022-09-26,NSE,EQ,buy,300.0,400.85,1300000004498791,09:43:11,,,,cash
TATAMOTORS,2022-09-26,NSE,EQ,buy,100.0,399.0,1300000004540261,10:02:34,,,,cash
TATAMOTORS,2022-09-26,NSE,EQ,buy,100.0,398.0,1300000004685696,10:03:06,,,,cash
TATAMOTORS,2022-09-26,NSE,EQ,sell,100.0,400.55,1300000008078927,10:14:32,,,,cash
TATAMOTORS,2022-09-26,NSE,EQ,sell,220.0,399.8,1300000005168681,10:15:15,,,,cash
TATAMOTORS,2022-09-26,NSE,EQ,buy,220.0,397.0,1300000008205876,10:55:57,,,,cash
TATAMOTORS,2022-09-26,NSE,EQ,buy,200.0,393.4,1300000013477909,11:13:10,,,,cash
TATAMOTORS,2022-09-26,NSE,EQ,sell,200.0,397.4,1300000014907144,11:28:08,,,,cash
TATAMOTORS,2022-09-26,NSE,EQ,sell,100.0,397.9,1300000015074514,11:30:11,,,,cash
TATAMOTORS,2022-09-26,NSE,EQ,sell,300.0,398.0,1300000015160721,11:31:11,,,,cash
ADANIENT,2022-09-26,NSE,EQ,buy,10.0,3591.9,1000000016575986,11:45:06,,,,cash
ADANIENT,2022-09-26,NSE,EQ,sell,5.0,3606.1,1000000018959385,12:16:08,,,,cash
ADANIENT,2022-09-26,NSE,EQ,sell,5.0,3620.0,1000000016809739,12:40:00,,,,cash
POWERGRID,2022-09-27,NSE,EQ,sell,250.0,204.0,1200000011352660,10:55:54,,,,cash
POWERGRID,2022-09-27,NSE,EQ,sell,300.0,204.6,1200000011368810,11:09:37,,,,cash
POWERGRID,2022-09-27,NSE,EQ,buy,550.0,206.1,1200000014623799,11:32:31,,,,cash
RELIANCE,2022-09-27,NSE,EQ,sell,80.0,2383.75,1300000014790387,11:42:31,,,,cash
RELIANCE,2022-09-27,NSE,EQ,sell,50.0,2396.0,1300000014815158,12:08:44,,,,cash
RELIANCE,2022-09-27,NSE,EQ,sell,20.0,2401.0,1300000014975135,12:34:31,,,,cash
RELIANCE,2022-09-27,NSE,EQ,buy,150.0,2404.9,1300000018627887,12:40:12,,,,cash
GRANULES,2022-09-27,NSE,EQ,sell,300.0,318.5,1100000021359948,13:19:55,,,,cash
GRANULES,2022-09-27,NSE,EQ,sell,100.0,318.5,1100000021450913,13:21:45,,,,cash
RELIANCE,2022-09-27,NSE,EQ,sell,20.0,2420.2,1300000021440649,13:25:15,,,,cash
GRANULES,2022-09-27,NSE,EQ,sell,200.0,319.2,1100000021386242,13:59:25,,,,cash
GRANULES,2022-09-27,NSE,EQ,buy,500.0,316.25,1100000026227199,14:27:21,,,,cash
RELIANCE,2022-09-27,NSE,EQ,buy,20.0,2408.25,1300000025870928,14:27:33,,,,cash
GRANULES,2022-09-27,NSE,EQ,buy,100.0,315.9,1100000021460401,14:27:57,,,,cash
ABBOTINDIA,2022-09-28,NSE,EQ,sell,7.0,18016.0,1000000000923156,09:21:50,,,,cash
ABBOTINDIA,2022-09-28,NSE,EQ,buy,7.0,18162.5,1000000001936990,09:30:52,,,,cash
TATACHEM,2022-09-29,NSE,EQ,buy,50.0,1104.5,1300000009413189,10:52:23,,,,cash
TATACHEM,2022-09-29,NSE,EQ,buy,60.0,1101.0,1300000009447239,10:54:30,,,,cash
TATACHEM,2022-09-29,NSE,EQ,buy,40.0,1094.0,1300000009564195,11:12:18,,,,cash
TATACHEM,2022-09-29,NSE,EQ,sell,150.0,1091.0,1300000009477064,11:15:36,,,,cash
ABBOTINDIA,2022-09-29,NSE,EQ,sell,1.0,18600.8,1000000011421398,11:21:36,,,,cash
ABBOTINDIA,2022-09-29,NSE,EQ,sell,3.0,18610.1,1000000011412330,11:23:23,,,,cash
ABBOTINDIA,2022-09-29,NSE,EQ,sell,4.0,18650.0,1000000011461428,11:23:56,,,,cash
ABBOTINDIA,2022-09-29,NSE,EQ,sell,2.0,18705.05,1000000011618089,11:24:27,,,,cash
ABBOTINDIA,2022-09-29,NSE,EQ,sell,2.0,18750.0,1000000011712786,11:34:44,,,,cash
ABBOTINDIA,2022-09-29,NSE,EQ,buy,12.0,18900.0,1000000011490679,12:46:39,,,,cash
ABBOTINDIA,2022-09-29,NSE,EQ,sell,10.0,18970.0,1000000018822442,13:00:52,,,,cash
ABBOTINDIA,2022-09-29,NSE,EQ,sell,5.0,19020.0,1000000018859966,14:30:25,,,,cash
ABBOTINDIA,2022-09-29,NSE,EQ,buy,15.0,19100.0,1000000018894959,14:46:02,,,,cash
ESCORTS,2022-09-30,NSE,EQ,sell,120.0,2100.0,1100000000021866,09:07:08,,,,cash
TORNTPHARM,2022-09-30,NSE,EQ,sell,165.0,1548.9,1300000000024959,09:07:08,,,,cash
ABBOTINDIA,2022-09-30,NSE,EQ,sell,26.0,19181.1,1000000000014067,09:21:00,,,,cash
ABBOTINDIA,2022-09-30,NSE,EQ,buy,26.0,18917.15,1000000002382583,09:30:37,,,,cash
ESCORTS,2022-09-30,NSE,EQ,buy,120.0,2075.7,1100000002681148,09:30:43,,,,cash
TORNTPHARM,2022-09-30,NSE,EQ,buy,165.0,1558.9,1300000002682813,09:30:48,,,,cash
GRANULES,2022-09-30,NSE,EQ,sell,199.0,335.0,1100000002939933,09:32:43,,,,cash
GRANULES,2022-09-30,NSE,EQ,sell,50.0,334.2,1100000002953908,09:32:57,,,,cash
GRANULES,2022-09-30,NSE,EQ,buy,60.0,333.5,1100000003029496,09:33:29,,,,cash
GRANULES,2022-09-30,NSE,EQ,buy,100.0,332.5,1100000003110315,09:34:54,,,,cash
GRANULES,2022-09-30,NSE,EQ,buy,89.0,332.25,1100000003216073,09:35:03,,,,cash
GRANULES,2022-09-30,NSE,EQ,sell,50.0,332.7,1100000003525243,09:37:48,,,,cash
GRANULES,2022-09-30,NSE,EQ,sell,50.0,332.35,1100000004101158,09:43:01,,,,cash
GRANULES,2022-09-30,NSE,EQ,sell,20.0,333.75,1100000004264265,09:44:41,,,,cash
GRANULES,2022-09-30,NSE,EQ,sell,200.0,335.5,1100000003365593,09:44:48,,,,cash
GRANULES,2022-09-30,NSE,EQ,sell,80.0,336.3,1100000004352471,09:45:44,,,,cash
GRANULES,2022-09-30,NSE,EQ,buy,50.0,334.7,1100000004742759,09:49:20,,,,cash
GRANULES,2022-09-30,NSE,EQ,buy,200.0,333.4,1100000004127621,09:49:40,,,,cash
ONGC,2022-09-30,NSE,EQ,sell,200.0,131.35,1200000005701507,10:02:50,,,,cash
ONGC,2022-09-30,NSE,EQ,sell,50.0,132.0,1200000005854599,10:12:59,,,,cash
ONGC,2022-09-30,NSE,EQ,sell,50.0,132.2,1200000005865841,10:13:00,,,,cash
ONGC,2022-09-30,NSE,EQ,sell,50.0,132.25,1200000007010737,10:15:36,,,,cash
ONGC,2022-09-30,NSE,EQ,buy,50.0,131.1,1200000007082009,10:23:31,,,,cash
ONGC,2022-09-30,NSE,EQ,buy,100.0,131.1,1200000007773441,10:24:49,,,,cash
GRANULES,2022-09-30,NSE,EQ,sell,50.0,335.6,1100000005488899,10:26:46,,,,cash
GRANULES,2022-09-30,NSE,EQ,sell,150.0,336.85,1100000008720641,10:32:05,,,,cash
GRANULES,2022-09-30,NSE,EQ,sell,50.0,336.85,1100000008725868,10:32:09,,,,cash
GRANULES,2022-09-30,NSE,EQ,sell,100.0,336.75,1100000008819847,10:33:24,,,,cash
GRANULES,2022-09-30,NSE,EQ,buy,100.0,336.2,1100000008925630,10:34:51,,,,cash
GRANULES,2022-09-30,NSE,EQ,buy,100.0,335.5,1100000009570530,10:42:32,,,,cash
GRANULES,2022-09-30,NSE,EQ,buy,300.0,334.4,1100000008852089,10:44:26,,,,cash
ONGC,2022-09-30,NSE,EQ,buy,100.0,130.9,1200000005810406,10:54:30,,,,cash
ONGC,2022-09-30,NSE,EQ,buy,100.0,130.65,1200000010051032,10:56:42,,,,cash
GRANULES,2022-09-30,NSE,EQ,sell,100.0,337.95,1100000011786931,11:10:39,,,,cash
GRANULES,2022-09-30,NSE,EQ,sell,200.0,338.6,1100000011801151,11:15:46,,,,cash
GRANULES,2022-09-30,NSE,EQ,sell,50.0,339.25,1100000013468849,11:35:01,,,,cash
GRANULES,2022-09-30,NSE,EQ,sell,50.0,339.3,1100000013562549,11:36:33,,,,cash
GRANULES,2022-09-30,NSE,EQ,sell,150.0,340.0,1100000011881177,11:38:03,,,,cash
GRANULES,2022-09-30,NSE,EQ,sell,50.0,340.7,1100000014059164,11:45:06,,,,cash
GRANULES,2022-09-30,NSE,EQ,sell,250.0,341.6,1100000013508850,12:02:15,,,,cash
GRANULES,2022-09-30,NSE,EQ,buy,300.0,340.2,1100000015358850,12:04:12,,,,cash
GRANULES,2022-09-30,NSE,EQ,buy,50.0,339.5,1100000014639925,12:04:55,,,,cash
GRANULES,2022-09-30,NSE,EQ,sell,200.0,342.1,1100000015420329,12:20:00,,,,cash
GRANULES,2022-09-30,NSE,EQ,buy,600.0,344.0,1100000014096367,12:30:36,,,,cash
GRANULES,2022-09-30,NSE,EQ,buy,100.0,343.9,1100000017249745,12:31:19,,,,cash
INDIACEM,2022-09-30,NSE,EQ,sell,1000.0,261.3,1100000017512925,12:35:16,,,,cash
LUPIN,2022-09-30,NSE,EQ,sell,200.0,669.2,1200000015727201,12:37:41,,,,cash
INDIACEM,2022-09-30,NSE,EQ,sell,500.0,262.1,1100000017542806,12:51:20,,,,cash
INDIACEM,2022-09-30,NSE,EQ,buy,1500.0,263.8,1100000020252711,13:19:28,,,,cash
LUPIN,2022-09-30,NSE,EQ,sell,100.0,670.1,1200000018502218,13:20:39,,,,cash
LUPIN,2022-09-30,NSE,EQ,sell,200.0,671.0,1200000015743087,13:53:55,,,,cash
LUPIN,2022-09-30,NSE,EQ,buy,500.0,674.75,1200000015754129,14:55:33,,,,cash
GRANULES,2022-10-03,BSE,EQ,sell,50.0,354.0,1664767800061050668,09:18:57,,,,cash
GRANULES,2022-10-03,BSE,EQ,sell,200.0,354.0,1664767800061050843,09:19:07,,,,cash
GRANULES,2022-10-03,BSE,EQ,sell,50.0,354.0,1664767800061053839,09:20:08,,,,cash
GRANULES,2022-10-03,BSE,EQ,sell,150.0,355.2,1664767800061051356,09:24:37,,,,cash
GRANULES,2022-10-03,BSE,EQ,sell,50.0,355.7,1664767800061066334,09:24:59,,,,cash
GRANULES,2022-10-03,BSE,EQ,buy,100.0,353.65,1664767800061082915,09:26:24,,,,cash
GRANULES,2022-10-03,BSE,EQ,buy,300.0,353.1,1664767800061057761,09:29:06,,,,cash
GRANULES,2022-10-03,BSE,EQ,buy,100.0,351.4,1664767800061083161,09:30:28,,,,cash
GRANULES,2022-10-03,BSE,EQ,sell,50.0,352.7,1664767800061109399,09:32:16,,,,cash
GRANULES,2022-10-03,BSE,EQ,sell,150.0,354.0,1664767800061108778,09:36:58,,,,cash
GRANULES,2022-10-03,BSE,EQ,buy,100.0,352.35,1664767800061141140,09:37:56,,,,cash
GRANULES,2022-10-03,BSE,EQ,buy,100.0,351.2,1664767800061141049,09:39:37,,,,cash
HINDALCO,2022-10-03,NSE,EQ,sell,1.0,379.9,1100000004017211,09:40:35,,,,cash
HINDALCO,2022-10-03,NSE,EQ,sell,200.0,380.15,1100000004044283,09:40:48,,,,cash
HINDALCO,2022-10-03,NSE,EQ,sell,99.0,380.25,1100000004055315,09:40:53,,,,cash
HINDALCO,2022-10-03,NSE,EQ,sell,100.0,380.3,1100000004092513,09:41:12,,,,cash
HINDALCO,2022-10-03,NSE,EQ,sell,300.0,380.4,1100000004076357,09:41:24,,,,cash
HINDALCO,2022-10-03,NSE,EQ,buy,700.0,381.1,1100000004210993,09:42:16,,,,cash
HINDALCO,2022-10-03,NSE,EQ,sell,700.0,381.2,1100000004233148,09:42:34,,,,cash
GLENMARK,2022-10-03,NSE,EQ,sell,50.0,404.65,1100000004925273,09:48:26,,,,cash
GLENMARK,2022-10-03,NSE,EQ,sell,100.0,404.45,1100000004984475,09:48:58,,,,cash
GLENMARK,2022-10-03,NSE,EQ,sell,450.0,405.5,1100000004968220,09:50:14,,,,cash
GLENMARK,2022-10-03,NSE,EQ,sell,100.0,406.2,1100000005059861,09:50:41,,,,cash
GLENMARK,2022-10-03,NSE,EQ,buy,700.0,401.7,1100000005121261,10:03:18,,,,cash
HINDALCO,2022-10-03,NSE,EQ,buy,100.0,380.0,1100000006407839,10:04:02,,,,cash
HINDALCO,2022-10-03,NSE,EQ,sell,100.0,382.1,1100000007085047,10:12:29,,,,cash
HINDALCO,2022-10-03,NSE,EQ,buy,700.0,383.0,1100000004142599,10:14:31,,,,cash
GRANULES,2022-10-03,BSE,EQ,sell,200.0,352.45,1664767800061262062,10:22:23,,,,cash
GRANULES,2022-10-03,BSE,EQ,sell,100.0,353.6,1664767800061262301,10:22:44,,,,cash
GRANULES,2022-10-03,BSE,EQ,sell,50.0,354.5,1664767800061298118,10:35:07,,,,cash
GRANULES,2022-10-03,BSE,EQ,sell,300.0,355.9,1664767800061267912,10:40:21,,,,cash
GRANULES,2022-10-03,BSE,EQ,buy,600.0,358.35,1664767800061267933,10:44:44,,,,cash
GRANULES,2022-10-03,BSE,EQ,buy,50.0,357.35,1664767800061332619,10:45:04,,,,cash
GRANULES,2022-10-03,NSE,EQ,sell,200.0,357.25,1100000009544339,10:46:32,,,,cash
GRANULES,2022-10-03,NSE,EQ,sell,100.0,357.05,1100000009553436,10:46:42,,,,cash
GRANULES,2022-10-03,NSE,EQ,sell,50.0,356.5,1100000009608202,10:47:35,,,,cash
GRANULES,2022-10-03,NSE,EQ,sell,50.0,357.0,1100000009601189,10:48:13,,,,cash
GRANULES,2022-10-03,NSE,EQ,buy,100.0,355.0,1100000009931477,10:57:06,,,,cash
GRANULES,2022-10-03,NSE,EQ,buy,300.0,353.4,1100000009576125,12:41:38,,,,cash
PERSISTENT,2022-10-06,NSE,EQ,buy,50.0,3492.0,1200000009048224,10:50:44,,,,cash
PERSISTENT,2022-10-06,NSE,EQ,sell,50.0,3508.0,1200000009849176,11:05:14,,,,cash
GODREJCP,2022-10-07,NSE,EQ,buy,100.0,840.5,1100000006869956,10:12:19,,,,cash
GODREJCP,2022-10-07,NSE,EQ,buy,50.0,839.0,1100000006960390,10:14:44,,,,cash
GODREJCP,2022-10-07,NSE,EQ,buy,200.0,838.3,1100000006891894,10:15:23,,,,cash
GODREJCP,2022-10-07,NSE,EQ,sell,350.0,832.65,1100000007150638,10:55:31,,,,cash
OBEROIRLTY,2022-10-11,NSE,EQ,sell,150.0,902.15,1200000009327554,11:21:13,,,,cash
OBEROIRLTY,2022-10-11,NSE,EQ,buy,150.0,905.25,1200000009375935,11:26:54,,,,cash
OBEROIRLTY,2022-10-11,NSE,EQ,sell,150.0,905.2,1200000010094699,11:36:18,,,,cash
OBEROIRLTY,2022-10-11,NSE,EQ,buy,150.0,910.0,1200000010106358,11:57:23,,,,cash
BAJAJ-AUTO,2022-10-12,NSE,EQ,sell,5.0,3622.55,1000000012271281,11:43:17,,,,cash
BAJAJ-AUTO,2022-10-12,NSE,EQ,sell,20.0,3623.0,1000000012268145,11:43:23,,,,cash
BAJAJ-AUTO,2022-10-12,NSE,EQ,sell,5.0,3630.0,1000000012592266,11:48:49,,,,cash
BAJAJ-AUTO,2022-10-12,NSE,EQ,sell,35.0,3640.0,1000000012387284,11:54:48,,,,cash
BAJAJ-AUTO,2022-10-12,NSE,EQ,buy,65.0,3617.7,1000000019526679,13:49:44,,,,cash
INFY,2022-10-17,NSE,EQ,sell,335.0,1476.9,1100000000032044,09:07:34,,,,cash
INFY,2022-10-17,NSE,EQ,buy,335.0,1478.0,1100000000551243,09:18:28,,,,cash
AMBUJACEM,2022-10-17,NSE,EQ,sell,300.0,505.5,1000000006507821,10:30:22,,,,cash
AMBUJACEM,2022-10-17,NSE,EQ,buy,300.0,508.15,1000000006612503,11:04:46,,,,cash
GRANULES,2022-10-21,NSE,EQ,sell,150.0,350.85,1100000000041183,09:07:27,,,,cash
GRANULES,2022-10-21,NSE,EQ,buy,150.0,348.1,1100000007699425,10:34:01,,,,cash
CUMMINSIND,2022-10-31,NSE,EQ,sell,230.0,1300.7,1000000000025779,09:07:19,,,,cash
MRF,2022-10-31,NSE,EQ,sell,4.0,89368.3,1200000000031312,09:07:19,,,,cash
MRF,2022-10-31,NSE,EQ,buy,4.0,90112.0,1200000001703260,09:24:27,,,,cash
CUMMINSIND,2022-10-31,NSE,EQ,buy,230.0,1318.0,1000000001589774,09:29:12,,,,cash
GLENMARK,2022-11-02,NSE,EQ,sell,735.0,414.35,1100000000027538,09:07:38,,,,cash
IPCALAB,2022-11-02,NSE,EQ,sell,170.0,924.65,1100000000027549,09:07:38,,,,cash
METROPOLIS,2022-11-02,NSE,EQ,sell,90.0,1770.0,1200000000023950,09:07:38,,,,cash
METROPOLIS,2022-11-02,NSE,EQ,buy,90.0,1768.8,1200000000627762,09:17:17,,,,cash
IPCALAB,2022-11-02,NSE,EQ,buy,170.0,928.8,1100000000721098,09:18:33,,,,cash
GLENMARK,2022-11-02,NSE,EQ,buy,735.0,416.9,1100000001067840,09:27:47,,,,cash
NAUKRI,2022-11-03,NSE,EQ,buy,3.0,3898.4,1200000005687588,10:09:47,,,,cash
NAUKRI,2022-11-03,NSE,EQ,buy,2.0,3898.95,1200000006077657,10:14:56,,,,cash
HAL,2022-11-03,NSE,EQ,sell,5.0,2545.0,1100000007029081,10:28:07,,,,cash
HAL,2022-11-03,NSE,EQ,buy,5.0,2527.0,1100000008189323,10:47:32,,,,cash
NAUKRI,2022-11-03,NSE,EQ,sell,2.0,3906.35,1200000008147169,10:47:47,,,,cash
NAUKRI,2022-11-03,NSE,EQ,sell,3.0,3920.0,1200000006097920,12:30:30,,,,cash
ZYDUSLIFE,2022-12-22,NSE,EQ,sell,500.0,427.95,1000000000008757,09:07:09,,,,cash
ZYDUSLIFE,2022-12-22,NSE,EQ,buy,500.0,423.0,1000000000884560,09:19:12,,,,cash
