symbol,exchange,quantity,strikePrice,expiryDate,optionsType,tradeType,assetType,id,entryPrice,entryDate,entryTime,exitPrice,exitDate,exitTime,breakeven,avgBuyPrice,avgSellPrice,isOpen,stoploss,target,note
OBEROIRLTY,NSE,100,,,,sell,cash,58b57bc886f452a921b12e47a37ab9d3,970.0,2022-02-02,09:22:28,962.0,2022-02-02,09:33:26,2,962.0,970.0,0,0,0,
OBEROIRLTY,NSE,140,,,,sell,cash,ba38654e70b90052ff769aee519f5a39,1003.5,2022-04-12,09:07:35,991.41,2022-04-12,09:22:33,3,991.41,1003.5,0,0,0,
OBEROIRLTY,NSE,250,,,,sell,cash,953940f7cd9f01b61201e52bb1781f2e,1063.3,2022-09-13,09:07:45,1066.5,2022-09-13,09:33:06,2,1066.5,1063.3,0,0,0,
OBEROIRLTY,NSE,250,,,,buy,cash,3aaff51aed97bbaf620ad4dc8e0dd92c,1053.45,2022-09-13,15:02:59,1053.31,2022-09-13,15:20:57,2,1053.45,1053.31,0,0,0,
OBEROIRLTY,NSE,150,,,,sell,cash,18e0c852cb49d8dbe2281a39ae3dca74,902.37,2022-10-11,11:21:13,905.25,2022-10-11,11:26:54,2,905.25,902.37,0,0,0,
OBEROIRLTY,NSE,150,,,,sell,cash,be49d304fe042e22d7d41dfc1167d603,905.2,2022-10-11,11:36:18,910.0,2022-10-11,11:57:23,2,910.0,905.2,0,0,0,
COROMANDEL,NSE,150,,,,sell,cash,0e6849b182c11edf16b77b75302b32eb,824.54,2022-02-04,09:15:20,830.8,2022-02-04,09:20:46,3,830.8,824.54,0,0,0,
COROMANDEL,NSE,250,,,,sell,cash,2cd4d8634bec67f6602625c47ca14173,853.8,2022-03-21,09:07:30,850.01,2022-03-21,09:33:10,3,850.01,853.8,0,0,0,
COROMANDEL,NSE,380,,,,sell,cash,2c1ba02d47689c57ac9575056391c318,901.25,2022-05-12,09:07:36,883.5,2022-05-12,10:08:45,2,883.5,901.25,0,0,0,
COROMANDEL,NSE,450,,,,sell,cash,d03d0562451077b7e2bd2602555754d7,951.66,2022-05-18,09:19:29,942.61,2022-05-18,10:18:10,5,942.61,951.66,0,0,0,
COROMANDEL,NSE,330,,,,sell,cash,41814bf3608ee47366b0f7e9eb889ae9,979.0,2022-05-25,09:07:35,963.2,2022-05-25,09:36:40,2,963.2,979.0,0,0,0,
COROMANDEL,NSE,50,,,,buy,cash,b40a7d72509a0602801a8d9d542697f7,1016.97,2022-08-25,10:28:16,1021.63,2022-08-25,10:52:15,3,1016.97,1021.63,0,0,0,
HINDCOPPER,NSE,300,,,,buy,cash,a3e102cbf7c8d9954ebd7e5e9498d343,143.45,2022-02-10,13:38:40,142.34,2022-02-10,14:40:13,3,143.45,142.34,0,0,0,
HINDCOPPER,NSE,3300,,,,sell,cash,1961a5a55c53639c46500f81bb6a0735,125.55,2022-04-20,09:07:08,124.55,2022-04-20,09:42:58,3,124.55,125.55,0,0,0,
ONGC,NSE,650,,,,sell,cash,8595fe2ac42e769f8c623e3abd591e10,169.9,2022-02-11,09:19:09,168.33,2022-02-11,10:16:47,3,168.33,169.9,0,0,0,
ONGC,NSE,1000,,,,sell,cash,d584530c1991209709a1703136e7480a,163.5,2022-06-08,09:07:19,164.7,2022-06-08,13:29:14,2,164.7,163.5,0,0,0,
ONGC,NSE,350,,,,sell,cash,de7166cc5b83780b51435440aa566897,131.69,2022-09-30,10:02:50,130.91,2022-09-30,10:56:42,8,130.91,131.69,0,0,0,
ABBOTINDIA,NSE,5,,,,sell,cash,3c51716685106459f29bb4f241c49a38,17032.6,2022-02-17,09:15:02,16800.0,2022-02-17,09:35:05,4,16800.0,17032.6,0,0,0,
ABBOTINDIA,NSE,20,,,,sell,cash,6d04759288772cb63496fee648805201,18499.0,2022-06-03,09:07:34,18400.0,2022-06-03,09:35:50,3,18400.0,18499.0,0,0,0,
ABBOTINDIA,NSE,23,,,,sell,cash,b0567ca0c47d832eddc734ed8bccf80e,18923.91,2022-06-30,09:22:01,18802.39,2022-06-30,10:43:50,2,18802.39,18923.91,0,0,0,
ABBOTINDIA,NSE,7,,,,sell,cash,7b23deb2bf6d0f49099b3e69957d9398,18015.43,2022-09-28,09:21:50,18162.5,2022-09-28,09:30:52,2,18162.5,18015.43,0,0,0,
ABBOTINDIA,NSE,12,,,,sell,cash,a2953d676cd8d1c5527b30145e589810,18661.77,2022-09-29,11:21:36,18900.0,2022-09-29,12:46:39,6,18900.0,18661.77,0,0,0,
ABBOTINDIA,NSE,15,,,,sell,cash,295357897800f95a558b80be27986fdf,18986.67,2022-09-29,13:00:52,19100.0,2022-09-29,14:46:02,3,19100.0,18986.67,0,0,0,
ABBOTINDIA,NSE,26,,,,sell,cash,c3f1eb0076a21337cf2e523d0c7db6cb,19181.1,2022-09-30,09:21:00,18923.81,2022-09-30,09:30:37,2,18923.81,19181.1,0,0,0,
TATAMOTORS,NSE,1097,,,,buy,cash,5ac7e568e66c5601871df3a76fbc8ae3,409.93,2022-03-02,15:17:22,411.74,2022-09-26,11:31:11,14,409.93,411.74,1,0,0,
GAIL,NSE,600,,,,sell,cash,733196c345c3a6bee2fa9944f289c11a,154.73,2022-03-03,09:07:03,155.75,2022-03-03,10:30:35,4,155.75,154.73,0,0,0,
GAIL,NSE,1525,,,,sell,cash,281152acdd7c67eba5494820aba1889c,160.84,2022-03-04,09:18:45,158.91,2022-03-08,09:29:42,7,158.91,160.84,1,0,0,
POWERGRID,NSE,1760,,,,sell,cash,49a681846aa612d4182925689f893f67,200.32,2022-03-04,09:27:00,201.05,2022-09-27,11:32:31,17,201.05,200.32,1,0,0,
INTELLECT,NSE,150,,,,sell,cash,ded51e7656a26800bcd087483413a4ce,712.83,2022-03-09,09:07:42,722.5,2022-03-09,10:09:24,4,722.5,712.83,0,0,0,
INTELLECT,NSE,160,,,,sell,cash,ec0faeb1832ee9eceb364e48bbde1bf5,808.1,2022-03-22,09:15:00,800.6,2022-03-22,09:30:15,2,800.6,808.1,0,0,0,
INTELLECT,NSE,10,,,,sell,cash,eb24bb84487a99947bfdfd3dc0696abf,945.8,2022-04-01,09:15:02,931.7,2022-04-01,09:16:50,2,931.7,945.8,0,0,0,
INTELLECT,NSE,550,,,,sell,cash,675ccc197d9e814eb43294864bbd5d53,676.0,2022-05-31,09:07:05,672.83,2022-05-31,09:21:07,2,672.83,676.0,0,0,0,
INTELLECT,NSE,650,,,,sell,cash,5f3527f677883d47c3530169761f89b9,669.98,2022-05-31,09:22:44,676.6,2022-05-31,09:45:33,4,676.6,669.98,0,0,0,
NTPC,NSE,1100,,,,sell,cash,8beac834a57ebb5f7c8a415af1b23261,133.68,2022-03-09,09:17:23,132.7,2022-03-09,10:18:23,3,132.7,133.68,0,0,0,
NTPC,NSE,1300,,,,sell,cash,aaf510c651081f3691d120e674718993,160.4,2022-04-29,09:07:14,155.95,2022-04-29,15:20:52,2,155.95,160.4,0,0,0,
NTPC,NSE,526,,,,buy,cash,45e6297c4bfd14b7d1fae4c5b8b22f6c,163.0,2022-08-17,09:58:40,162.1,2022-08-17,12:03:50,2,163.0,162.1,0,0,0,
NTPC,NSE,3333,,,,sell,cash,0fe883c210023f95b32a6ac09b6a0c76,168.5,2022-09-07,09:07:57,169.2,2022-09-07,09:23:34,2,169.2,168.5,0,0,0,
BALRAMCHIN,NSE,283,,,,sell,cash,22d557d0852d433d681d7851bffc7cd3,451.0,2022-03-10,09:07:43,444.8,2022-03-10,09:24:36,2,444.8,451.0,0,0,0,
JKCEMENT,NSE,66,,,,sell,cash,6d168003cb8b3252b2188abf1be04c6d,2345.0,2022-03-10,09:07:43,2400.0,2022-03-10,09:36:16,2,2400.0,2345.0,0,0,0,
JKCEMENT,NSE,1,,,,buy,cash,2a5812c2a86983de8c636053fb2a642c,2322.0,2022-03-10,14:16:17,2325.85,2022-03-10,14:17:03,2,2322.0,2325.85,0,0,0,
JKCEMENT,NSE,170,,,,sell,cash,2f779a40fd355f5cbb58afdcfa32ea0c,2960.6,2022-09-09,09:07:03,2978.13,2022-09-09,10:29:18,2,2978.13,2960.6,0,0,0,
JKCEMENT,NSE,73,,,,sell,cash,1b3b2445c3de42495c8ccdfb2a9954e3,2844.95,2022-09-12,09:07:30,2818.6,2022-09-12,09:22:06,2,2818.6,2844.95,0,0,0,
JKCEMENT,NSE,175,,,,sell,cash,d52938227b8d00d42136ef4aa46000bc,2909.5,2022-09-21,09:15:19,2918.95,2022-09-21,09:23:38,2,2918.95,2909.5,0,0,0,
IOC,NSE,2148,,,,sell,cash,66577eb6365672c04bd26593d700dcf4,121.1,2022-03-11,09:15:00,123.21,2022-03-11,14:42:37,10,123.21,121.1,0,0,0,
IOC,NSE,1600,,,,sell,cash,d5e7a9ada400a5b033341be8e8842970,122.15,2022-03-23,09:07:43,121.25,2022-03-23,09:22:03,3,121.25,122.15,0,0,0,
IOC,NSE,550,,,,sell,cash,e7dfa573374eb84cb3e7f4d001037956,68.85,2022-09-21,11:25:07,68.9,2022-09-21,12:56:00,3,68.9,68.85,0,0,0,
GRANULES,NSE,400,,,,sell,cash,f1e499285f1255cc6a44ad3c1a42b4f8,310.2,2022-03-14,09:07:29,305.1,2022-03-14,11:14:03,4,305.1,310.2,0,0,0,
GRANULES,NSE,1180,,,,sell,cash,0cee6327b3496535190ba8c45f33897f,267.3,2022-05-30,09:15:00,271.14,2022-05-30,09:21:08,2,271.14,267.3,0,0,0,
GRANULES,NSE,500,,,,sell,cash,2ee58a19cc7ac5c0816b70258c678ca7,317.31,2022-08-03,09:21:15,314.4,2022-08-03,09:32:03,2,314.4,317.31,0,0,0,
GRANULES,NSE,1250,,,,sell,cash,ffa69a3281f9a10d9540b58d3f0e8592,327.4,2022-08-18,09:07:40,324.93,2022-08-18,09:57:25,2,324.93,327.4,0,0,0,
GRANULES,NSE,200,,,,sell,cash,6898d8376d9d23d7047d9f032ea09e28,325.75,2022-09-19,10:20:53,322.85,2022-09-19,10:27:29,3,322.85,325.75,0,0,0,
GRANULES,NSE,600,,,,sell,cash,59a0fc681c01184d345708ef5e1a147e,318.75,2022-09-27,13:19:55,316.19,2022-09-27,14:27:57,5,316.19,318.75,0,0,0,
GRANULES,NSE,249,,,,sell,cash,95e114a7230945fd04c4b414a14bebcf,334.84,2022-09-30,09:32:43,332.64,2022-09-30,09:35:03,5,332.64,334.84,0,0,0,
GRANULES,NSE,750,,,,sell,cash,524612a82aa145f53f828ad29e1982a1,335.68,2022-09-30,09:37:48,334.54,2022-09-30,10:44:26,14,334.54,335.68,0,0,0,
GRANULES,NSE,1050,,,,sell,cash,6e016841a6ac73f896dd1978d9842f14,340.28,2022-09-30,11:10:39,342.69,2022-09-30,12:31:19,12,342.69,340.28,0,0,0,
GRANULES,BSE,500,,,,sell,cash,66e48b854fc40268f4464c587d689a0d,354.53,2022-10-03,09:18:57,353.19,2022-10-03,09:30:28,8,353.19,354.53,0,0,0,
GRANULES,BSE,200,,,,sell,cash,ac568b669cbab2e353dadd138efe7fc3,353.68,2022-10-03,09:32:16,351.77,2022-10-03,09:39:37,4,351.77,353.68,0,0,0,
GRANULES,BSE,650,,,,sell,cash,04da17d39d18ae5068e90ff7bf115d80,354.38,2022-10-03,10:22:23,358.14,2022-10-03,10:45:04,6,358.14,354.38,0,0,0,
GRANULES,NSE,400,,,,sell,cash,786eca2d7adf7ccdbcd38b5f3dc78786,357.06,2022-10-03,10:46:32,353.8,2022-10-03,12:41:38,6,353.8,357.06,0,0,0,
GRANULES,NSE,150,,,,sell,cash,e91ed6720ed88eb43f709bb84a7088b7,350.85,2022-10-21,09:07:27,348.17,2022-10-21,10:34:01,2,348.17,350.85,0,0,0,
LAURUSLABS,NSE,190,,,,sell,cash,6b64984faef8b29bc1f3b2248813ed3f,583.65,2022-03-14,09:07:29,589.8,2022-03-14,09:42:10,2,589.8,583.65,0,0,0,
LAURUSLABS,NSE,428,,,,sell,cash,82b36892deede953beb2b1b1dee93b6b,546.55,2022-08-05,09:07:55,550.85,2022-08-05,09:23:30,2,550.85,546.55,0,0,0,
CUMMINSIND,NSE,190,,,,sell,cash,81fe8f78736bb41dc2953e0a351915c0,1035.22,2022-03-15,09:17:50,1050.0,2022-03-15,09:32:47,3,1050.0,1035.22,0,0,0,
CUMMINSIND,NSE,110,,,,sell,cash,58fe79467899c2ff87be7dec57b24a02,1059.3,2022-03-22,09:07:12,1045.5,2022-03-22,09:18:16,2,1045.5,1059.3,0,0,0,
CUMMINSIND,NSE,180,,,,sell,cash,6a28b72ceaf03e07f6e2eeeca80ba7a4,1114.95,2022-03-29,09:07:21,1102.53,2022-03-29,09:23:57,2,1102.53,1114.95,0,0,0,
CUMMINSIND,NSE,230,,,,sell,cash,bae9d449b0194055a2af7c0d7bfdf7db,1300.7,2022-10-31,09:07:19,1318.0,2022-10-31,09:29:12,2,1318.0,1300.7,0,0,0,
SRF,NSE,90,,,,sell,cash,05761a38977cb031e43532c6e1550ecd,2477.3,2022-03-16,09:07:53,2442.0,2022-03-16,09:19:46,3,2442.0,2477.3,0,0,0,
SRF,NSE,50,,,,buy,cash,7ee308f6782fa6520af564374ff9d309,2504.8,2022-05-04,09:16:33,2500.0,2022-05-04,09:19:28,2,2504.8,2500.0,0,0,0,
SRF,NSE,13,,,,sell,cash,6dea5a16b135d9f137068d3da0186035,2539.91,2022-08-30,12:53:36,2538.0,2022-08-30,12:59:20,4,2538.0,2539.91,0,0,0,
SRF,NSE,5,,,,sell,cash,995a1687dbd95d2f9a308e045e904572,2840.52,2022-09-13,11:44:15,2820.6,2022-09-13,15:20:55,4,2820.6,2840.52,0,0,0,
VOLTAS,NSE,100,,,,sell,cash,c7de9979930dec7acaac6a397eee1203,1282.05,2022-03-16,11:33:11,1288.1,2022-03-16,11:56:45,2,1288.1,1282.05,0,0,0,
VOLTAS,NSE,80,,,,sell,cash,cb20d7339fd552d5aee1b5d85dba274e,1303.0,2022-03-17,09:07:59,1315.0,2022-03-17,09:31:46,2,1315.0,1303.0,0,0,0,
HAL,NSE,80,,,,sell,cash,c78fc19f13e2150d49c6a31f9c7bce17,1486.0,2022-03-17,09:07:59,1464.0,2022-03-17,11:19:53,2,1464.0,1486.0,0,0,0,
HAL,NSE,200,,,,sell,cash,9921b1f33c56204d3c128e52a5ef6b39,1492.0,2022-04-01,09:07:42,1525.0,2022-04-01,09:37:30,2,1525.0,1492.0,0,0,0,
HAL,NSE,250,,,,sell,cash,bd84991bcdeb7f357ec7f0ac073a4cc1,1565.0,2022-04-04,11:43:18,1578.06,2022-04-04,11:51:09,2,1578.06,1565.0,0,0,0,
HAL,NSE,50,,,,buy,cash,8c8b8641dbfa07ad7aa07781a736565a,2294.0,2022-08-19,09:19:41,2284.0,2022-08-19,09:30:25,2,2294.0,2284.0,0,0,0,
HAL,NSE,5,,,,sell,cash,0ce2426c0963f4c7511abda40392d01b,2545.0,2022-11-03,10:28:07,2527.0,2022-11-03,10:47:32,2,2527.0,2545.0,0,0,0,
RPOWER,NSE,465,,,,sell,cash,ade91bf790a4410eda5789617e9dcb88,14.2,2022-03-17,14:05:46,0.0,2022-03-17,14:05:46,1,0.0,14.2,1,0,0,
TRENT,NSE,100,,,,sell,cash,8563a48707bab654b800d0dfcfa9b002,1282.0,2022-03-21,09:07:30,1262.5,2022-03-21,09:18:41,3,1262.5,1282.0,0,0,0,
TRENT,NSE,380,,,,sell,cash,24fa5e50a82e0f87d2e7b258785ade0e,1347.0,2022-08-12,09:07:08,1334.95,2022-08-12,09:18:58,2,1334.95,1347.0,0,0,0,
TRENT,NSE,190,,,,sell,cash,85af42c5df6efe21cfe42407e17fe2df,1390.6,2022-08-16,09:07:12,1400.0,2022-08-16,09:16:32,2,1400.0,1390.6,0,0,0,
TRENT,NSE,55,,,,buy,cash,521d7a14af77061360df03732e61fbcf,1435.0,2022-08-16,10:17:09,1426.0,2022-08-16,11:13:24,2,1435.0,1426.0,0,0,0,
TRENT,NSE,35,,,,sell,cash,298895cf97ac8e41b86a1d0e407e66ee,1437.37,2022-09-13,10:36:20,1437.66,2022-09-13,11:46:10,3,1437.66,1437.37,0,0,0,
CHAMBLFERT,NSE,370,,,,sell,cash,a5aa4fd8161d3495c281e2cd8d1cdbb8,435.45,2022-03-22,09:15:36,429.15,2022-03-22,12:21:47,4,429.15,435.45,0,0,0,
CHAMBLFERT,NSE,443,,,,sell,cash,550e7dd38227301a0fa8d57c8841fb8c,428.05,2022-03-30,09:07:18,423.5,2022-03-30,10:18:47,3,423.5,428.05,0,0,0,
CHAMBLFERT,NSE,1000,,,,sell,cash,161edcb25f88613562459e40e0df1071,475.26,2022-04-18,09:07:03,480.0,2022-04-18,10:42:06,3,480.0,475.26,0,0,0,
RAIN,NSE,616,,,,sell,cash,10b190bd2ca4db7cd4dbffda1052f205,195.39,2022-03-23,09:07:43,193.65,2022-03-23,09:25:11,3,193.65,195.39,0,0,0,
RAIN,NSE,800,,,,sell,cash,83373516c2f54418a412ee041d0bda42,204.8,2022-03-28,09:07:04,202.72,2022-03-28,09:22:49,3,202.72,204.8,0,0,0,
RAIN,NSE,700,,,,sell,cash,19c6de8e62c817e1d0921dd7ef4c5ed6,162.05,2022-07-25,09:07:20,162.35,2022-07-25,09:36:14,2,162.35,162.05,0,0,0,
RAIN,NSE,900,,,,sell,cash,a01ada14b88d67b6356df33f1aaf6c78,182.8,2022-08-01,09:07:51,180.98,2022-08-01,09:20:39,2,180.98,182.8,0,0,0,
ALKEM,NSE,35,,,,sell,cash,38084743f0b55e7a8872b668b65342c0,3665.0,2022-03-24,09:15:55,3606.0,2022-03-24,09:18:28,2,3606.0,3665.0,0,0,0,
WHIRLPOOL,NSE,70,,,,sell,cash,30e817d92a2521ccb51d50589174a987,1647.0,2022-03-24,09:16:53,1638.8,2022-03-24,09:34:36,2,1638.8,1647.0,0,0,0,
FSL,NSE,600,,,,sell,cash,b9e6fd4349becef49fc1524f70ef14f1,135.5,2022-03-25,09:07:06,133.8,2022-03-25,09:22:42,2,133.8,135.5,0,0,0,
FSL,NSE,1800,,,,sell,cash,990e57e8712e627ec9567376e16d1181,117.5,2022-09-12,09:07:30,117.7,2022-09-12,09:17:37,2,117.7,117.5,0,0,0,
ATUL,NSE,3,,,,sell,cash,1ffd66be8bd857653812387af10bdb51,10130.0,2022-03-28,09:15:06,10009.25,2022-03-28,09:23:12,3,10009.25,10130.0,0,0,0,
ATUL,NSE,45,,,,sell,cash,88bcfd349b170597877bede88027ccf0,9632.25,2022-09-13,09:07:45,9701.0,2022-09-13,09:17:00,2,9701.0,9632.25,0,0,0,
ACC,NSE,30,,,,sell,cash,747623075e4ef82af5f3877ce0a43fae,2140.0,2022-03-30,09:07:18,2172.45,2022-03-30,10:46:18,3,2172.45,2140.0,0,0,0,
ACC,NSE,60,,,,sell,cash,96b3f701d2f5d4db67aa6bfe84668f11,2421.87,2022-09-07,09:38:32,2445.0,2022-09-07,09:54:03,5,2445.0,2421.87,0,0,0,
ACC,NSE,20,,,,sell,cash,00b62b9fadcf0627cb0cefe974ec8e0b,2434.57,2022-09-07,09:55:09,2402.8,2022-09-07,11:15:39,5,2402.8,2434.57,0,0,0,
ACC,NSE,65,,,,sell,cash,d17909aab917af04b7620e13010e9290,2416.26,2022-09-07,12:12:54,2413.1,2022-09-07,14:26:45,6,2413.1,2416.26,0,0,0,
ACC,NSE,200,,,,sell,cash,d0f8ad328821a0f4f22d54d444284635,2420.8,2022-09-08,09:07:58,2430.0,2022-09-08,09:28:36,3,2430.0,2420.8,0,0,0,
ACC,NSE,89,,,,sell,cash,73da90e8861254c1da0dc552c141e45b,2375.0,2022-09-12,09:07:30,2353.99,2022-09-12,09:22:27,2,2353.99,2375.0,0,0,0,
ACC,NSE,50,,,,sell,cash,50e2609ad26397db18b37ff43dcbd97e,2457.53,2022-09-12,11:41:08,2451.8,2022-09-12,13:12:55,7,2451.8,2457.53,0,0,0,
ACC,NSE,5,,,,sell,cash,d980392fd0b1733ec6dd03b0a4bc5f3c,2683.95,2022-09-14,11:20:33,2663.57,2022-09-14,12:59:32,2,2663.57,2683.95,0,0,0,
ACC,NSE,181,,,,buy,cash,f80eee9ea039745b899338cad52f7fef,2755.0,2022-09-15,09:16:21,2733.8,2022-09-15,09:21:19,2,2755.0,2733.8,0,0,0,
ACC,NSE,40,,,,sell,cash,cb16d06e2d35571980a102f22c3b6346,2633.18,2022-09-21,10:38:38,2612.5,2022-09-21,10:44:17,4,2612.5,2633.18,0,0,0,
IPCALAB,NSE,170,,,,sell,cash,0fd3b4e747bf81636e140d30ea6d7e8d,1064.85,2022-03-30,09:07:18,1053.11,2022-03-30,09:26:17,3,1053.11,1064.85,0,0,0,
IPCALAB,NSE,100,,,,sell,cash,734a6a88d53694e1f16a414f8187789d,1024.4,2022-05-04,09:23:49,1028.3,2022-05-04,09:27:49,2,1028.3,1024.4,0,0,0,
IPCALAB,NSE,267,,,,buy,cash,e7d43ca7aecaafaeb07c26aefc74dcb8,919.97,2022-08-12,09:41:47,928.7,2022-08-12,09:45:51,2,919.97,928.7,0,0,0,
IPCALAB,NSE,80,,,,sell,cash,a0351bbba60e76d3a80be67a1df7f8e3,903.9,2022-08-22,09:31:36,911.9,2022-08-22,09:57:25,2,911.9,903.9,0,0,0,
IPCALAB,NSE,170,,,,sell,cash,5f47ce60af9b0a1637a54e0e7fbecd23,924.65,2022-11-02,09:07:38,928.8,2022-11-02,09:18:33,2,928.8,924.65,0,0,0,
TATACOMM,NSE,140,,,,sell,cash,13ba60ed97c051e596d6f7e8e0a57069,1223.0,2022-03-31,11:58:01,1226.16,2022-03-31,12:16:12,3,1226.16,1223.0,0,0,0,
TATACOMM,NSE,300,,,,sell,cash,5c7e8b0dacbe497d220dda3307754289,1360.0,2022-04-08,09:07:13,1346.92,2022-04-08,09:15:45,3,1346.92,1360.0,0,0,0,
TATACOMM,NSE,370,,,,sell,cash,4db91a2db74970e15d455a59172a61c3,1128.49,2022-08-22,09:07:18,1136.9,2022-08-22,09:21:51,3,1136.9,1128.49,0,0,0,
TATACOMM,NSE,110,,,,buy,cash,af9963941a105b5b1769abc93f6cd0ad,1158.92,2022-08-22,09:39:48,1158.8,2022-08-22,10:10:54,5,1158.92,1158.8,0,0,0,
PAGEIND,NSE,5,,,,sell,cash,7531491038a21985bd3c96076c144724,43117.9,2022-04-01,09:15:01,43101.33,2022-04-01,15:17:31,5,43101.33,43117.9,0,0,0,
PAGEIND,NSE,4,,,,sell,cash,ed2f69247f6159921f016b7d68d3753f,44636.05,2022-05-30,09:07:29,45169.99,2022-05-30,15:20:54,2,45169.99,44636.05,0,0,0,
PAGEIND,NSE,6,,,,sell,cash,e0e8be5b4a7a61207cc6034e6132c0f9,50957.38,2022-09-01,09:20:03,51070.0,2022-09-01,10:12:36,3,51070.0,50957.38,0,0,0,
MARICO,NSE,20,,,,sell,cash,82e1df4af091de37f5268f251af5b753,507.8,2022-04-01,09:19:08,508.25,2022-04-01,09:23:38,2,508.25,507.8,0,0,0,
ROUTE,NSE,5,,,,sell,cash,5187dbfcecc510376b04c752ee0058ab,1563.0,2022-04-01,13:38:52,0.0,2022-04-01,13:38:52,1,0.0,1563.0,1,0,0,
INDIACEM,NSE,520,,,,sell,cash,b023ad150748b6ca24754bf341ae2280,220.44,2022-04-04,09:07:41,218.8,2022-04-04,09:31:01,3,218.8,220.44,0,0,0,
INDIACEM,NSE,320,,,,buy,cash,980334bbfa3088eb715f2a5996f50f6e,209.85,2022-08-23,10:26:39,209.0,2022-08-23,10:35:14,2,209.85,209.0,0,0,0,
INDIACEM,NSE,400,,,,sell,cash,11f2b122ff331fbd187bd3fd3be35912,277.96,2022-09-16,12:35:23,274.4,2022-09-16,13:01:04,3,274.4,277.96,0,0,0,
INDIACEM,NSE,250,,,,buy,cash,68c81ab2f5e23bcaec0af90d0cd2a6d5,275.68,2022-09-21,10:42:02,276.2,2022-09-21,10:55:56,4,275.68,276.2,0,0,0,
INDIACEM,NSE,1500,,,,sell,cash,06bfdc51254a03ef006efa29e03e66c9,261.57,2022-09-30,12:35:16,263.8,2022-09-30,13:19:28,3,263.8,261.57,0,0,0,
ADANIPORTS,NSE,383,,,,sell,cash,22ca4b027af4da9c5543ad7c4085d2fa,840.0,2022-04-05,09:07:04,832.13,2022-04-05,09:39:08,4,832.13,840.0,0,0,0,
GSPL,NSE,1192,,,,sell,cash,7c4c22fcb860fd78dc8c803b518130db,278.71,2022-04-05,09:07:04,280.0,2022-04-05,09:42:59,4,280.0,278.71,0,0,0,
GSPL,NSE,450,,,,sell,cash,782bb2ae0bcfe7e00ca3b9d1b7d75541,239.7,2022-07-25,09:15:00,237.25,2022-07-25,09:17:26,2,237.25,239.7,0,0,0,
GSPL,NSE,2150,,,,sell,cash,69db722e99796689f64e729481505479,235.8,2022-08-12,09:16:38,237.74,2022-08-12,09:19:44,2,237.74,235.8,0,0,0,
GSPL,NSE,1500,,,,sell,cash,1849e734aa104d0a68ac73dc646f1e1e,249.5,2022-08-16,09:17:32,247.47,2022-08-16,09:35:39,3,247.47,249.5,0,0,0,
INDIAMART,NSE,47,,,,sell,cash,dad499d2eb7d6f57562f7d7ac6cc41df,5069.8,2022-04-06,09:07:26,5019.6,2022-04-06,09:15:38,2,5019.6,5069.8,0,0,0,
INDIAMART,NSE,16,,,,sell,cash,781b0a4254d4dd860df474cba27bfbad,4975.0,2022-04-26,10:02:10,4950.0,2022-04-26,10:05:39,2,4950.0,4975.0,0,0,0,
INDIAMART,NSE,10,,,,sell,cash,68ce24875e8805033def57d7d55d1937,4963.95,2022-04-26,10:08:57,5002.4,2022-04-26,14:57:07,2,5002.4,4963.95,0,0,0,
INDIAMART,NSE,60,,,,sell,cash,ec293ed7979378b6ca94f89404a5f740,5027.0,2022-04-27,09:19:35,5008.1,2022-04-27,09:34:56,2,5008.1,5027.0,0,0,0,
INDIAMART,NSE,40,,,,sell,cash,8b0a6e89dcf843c53fc5d58457c60b0f,4568.4,2022-05-30,09:07:29,4624.45,2022-05-30,09:30:53,2,4624.45,4568.4,0,0,0,
INDIAMART,NSE,70,,,,sell,cash,adccee0623e900f3989f0c8c65f2623c,4324.0,2022-08-26,09:17:31,4303.0,2022-08-26,09:23:16,4,4303.0,4324.0,0,0,0,
INDIAMART,NSE,44,,,,sell,cash,08f51caa6563859d985f4976c575ec8b,4774.0,2022-09-05,09:17:08,4735.0,2022-09-05,09:20:56,2,4735.0,4774.0,0,0,0,
AMBUJACEM,NSE,400,,,,sell,cash,4fcb916fd5043e7d05ae77e1325162fd,338.45,2022-04-11,09:07:32,345.5,2022-04-11,09:28:55,2,345.5,338.45,0,0,0,
AMBUJACEM,NSE,870,,,,sell,cash,e1f029f383525f0d98ba5e1cc1a37051,364.25,2022-04-12,09:15:00,359.9,2022-04-12,09:34:59,2,359.9,364.25,0,0,0,
AMBUJACEM,NSE,1250,,,,sell,cash,4955d6fb717bf21fa0ac6903d3c6980e,398.75,2022-08-17,09:07:13,401.65,2022-08-17,09:18:37,2,401.65,398.75,0,0,0,
AMBUJACEM,NSE,385,,,,sell,cash,4ba2e2854a4a726c3683cbdda81a8f7e,403.3,2022-08-17,09:56:42,403.95,2022-08-17,09:59:42,2,403.95,403.3,0,0,0,
AMBUJACEM,NSE,180,,,,buy,cash,79c2b484a0cdbde8463ff9477449712a,416.71,2022-08-22,10:05:13,412.64,2022-08-22,14:42:27,5,416.71,412.64,0,0,0,
AMBUJACEM,NSE,1400,,,,sell,cash,4a16e51ede6098beb2a6e28a70226ccf,440.05,2022-09-07,09:07:57,443.9,2022-09-07,09:19:41,2,443.9,440.05,0,0,0,
AMBUJACEM,NSE,224,,,,sell,cash,586a4476406ddba782a2208bdaf1b380,442.9,2022-09-07,09:26:36,446.45,2022-09-07,09:32:29,2,446.45,442.9,0,0,0,
AMBUJACEM,NSE,850,,,,sell,cash,89c8bcffa772fdea676ad4681186becf,453.95,2022-09-08,09:07:58,450.0,2022-09-08,09:18:35,3,450.0,453.95,0,0,0,
AMBUJACEM,NSE,450,,,,sell,cash,08178e96b9cdbac772363eb2b1b8d1eb,561.7,2022-09-19,10:33:03,561.05,2022-09-19,10:48:13,8,561.05,561.7,0,0,0,
AMBUJACEM,NSE,40,,,,buy,cash,ab75839979571323ae329a2e20e83112,558.92,2022-09-19,10:52:38,560.9,2022-09-19,10:56:28,3,558.92,560.9,0,0,0,
AMBUJACEM,NSE,100,,,,sell,cash,8b4e141ec964f4809aea71a3fb09e43e,562.2,2022-09-19,10:58:36,560.25,2022-09-19,11:26:16,3,560.25,562.2,0,0,0,
AMBUJACEM,NSE,30,,,,sell,cash,8b964eb0dae3bce5281ea56e43f75b06,566.7,2022-09-19,11:59:11,564.4,2022-09-19,12:08:30,3,564.4,566.7,0,0,0,
AMBUJACEM,NSE,650,,,,sell,cash,8ed0a278127bd0619bd85566b8c267ee,544.31,2022-09-21,12:53:57,545.36,2022-09-21,13:45:02,13,545.36,544.31,0,0,0,
AMBUJACEM,NSE,180,,,,sell,cash,17276ccce0d424c6b69222bd0746ba0b,540.04,2022-09-22,10:48:14,539.3,2022-09-22,10:54:21,4,539.3,540.04,0,0,0,
AMBUJACEM,NSE,300,,,,sell,cash,b7619456debf1c3df55c45f3b981aa92,505.5,2022-10-17,10:30:22,508.13,2022-10-17,11:04:46,2,508.13,505.5,0,0,0,
SYNGENE,NSE,545,,,,sell,cash,8c103248ba1f1e5a3c00f3bf3e6b6608,654.8,2022-04-11,09:07:32,666.92,2022-04-11,15:20:58,3,666.92,654.8,0,0,0,
SYNGENE,NSE,370,,,,sell,cash,851c2c551cefdf121a031820b95ac3b5,595.0,2022-07-14,09:07:06,601.76,2022-07-14,09:25:45,2,601.76,595.0,0,0,0,
TORNTPOWER,NSE,285,,,,sell,cash,349298b6382b6cd3b2d3a9ef7eaf416b,548.5,2022-04-13,09:07:04,560.3,2022-04-13,10:18:27,2,560.3,548.5,0,0,0,
TORNTPOWER,NSE,750,,,,sell,cash,54761a034a7d2f8cf7c4c1e9d56e43cc,571.2,2022-04-19,09:07:32,566.89,2022-04-19,09:37:15,4,566.89,571.2,0,0,0,
PIDILITIND,NSE,50,,,,sell,cash,9361eccb23e793dc59ef64b449470145,2369.0,2022-04-13,12:53:44,2368.35,2022-04-13,15:10:39,2,2368.35,2369.0,0,0,0,
PIDILITIND,NSE,45,,,,buy,cash,c5bf7f6ff3ecd986d50e2ea3f683d61a,2413.0,2022-05-04,09:07:04,2395.36,2022-05-04,09:16:24,2,2413.0,2395.36,0,0,0,
PIDILITIND,NSE,115,,,,sell,cash,34d831c5e5f68a748de3b64ad2d4a7a3,2627.2,2022-08-05,09:31:30,2602.55,2022-08-05,10:33:41,2,2602.55,2627.2,0,0,0,
EICHERMOT,NSE,125,,,,sell,cash,86427f93d9a692b17ab73f117d262e6f,2557.94,2022-04-21,09:29:11,2565.5,2022-04-21,11:06:30,3,2565.5,2557.94,0,0,0,
EICHERMOT,NSE,28,,,,sell,cash,193c7586a091374a1f0d96a6cfaf6e97,3001.0,2022-08-02,09:32:33,3025.0,2022-08-02,09:33:58,2,3025.0,3001.0,0,0,0,
EICHERMOT,NSE,150,,,,buy,cash,97baae7dbfe3dee21f5f5bd726f5bc77,3265.0,2022-08-29,09:16:02,3291.0,2022-08-29,09:21:13,2,3265.0,3291.0,0,0,0,
POLYCAB,NSE,60,,,,sell,cash,247cedbf3b00f8efc440d1061458893f,2758.8,2022-04-22,09:07:55,2715.0,2022-04-22,13:43:17,2,2715.0,2758.8,0,0,0,
POLYCAB,NSE,120,,,,sell,cash,610fe6c9f653819af5d8594054af03a9,2294.0,2022-07-29,09:07:23,2320.6,2022-07-29,09:27:15,2,2320.6,2294.0,0,0,0,
POLYCAB,NSE,155,,,,sell,cash,b60a310db364c8a4ef79b6aea6f0abca,2446.05,2022-08-11,09:07:02,2429.15,2022-08-11,09:45:57,2,2429.15,2446.05,0,0,0,
COLPAL,NSE,210,,,,sell,cash,8ac3c3ddd5792ad393300afa96d8e8b6,1603.56,2022-04-25,09:16:41,1616.48,2022-04-25,13:16:56,6,1616.48,1603.56,0,0,0,
COLPAL,NSE,110,,,,sell,cash,2c03890361ca92b166af1a74a3150966,1642.56,2022-08-29,12:03:16,1635.2,2022-08-29,12:42:33,4,1635.2,1642.56,0,0,0,
COLPAL,NSE,172,,,,sell,cash,aa53ada0324f77000b99cf7ec271f0e1,1642.85,2022-08-30,09:24:09,1640.7,2022-08-30,10:10:26,3,1640.7,1642.85,0,0,0,
LALPATHLAB,NSE,60,,,,sell,cash,a4392aff2cbac702bd6aa1829715c463,2809.0,2022-04-28,09:15:46,2775.0,2022-04-28,09:19:47,2,2775.0,2809.0,0,0,0,
LALPATHLAB,NSE,100,,,,buy,cash,675d44117e020dd6c7a9ff806bc88b4d,2408.76,2022-09-14,09:24:49,2408.05,2022-09-14,09:49:25,3,2408.76,2408.05,0,0,0,
MFSL,NSE,350,,,,sell,cash,891ee72da533536e0cd68d75e7b84c0c,766.35,2022-04-29,09:07:14,774.83,2022-04-29,10:22:16,2,774.83,766.35,0,0,0,
MFSL,NSE,250,,,,sell,cash,79b94007fd43e3dc7ed950dba6ed1b0b,820.0,2022-06-01,13:13:19,811.45,2022-06-01,13:33:41,2,811.45,820.0,0,0,0,
WIPRO,NSE,270,,,,buy,cash,871a4b08332d595c6c50c8a66a6e8ecb,493.95,2022-05-02,14:36:29,494.9,2022-05-02,15:18:05,2,493.95,494.9,0,0,0,
WIPRO,NSE,580,,,,sell,cash,004ad2f8a044734cecffa68be2e2f492,438.0,2022-08-11,09:57:31,438.25,2022-08-11,15:16:13,2,438.25,438.0,0,0,0,
PETRONET,NSE,1000,,,,sell,cash,2f065d6c82ef04a93885ddedbdc5aba8,216.75,2022-05-05,09:25:21,218.9,2022-05-05,10:46:03,2,218.9,216.75,0,0,0,
ABB,NSE,88,,,,sell,cash,aa861ce5dfa985ed8539676d49e065c1,2306.0,2022-05-10,09:15:34,2224.7,2022-05-10,09:18:51,2,2224.7,2306.0,0,0,0,
GNFC,NSE,190,,,,sell,cash,85d96798b891f9e43edbb9a5779da987,838.0,2022-05-11,09:07:45,737.0,2022-05-11,12:06:15,2,737.0,838.0,0,0,0,
SUNPHARMA,NSE,230,,,,sell,cash,9a1505b6d1b45c87381a6a71b307594d,882.5,2022-05-16,09:18:35,891.8,2022-05-16,09:41:56,2,891.8,882.5,0,0,0,
SUNPHARMA,NSE,100,,,,sell,cash,99279e7c58873fdaf8c2bb05c83c9831,887.47,2022-05-16,09:47:49,893.8,2022-05-16,10:21:58,2,893.8,887.47,0,0,0,
HONAUT,NSE,10,,,,sell,cash,38f4c64024317cf8e19dde9a74f30c5b,32500.0,2022-05-17,09:07:30,32160.6,2022-05-17,13:12:51,3,32160.6,32500.0,0,0,0,
HONAUT,NSE,2,,,,sell,cash,f6f8df59cea2e6a757c184572905f9b8,43531.95,2022-08-18,09:07:40,43827.0,2022-08-18,09:20:00,2,43827.0,43531.95,0,0,0,
OFSS,NSE,30,,,,buy,cash,8df88a667721a268e057080d0cea7a1b,3160.5,2022-05-17,09:29:26,3148.3,2022-05-17,09:36:27,2,3160.5,3148.3,0,0,0,
PIIND,NSE,160,,,,sell,cash,3f5f1c166f340737f4265dcb24369285,2614.49,2022-05-19,09:35:26,2635.5,2022-05-19,09:51:15,4,2635.5,2614.49,0,0,0,
PIIND,NSE,72,,,,sell,cash,fee93d7c209da02a92bc2a9371c5f3b1,3191.67,2022-08-04,09:26:39,3159.6,2022-08-04,09:38:29,2,3159.6,3191.67,0,0,0,
PIIND,NSE,80,,,,buy,cash,93c33b9c34c3cc95b177de49e4204f95,3087.44,2022-09-22,12:14:58,3102.5,2022-09-22,12:48:47,4,3087.44,3102.5,0,0,0,
MINDTREE,NSE,66,,,,buy,cash,bdc265327121fb0893e314a5b1611837,2878.9,2022-05-24,11:25:24,2896.0,2022-05-24,12:11:20,2,2878.9,2896.0,0,0,0,
SHREECEM,NSE,20,,,,sell,cash,7b58316818b7b82d9cff8506c6724952,21700.0,2022-05-27,09:07:52,21944.36,2022-05-27,15:20:51,2,21944.36,21700.0,0,0,0,
SHREECEM,NSE,1,,,,sell,cash,8d2caf92a73d64cd349ab925694c8710,25158.0,2022-09-09,11:47:59,25214.95,2022-09-09,11:51:30,2,25214.95,25158.0,0,0,0,
SHREECEM,NSE,2,,,,sell,cash,73dd83b508016c78d392e51b6b3af0cf,25250.0,2022-09-09,11:51:30,25004.68,2022-09-09,13:20:13,4,25004.68,25250.0,0,0,0,
TORNTPHARM,NSE,80,,,,sell,cash,c9ba09e72fc480ebf7c31b4ffa903d4e,2915.0,2022-05-27,09:07:52,2947.25,2022-05-27,15:20:52,2,2947.25,2915.0,0,0,0,
TORNTPHARM,NSE,180,,,,sell,cash,c6c0db881edeaf86b970115809814c47,1573.7,2022-08-17,09:15:38,1567.58,2022-08-17,09:35:40,3,1567.58,1573.7,0,0,0,
TORNTPHARM,NSE,165,,,,sell,cash,5d05940790c27d3f6fa85489633042c0,1548.9,2022-09-30,09:07:08,1558.95,2022-09-30,09:30:48,2,1558.95,1548.9,0,0,0,
CROMPTON,NSE,454,,,,sell,cash,849eab44ccdcaa07216e21627b75d7be,353.4,2022-05-31,09:07:05,355.25,2022-05-31,09:32:42,2,355.25,353.4,0,0,0,
CROMPTON,NSE,30,,,,sell,cash,fab1bbb954087312c179c2af2b92685d,411.7,2022-08-25,10:33:19,408.5,2022-08-25,10:37:06,2,408.5,411.7,0,0,0,
CROMPTON,NSE,30,,,,buy,cash,6b4c7532efecaeee8a5ac517171d78f0,409.87,2022-08-25,10:38:38,409.9,2022-08-25,10:38:55,2,409.87,409.9,0,0,0,
CROMPTON,NSE,130,,,,sell,cash,6b259090f488b78551dc82a9b1e46e01,412.15,2022-08-25,12:39:44,409.5,2022-08-25,13:25:19,3,409.5,412.15,0,0,0,
BALKRISIND,NSE,240,,,,sell,cash,c02f5d66b769982b7900ada74851bc8e,2339.17,2022-06-01,09:07:15,2353.6,2022-06-01,12:17:19,3,2353.6,2339.17,0,0,0,
BALKRISIND,NSE,140,,,,sell,cash,2b33d124fc46ad2c0b0dcd2d9034cea3,2440.0,2022-08-03,09:07:20,2439.0,2022-08-03,09:19:29,2,2439.0,2440.0,0,0,0,
MRF,NSE,1,,,,buy,cash,7f31d41708dee7adf122b873356789aa,77050.0,2022-06-01,09:51:10,76800.0,2022-06-01,09:57:34,2,77050.0,76800.0,0,0,0,
MRF,NSE,4,,,,sell,cash,ce9579ac0520ce4d52fdc5bf0bfeb55d,89368.3,2022-10-31,09:07:19,90112.0,2022-10-31,09:24:27,2,90112.0,89368.3,0,0,0,
ASTRAL,NSE,125,,,,sell,cash,0ea066f4c1943f1d8be5c64ac95523dc,1814.06,2022-06-01,13:10:43,1799.83,2022-06-01,13:59:10,3,1799.83,1814.06,0,0,0,
ASTRAL,NSE,120,,,,sell,cash,eb377a34b079929b598b60ffffa638ba,1980.4,2022-08-05,09:07:55,1963.52,2022-08-05,10:30:31,3,1963.52,1980.4,0,0,0,
ASTRAL,NSE,155,,,,sell,cash,562853a70b0d36c3054a0ca7828d9d50,2456.1,2022-09-08,09:07:58,2473.0,2022-09-08,09:17:37,2,2473.0,2456.1,0,0,0,
ASTRAL,NSE,70,,,,buy,cash,f1737abdf58eee0fb2ffac04c307c1f5,2407.0,2022-09-14,09:20:46,2427.0,2022-09-14,09:27:22,2,2407.0,2427.0,0,0,0,
ASTRAL,NSE,135,,,,sell,cash,908ee9956657e8b91a3edfff389f3154,2505.45,2022-09-16,09:07:49,2485.0,2022-09-16,09:35:18,2,2485.0,2505.45,0,0,0,
METROPOLIS,NSE,85,,,,sell,cash,7b6d8c4405b85743dde8fcfa65963fc4,1654.45,2022-06-06,09:07:30,1686.0,2022-06-06,09:18:52,2,1686.0,1654.45,0,0,0,
METROPOLIS,NSE,90,,,,sell,cash,7d348dd9fc4e2422d6caa03666c8862e,1770.0,2022-11-02,09:07:38,1768.89,2022-11-02,09:17:17,2,1768.89,1770.0,0,0,0,
DALBHARAT,NSE,333,,,,sell,cash,e7f06bd786878d00479a256da1ea8640,1272.0,2022-06-09,09:29:59,1279.0,2022-06-09,09:43:22,2,1279.0,1272.0,0,0,0,
DALBHARAT,NSE,10,,,,sell,cash,225d452b113500bacdcc51b5d74368b5,1634.05,2022-09-08,12:00:01,1634.9,2022-09-08,12:02:47,2,1634.9,1634.05,0,0,0,
DALBHARAT,NSE,300,,,,sell,cash,a8b9bda38888ee72c92d564b34f00ff8,1654.0,2022-09-09,09:07:03,1666.98,2022-09-09,09:24:38,2,1666.98,1654.0,0,0,0,
DALBHARAT,NSE,15,,,,buy,cash,b2c8915f84bdfe06bfe39800ac10b06f,1749.9,2022-09-14,12:34:05,1753.67,2022-09-14,13:14:05,4,1749.9,1753.67,0,0,0,
BAJAJ-AUTO,NSE,125,,,,sell,cash,36aa8bb32957cf44a9d6923f3120da42,3800.8,2022-06-24,09:07:05,3830.0,2022-06-24,09:35:14,2,3830.0,3800.8,0,0,0,
BAJAJ-AUTO,NSE,65,,,,sell,cash,423c00f670fd5b62fe3e38fe667bee8e,3632.66,2022-10-12,11:43:17,3617.7,2022-10-12,13:49:44,5,3617.7,3632.66,0,0,0,
MCX,NSE,100,,,,sell,cash,25785835f407d0b5368aaa767e5acb16,1314.02,2022-07-01,09:29:14,1298.62,2022-07-01,10:05:34,2,1298.62,1314.02,0,0,0,
MCX,NSE,380,,,,sell,cash,ad079f08c2e8312274a9ad7ebc527f35,1319.01,2022-08-12,09:16:17,1313.0,2022-08-12,09:28:59,2,1313.0,1319.01,0,0,0,
BOSCHLTD,NSE,40,,,,sell,cash,d34282ea73d43268be17b97ce920ff17,15686.3,2022-07-04,09:15:18,15714.25,2022-07-04,09:21:14,2,15714.25,15686.3,0,0,0,
BOSCHLTD,NSE,15,,,,buy,cash,a200cc06fa8f47b91c5fdcbf00e66825,17582.0,2022-08-02,09:15:59,17739.0,2022-08-02,09:24:17,2,17582.0,17739.0,0,0,0,
MANAPPURAM,NSE,625,,,,buy,cash,48a512d2d8fa480dea5880d003560c55,91.15,2022-07-04,10:49:33,90.45,2022-07-04,12:15:49,2,91.15,90.45,0,0,0,
SIEMENS,NSE,130,,,,sell,cash,54995fe818f827beb306ec039db8eaf2,2655.0,2022-07-07,09:07:21,2643.35,2022-07-07,09:49:00,2,2643.35,2655.0,0,0,0,
NAM-INDIA,NSE,500,,,,sell,cash,97c0d7d268c8d108c073631e1ef24c9b,299.77,2022-07-11,13:16:07,301.0,2022-07-11,13:18:52,2,301.0,299.77,0,0,0,
NAM-INDIA,NSE,1000,,,,sell,cash,e7798b94ca5acc29b0e942a828d2e80b,297.74,2022-07-11,13:45:29,299.9,2022-07-11,15:18:43,2,299.9,297.74,0,0,0,
NAM-INDIA,NSE,250,,,,buy,cash,240bdccfe61c51e0b693e8fa28f9e7d5,317.3,2022-08-24,10:04:32,317.6,2022-08-24,10:24:40,2,317.3,317.6,0,0,0,
PERSISTENT,NSE,59,,,,sell,cash,f0a5271140e038beb55f2c41e8bb6df9,3515.0,2022-07-21,09:07:40,3471.0,2022-07-21,09:17:28,2,3471.0,3515.0,0,0,0,
PERSISTENT,NSE,22,,,,sell,cash,e086ab2b7b53b93f42f52a21ddf92340,3552.61,2022-07-21,09:54:18,3570.97,2022-07-21,10:17:54,2,3570.97,3552.61,0,0,0,
PERSISTENT,NSE,50,,,,buy,cash,6f522a5dd46752909d2d27d602ef1e67,3492.0,2022-10-06,10:50:44,3508.0,2022-10-06,11:05:14,2,3492.0,3508.0,0,0,0,
AARTIIND,NSE,350,,,,sell,cash,ed81d1a7e562abcd614aeecdd96c2c17,781.2,2022-07-22,09:07:52,771.55,2022-07-22,09:40:50,2,771.55,781.2,0,0,0,
AARTIIND,NSE,1,,,,sell,cash,9227b8362b5cf0123003906b38226bfc,766.4,2022-07-22,12:05:25,767.05,2022-07-22,12:06:04,2,767.05,766.4,0,0,0,
AARTIIND,NSE,340,,,,buy,cash,03f84ef68dd02a74f4001996436ca8a5,819.8,2022-08-10,09:34:41,815.0,2022-08-10,09:49:09,2,819.8,815.0,0,0,0,
RAMCOCEM,NSE,444,,,,sell,cash,ca0a5fd8b6072ad917bb57bb2e84f978,700.0,2022-07-25,09:07:20,692.4,2022-07-25,09:15:29,2,692.4,700.0,0,0,0,
DELTACORP,NSE,400,,,,sell,cash,730a7243738601c4e30fe34909f2eed7,193.64,2022-07-26,10:18:19,192.57,2022-07-26,10:47:35,2,192.57,193.64,0,0,0,
DELTACORP,NSE,100,,,,sell,cash,633562e7decec52a59734bc8540653bd,215.1,2022-08-24,10:54:58,214.8,2022-08-24,11:11:51,2,214.8,215.1,0,0,0,
DELTACORP,NSE,420,,,,sell,cash,0ded1bad5d66be0afc44f10f0ab8213d,215.54,2022-09-02,10:27:43,214.4,2022-09-02,12:04:48,5,214.4,215.54,0,0,0,
SPANDANA,NSE,200,,,,buy,cash,fc09ea0d3cb2b9841431e4c0057332c6,445.67,2022-07-28,10:11:34,442.0,2022-07-28,10:20:56,2,445.67,442.0,0,0,0,
BHARATFORG,NSE,380,,,,sell,cash,9fcd568cc658f2b20633b4d5fa812eb8,737.2,2022-07-29,09:07:23,739.3,2022-07-29,09:36:21,2,739.3,737.2,0,0,0,
BHARATFORG,NSE,1,,,,buy,cash,47098bb2773f69b2ae945f5d260ee3b2,735.0,2022-07-29,13:51:57,735.35,2022-07-29,13:52:47,2,735.0,735.35,0,0,0,
BATAINDIA,NSE,90,,,,sell,cash,a01ccb57398fdeca3a0d5cb3a5059744,1977.95,2022-08-01,09:07:51,1960.19,2022-08-01,09:23:18,2,1960.19,1977.95,0,0,0,
BATAINDIA,NSE,75,,,,sell,cash,c2e15095cba92f392a998a1f01faacf0,1969.0,2022-08-01,09:24:36,1954.15,2022-08-01,10:43:01,2,1954.15,1969.0,0,0,0,
BATAINDIA,NSE,82,,,,buy,cash,6c7cf6ae4ef5678c6896b6de9d4322bd,1918.0,2022-08-04,09:29:25,1905.5,2022-08-04,11:30:37,2,1918.0,1905.5,0,0,0,
BATAINDIA,NSE,130,,,,sell,cash,38f5008ff8e29004f38600217c9193dc,1971.25,2022-08-17,09:07:13,1955.0,2022-08-17,09:22:43,2,1955.0,1971.25,0,0,0,
BATAINDIA,NSE,5,,,,sell,cash,1be1cf0e47050c50a876bd6298f9fff9,1971.5,2022-09-13,10:42:11,1948.75,2022-09-13,11:41:25,2,1948.75,1971.5,0,0,0,
TATASTEEL,NSE,1400,,,,sell,cash,c62502564d2153c62851b8c28fa3a3a7,110.5,2022-08-01,09:07:51,111.35,2022-08-01,09:16:24,2,111.35,110.5,0,0,0,
TATASTEEL,NSE,500,,,,sell,cash,c44e07e90266b0c500cc7e0490c73792,112.0,2022-08-12,09:51:16,111.15,2022-08-12,10:29:44,2,111.15,112.0,0,0,0,
TATASTEEL,NSE,300,,,,buy,cash,4a2eb1ad87fb4029ab53c8581d52bf67,104.7,2022-08-29,10:45:13,104.6,2022-08-29,10:46:43,2,104.7,104.6,0,0,0,
NAVINFLUOR,NSE,55,,,,sell,cash,85acf18c921053618ce11b54e28a1245,4497.0,2022-08-08,09:07:18,4453.0,2022-08-08,10:01:37,3,4453.0,4497.0,0,0,0,
NAVINFLUOR,NSE,55,,,,buy,cash,813ad341d19e143648ec5292f50870c6,4503.5,2022-08-08,10:29:34,4455.53,2022-08-08,15:20:57,2,4503.5,4455.53,0,0,0,
TATAMTRDVR,NSE,42,,,,sell,cash,536ddbf6ba0703355b9d7ffd9514b0ad,226.7,2022-08-08,09:24:31,0.0,2022-08-08,09:24:31,1,0.0,226.7,1,0,0,
MGL,NSE,303,,,,sell,cash,85ef94fa88abdaffa236777a4d813c99,817.0,2022-08-08,09:27:44,822.0,2022-08-08,09:29:12,2,822.0,817.0,0,0,0,
MGL,NSE,612,,,,sell,cash,538ca50025ed6da4ff130ee5c5f3e042,822.0,2022-08-10,09:07:49,814.3,2022-08-10,09:16:29,3,814.3,822.0,0,0,0,
MGL,NSE,288,,,,sell,cash,a40603a4b50fc2965a21f4e8bcb0e8bf,848.1,2022-08-11,09:38:16,853.25,2022-08-11,10:06:16,2,853.25,848.1,0,0,0,
MGL,NSE,70,,,,sell,cash,6c9b89942b56acf53eae1715e286484b,904.14,2022-08-17,10:21:57,909.0,2022-08-17,10:44:24,2,909.0,904.14,0,0,0,
HINDPETRO,NSE,1000,,,,sell,cash,02473d5cc7527f2d682f84df6aad5193,236.65,2022-08-08,09:31:43,238.25,2022-08-08,09:41:53,2,238.25,236.65,0,0,0,
HINDPETRO,NSE,330,,,,sell,cash,87488929f25f6d3a7243cb950cc09d54,252.57,2022-09-08,12:01:57,250.4,2022-09-08,12:58:11,3,250.4,252.57,0,0,0,
TATACHEM,NSE,220,,,,buy,cash,c4af8af05bbbeaa20d5767c92f267b1c,1027.63,2022-08-10,09:28:26,1021.5,2022-08-10,09:32:00,2,1027.63,1021.5,0,0,0,
TATACHEM,NSE,200,,,,buy,cash,b50863e3e76548cd29ffc502cb5be1a2,1037.3,2022-08-10,10:58:43,1042.92,2022-08-10,11:16:10,3,1037.3,1042.92,0,0,0,
TATACHEM,NSE,70,,,,buy,cash,a3ca108bf856ad5d3d5b831fcdb5183b,1154.6,2022-08-19,09:31:57,1163.62,2022-08-19,09:40:17,4,1154.6,1163.62,0,0,0,
TATACHEM,NSE,45,,,,sell,cash,ffcb60b2b6ea1d42ec0e094a522ad753,1170.7,2022-08-19,09:41:27,1180.0,2022-08-19,09:49:10,3,1180.0,1170.7,0,0,0,
TATACHEM,NSE,20,,,,sell,cash,999c61f0839e449945c537f9154ac0ff,1184.55,2022-09-13,10:28:36,1182.6,2022-09-13,10:31:42,2,1182.6,1184.55,0,0,0,
TATACHEM,NSE,150,,,,buy,cash,0af7c7528004914283d8020c259888d9,1100.3,2022-09-29,10:52:23,1091.0,2022-09-29,11:15:36,4,1100.3,1091.0,0,0,0,
DIVISLAB,NSE,200,,,,buy,cash,57979c11a9db29a7b18f2870db857bf5,3847.8,2022-08-12,10:00:41,3836.35,2022-08-12,10:27:16,4,3847.8,3836.35,0,0,0,
DIVISLAB,NSE,50,,,,buy,cash,d5e954c32065e5ed81c94d5a80f11745,3835.46,2022-08-12,10:32:35,3862.0,2022-08-12,12:29:00,4,3835.46,3862.0,0,0,0,
DIVISLAB,NSE,240,,,,buy,cash,9876bd2bfc1862b12be016805afa0faa,3763.91,2022-08-12,12:33:23,3719.57,2022-08-12,13:38:08,9,3763.91,3719.57,0,0,0,
APOLLOHOSP,NSE,58,,,,sell,cash,d792abe8fd5eebddcce5faf3d8ddfd3c,4307.0,2022-08-16,09:30:31,4335.5,2022-08-16,09:59:01,2,4335.5,4307.0,0,0,0,
ASIANPAINT,NSE,23,,,,buy,cash,31f2f9688fb8e20f7cd289814eebe3d7,3493.85,2022-08-16,09:52:16,3478.35,2022-08-16,14:48:47,2,3493.85,3478.35,0,0,0,
DRREDDY,NSE,25,,,,sell,cash,5ba7222f2c8a7fe2414e8eac59a66914,4180.59,2022-08-18,09:41:24,4200.0,2022-08-18,09:45:45,2,4200.0,4180.59,0,0,0,
COFORGE,NSE,15,,,,sell,cash,8b06deaf69f254b82b6e9e27f94d050d,4055.0,2022-08-19,09:53:17,4016.0,2022-08-19,10:02:06,3,4016.0,4055.0,0,0,0,
COFORGE,NSE,53,,,,sell,cash,757334d453ff3cf375a24a7de4198192,3403.28,2022-09-22,10:57:57,3425.0,2022-09-22,11:01:58,5,3425.0,3403.28,0,0,0,
COFORGE,NSE,40,,,,sell,cash,ed007a932d7c7a93010c002639bc3e34,3425.9,2022-09-22,11:02:44,3390.82,2022-09-22,11:25:25,4,3390.82,3425.9,0,0,0,
MPHASIS,NSE,25,,,,buy,cash,13c211e14fc358744988154181b3895d,2275.45,2022-08-23,10:41:10,2261.05,2022-08-23,10:48:10,2,2275.45,2261.05,0,0,0,
LTTS,NSE,30,,,,buy,cash,c4642dcb2d86b5c0eda2357f16997adb,3543.17,2022-08-23,10:57:13,3570.77,2022-08-23,11:54:47,4,3543.17,3570.77,0,0,0,
SUNTV,NSE,140,,,,sell,cash,175cb204e7f5539e6f3aa973222003dd,505.29,2022-08-24,11:25:50,503.22,2022-08-24,12:47:22,6,503.22,505.29,0,0,0,
NMDC,NSE,350,,,,buy,cash,1735e27707978dee4bac680cc7e9750f,121.55,2022-08-24,12:55:39,122.1,2022-08-24,13:45:29,3,121.55,122.1,0,0,0,
BHEL,NSE,500,,,,buy,cash,05093fa01bcd39208268fd3306a3059b,58.15,2022-08-25,10:16:04,57.95,2022-08-25,10:20:02,2,58.15,57.95,0,0,0,
M&M,NSE,25,,,,sell,cash,20f6409b12c0484790ca0e4fe4242bec,1296.96,2022-08-26,10:32:40,1287.4,2022-08-26,10:49:28,3,1287.4,1296.96,0,0,0,
BEL,NSE,160,,,,sell,cash,abd5cd32b6df9661824da555c0853704,306.89,2022-08-26,11:10:18,306.3,2022-08-26,14:14:39,3,306.3,306.89,0,0,0,
DABUR,NSE,35,,,,sell,cash,a7a700d4dd4278b0d10bf5543ed3f3f7,579.02,2022-08-29,10:52:37,574.3,2022-08-29,13:14:35,3,574.3,579.02,0,0,0,
RELIANCE,NSE,10,,,,sell,cash,51dd8e864126c0980450ed6a16c10464,2627.1,2022-08-30,13:02:12,2622.0,2022-08-30,14:59:45,2,2622.0,2627.1,0,0,0,
RELIANCE,NSE,50,,,,sell,cash,b5ad425a2ce45e0195f621047da093bf,2595.64,2022-09-01,10:38:19,2575.0,2022-09-01,13:09:04,4,2575.0,2595.64,0,0,0,
RELIANCE,NSE,50,,,,sell,cash,8a185f5c20449e44253eb9c167cd29a9,2512.55,2022-09-19,11:01:19,2495.06,2022-09-19,11:40:29,5,2495.06,2512.55,0,0,0,
RELIANCE,NSE,40,,,,sell,cash,fe873ebefbc093f680b82a8a78364bdf,2512.0,2022-09-19,12:05:14,2514.7,2022-09-19,14:17:14,4,2514.7,2512.0,0,0,0,
RELIANCE,NSE,150,,,,sell,cash,5930f944c25679e2eeb6e3700b7a603c,2390.13,2022-09-27,11:42:31,2404.9,2022-09-27,12:40:12,4,2404.9,2390.13,0,0,0,
RELIANCE,NSE,20,,,,sell,cash,73edcc49e7f993c94ee56c4990468d57,2420.2,2022-09-27,13:25:15,2408.25,2022-09-27,14:27:33,2,2408.25,2420.2,0,0,0,
ADANIENT,NSE,35,,,,sell,cash,74073e677c97a3ff8656faa6daf54ec1,3259.3,2022-09-02,09:34:07,3263.0,2022-09-02,10:27:26,4,3263.0,3259.3,0,0,0,
ADANIENT,NSE,20,,,,sell,cash,c87f1091dfb3a0cc4e5585fae63c3581,3356.75,2022-09-02,12:20:31,3339.18,2022-09-02,13:09:01,5,3339.18,3356.75,0,0,0,
ADANIENT,NSE,45,,,,sell,cash,6c449950129e171b3537897e690fa0aa,3437.87,2022-09-06,12:54:22,3435.51,2022-09-06,14:18:27,6,3435.51,3437.87,0,0,0,
ADANIENT,NSE,125,,,,sell,cash,eb5c6de20cf97ca29257d1783e3f0696,3677.27,2022-09-15,12:40:05,3700.34,2022-09-15,14:01:38,13,3700.34,3677.27,0,0,0,
ADANIENT,NSE,10,,,,buy,cash,e0c893a611f4cc2ab2b3a8cb3fb6c026,3591.9,2022-09-26,11:45:06,3613.05,2022-09-26,12:40:00,3,3591.9,3613.05,0,0,0,
AMARAJABAT,NSE,450,,,,sell,cash,4f2123c2feebb8dbf67e596e9cda4d61,532.73,2022-09-05,11:16:12,529.0,2022-09-05,11:31:32,4,529.0,532.73,0,0,0,
AMARAJABAT,NSE,550,,,,sell,cash,cf5f7ed958f26da3c8fb42749865a200,535.82,2022-09-05,13:40:13,537.25,2022-09-05,14:38:32,7,537.25,535.82,0,0,0,
EXIDEIND,NSE,35,,,,buy,cash,1382d9840cc84923668eaf7a7dfd1705,169.06,2022-09-05,12:49:45,168.84,2022-09-05,12:55:07,8,169.06,168.84,0,0,0,
EXIDEIND,NSE,2900,,,,sell,cash,5be3e5861ab7181fe4d93df0ad282ece,172.85,2022-09-06,09:16:36,174.0,2022-09-06,09:23:54,2,174.0,172.85,0,0,0,
EXIDEIND,NSE,450,,,,sell,cash,5079226346d3c18a8176f5638d19269c,168.97,2022-09-20,10:56:17,167.83,2022-09-20,12:09:44,5,167.83,168.97,0,0,0,
DIXON,NSE,116,,,,sell,cash,8fe80631d5e69ea4155770ed2d3f994e,4245.9,2022-09-06,09:07:06,4205.0,2022-09-06,09:18:03,2,4205.0,4245.9,0,0,0,
APOLLOTYRE,NSE,250,,,,buy,cash,9a17ccea2058bce2414c28c3f7d94045,267.62,2022-09-06,11:02:50,267.65,2022-09-06,11:10:25,3,267.62,267.65,0,0,0,
APOLLOTYRE,NSE,500,,,,buy,cash,b0f19dc56ffbd86e9c442c3b9c245350,278.95,2022-09-22,11:31:03,277.61,2022-09-22,12:09:23,4,278.95,277.61,0,0,0,
TATAPOWER,NSE,550,,,,sell,cash,68fff5c4d3c3306b888b074bac12e04b,245.35,2022-09-06,11:14:09,245.71,2022-09-06,12:43:10,6,245.71,245.35,0,0,0,
TATAPOWER,NSE,500,,,,sell,cash,e6d2fcb46684d66c3be71e387734e6f1,247.2,2022-09-06,14:43:00,247.55,2022-09-06,15:10:17,5,247.55,247.2,0,0,0,
ULTRACEMCO,NSE,22,,,,sell,cash,1c20a53b5fe2b1810dabdc6e3cb4c36f,6848.22,2022-09-08,09:21:53,6880.0,2022-09-08,09:25:12,2,6880.0,6848.22,0,0,0,
ULTRACEMCO,NSE,21,,,,buy,cash,d344ea294a548f1aa177420a700b0fe8,6958.0,2022-09-09,09:32:08,6943.0,2022-09-09,09:33:45,2,6958.0,6943.0,0,0,0,
BSOFT,NSE,450,,,,sell,cash,98d590b429394ea351a0421e699a6351,340.13,2022-09-12,11:38:28,337.42,2022-09-12,13:35:27,4,337.42,340.13,0,0,0,
GODREJPROP,NSE,285,,,,sell,cash,98bb58eb9c278852174b8d20fc12754f,1470.0,2022-09-13,09:07:45,1454.78,2022-09-13,09:17:44,3,1454.78,1470.0,0,0,0,
TATACONSUM,NSE,435,,,,sell,cash,e67677a3bcab17f48276e267f5b724b8,847.33,2022-09-14,09:17:33,850.0,2022-09-14,09:18:39,2,850.0,847.33,0,0,0,
VEDL,NSE,530,,,,sell,cash,1aeaa550940bedb6b67b05ed13ad5355,298.28,2022-09-14,11:27:30,299.32,2022-09-14,13:27:15,8,299.32,298.28,0,0,0,
VEDL,NSE,300,,,,sell,cash,a61afc486f21604d3b8f2393dcf889e9,302.24,2022-09-14,13:29:02,304.0,2022-09-14,13:29:44,4,304.0,302.24,0,0,0,
VEDL,NSE,250,,,,sell,cash,ddedcb681bf15a8181741e7554ac569b,304.14,2022-09-14,13:30:57,309.0,2022-09-14,13:49:23,4,309.0,304.14,0,0,0,
VEDL,NSE,150,,,,sell,cash,99399a81f02e45983f2e5ff6dffe322f,313.77,2022-09-14,13:55:39,309.0,2022-09-14,14:02:32,3,309.0,313.77,0,0,0,
VEDL,NSE,60,,,,sell,cash,1fbad93851de0e025653987d3df1a997,317.22,2022-09-15,09:18:16,314.2,2022-09-15,09:36:55,3,314.2,317.22,0,0,0,
PVR,NSE,125,,,,sell,cash,4bc6b81d3d3eef43bd5b420fec48880f,1856.89,2022-09-15,09:57:44,1843.67,2022-09-15,10:45:18,6,1843.67,1856.89,0,0,0,
PVR,NSE,100,,,,buy,cash,094f9005c0af071334e8e15d82d634bf,1790.3,2022-09-16,10:16:49,1780.0,2022-09-16,11:42:31,2,1790.3,1780.0,0,0,0,
NATIONALUM,NSE,1100,,,,buy,cash,9e8df25ea3c7d4fddcd1b93f12b728f8,79.64,2022-09-15,10:48:57,79.5,2022-09-15,12:29:41,5,79.64,79.5,0,0,0,
ZEEL,NSE,500,,,,sell,cash,ae4fd2df4bd202c65bb85d7007ee7644,274.71,2022-09-20,10:19:18,273.1,2022-09-20,10:43:59,6,273.1,274.71,0,0,0,
HINDUNILVR,NSE,30,,,,sell,cash,82d807eb2ba74649f0f66fa23878a7bc,2635.65,2022-09-21,11:08:14,2633.53,2022-09-21,11:48:16,4,2633.53,2635.65,0,0,0,
INFY,NSE,130,,,,sell,cash,3295461e3c487f6359f4aadfae9006e0,1385.69,2022-09-21,13:48:43,1378.67,2022-09-21,14:49:21,6,1378.67,1385.69,0,0,0,
INFY,NSE,30,,,,sell,cash,64bc408d0ca37a4f831533bffc3bd813,1377.4,2022-09-21,14:50:44,1377.75,2022-09-21,14:51:35,2,1377.75,1377.4,0,0,0,
INFY,NSE,335,,,,sell,cash,905f5d80bdd14b681f9f586a902c40e6,1476.9,2022-10-17,09:07:34,1478.0,2022-10-17,09:18:28,2,1478.0,1476.9,0,0,0,
ESCORTS,NSE,120,,,,sell,cash,fd33ba834499e91e51decb57c0f29f51,2100.0,2022-09-30,09:07:08,2075.76,2022-09-30,09:30:43,2,2075.76,2100.0,0,0,0,
LUPIN,NSE,500,,,,sell,cash,9219f5304cf564dcc86a283f5c387300,670.08,2022-09-30,12:37:41,674.78,2022-09-30,14:55:33,4,674.78,670.08,0,0,0,
HINDALCO,NSE,700,,,,sell,cash,e8ab928911d6046181b9e389baa2e105,380.29,2022-10-03,09:40:35,381.08,2022-10-03,09:42:16,6,381.08,380.29,0,0,0,
HINDALCO,NSE,800,,,,sell,cash,2e8f3b49e4a1231db1fc3d20af67ff0e,381.31,2022-10-03,09:42:34,382.62,2022-10-03,10:14:31,4,382.62,381.31,0,0,0,
GLENMARK,NSE,700,,,,sell,cash,bff22c90a19b04c6fa3fe1f55c952bbe,405.39,2022-10-03,09:48:26,401.7,2022-10-03,10:03:18,5,401.7,405.39,0,0,0,
GLENMARK,NSE,735,,,,sell,cash,50261ff4ace9ec3311c96b836a431af2,414.35,2022-11-02,09:07:38,416.91,2022-11-02,09:27:47,2,416.91,414.35,0,0,0,
GODREJCP,NSE,350,,,,buy,cash,9ea2dc48ee3b81c1cb9ee3a6ba4259e0,839.03,2022-10-07,10:12:19,832.66,2022-10-07,10:55:31,4,839.03,832.66,0,0,0,
NAUKRI,NSE,5,,,,buy,cash,f876bdd270d41b31008a9566fe92c305,3898.62,2022-11-03,10:09:47,3914.54,2022-11-03,12:30:30,4,3898.62,3914.54,0,0,0,
ZYDUSLIFE,NSE,500,,,,sell,cash,494881503f130ea6c600fc90efc4369f,427.95,2022-12-22,09:07:09,423.0,2022-12-22,09:19:12,2,423.0,427.95,0,0,0,
